xi_d,s_bar,sigma_rel,n_real,seed,abs_err_xi_mm_median,abs_err_xi_mm_iqr,abs_err_xi_mm_p90,abs_err_xi_mm_p95,abs_err_s_pp_median,abs_err_s_pp_p95,bias_xi_mm,bias_s_pp,std_xi_mm,std_s_pp,crlb_xi_mm,crlb_s_pp,ratio_std_over_crlb_xi,ratio_std_over_crlb_s,boundary_hit_prob,coverage95_xi,coverage95_s,cond2,mass_coupling,n_starts,free_w,truth_model,corr_xi_s,ellipse_major,ellipse_minor,ellipse_angle_deg,n_real_requested,reduced
0.05,0.01,0.0001,5000,20260801,1.0368468019818011,0.6248385504748456,1.6456322332853042,1.8637916079054047,0.08744913242025891,0.282839588199711,0.20416129944678668,0.04911063434525187,1.029409218676459,0.14822844210194877,2.2024904842414355,0.34062641836408775,0.4673841844229351,0.43516425653018725,0.2322,1.0,1.0,1536.9255323349653,exact,1,False,self_consistent_linear,-0.9043396204426812,0.048667296644247626,0.0006324190777656402,178.4213827993444,5000,False
0.05,0.01,0.0003,5000,20260802,1.058,1.3485625564047048,2.798626101245938,3.1303346389929367,0.07781784254573924,0.2974023829620153,0.7317644024294867,0.053485667626834425,1.4884864713642185,0.1430994322340398,6.607471452722854,1.0218792550920386,0.22527323530861904,0.14003555852706992,0.2344,1.0,1.0,1536.9255323349757,exact,1,False,self_consistent_linear,-0.7029415177189792,0.07035154442443126,0.001017687285994829,179.18057010273512,5000,False
0.05,0.01,0.001,5000,20260803,1.058,2.705637320686384,4.6654042989235105,5.145411725828477,0.1363801778625052,0.4239291138385299,1.4990836614042329,0.12812573407429234,2.2233272183514816,0.18032993865979777,22.024904842399494,3.406264183638579,0.10094605330922564,0.05294067897786158,0.2188,1.0,1.0,1536.9255323349635,exact,1,False,self_consistent_linear,0.11812071035754053,0.10507239075147602,0.0017906712462263704,-179.88381385144342,5000,False
0.05,0.01,0.003,5000,20260804,1.7323343268761024,4.687581976614264,7.397739852913689,8.173092379358792,0.28415650322504304,1.3626838044699745,2.6674635878447304,0.3522867123915545,3.301609364340656,0.5074840975874775,66.07471452723594,10.21879255092153,0.04996781882394263,0.049661845571149464,0.1866,1.0,1.0,1536.92553233497,exact,1,False,self_consistent_linear,0.6478958299332195,0.15606534869214492,0.003864794769876564,-178.7920682034283,5000,False
0.05,0.05,0.0001,5000,20260805,0.3016447934298412,0.3728395817428754,0.7251621045204131,0.8579140616490804,0.22361024062379636,0.9403454790735608,-0.032539189935967626,0.10520036282851879,0.4347948058656899,0.39537539154855883,0.44064550116052076,0.34071804889342905,0.9867224440521416,1.1604181018077668,0.0146,0.9516,0.8998,315.37077528885976,exact,1,False,self_consistent_linear,-0.9660625685552963,0.020900781477986324,0.0010040467773258799,169.44507965812053,5000,False
0.05,0.05,0.0003,5000,20260806,0.7586038731043263,0.7012888590319375,1.1819415605025207,1.3897390191834333,0.4275486649352931,1.3984961765741883,0.04628920161793495,0.2455224143798867,0.838342307309675,0.6982077314923386,1.3219365034817991,1.0221541466804702,0.6341774397647666,0.6830747923489091,0.1898,1.0,1.0,315.3707752888617,exact,1,False,self_consistent_linear,-0.93704403555936,0.040157739093277744,0.0024055218587359993,170.58901354880592,5000,False
0.05,0.05,0.001,5000,20260807,1.0579999999999998,1.0620388117421964,2.360944151184744,2.6340475866820348,0.41624841803902835,1.4494302487374158,0.4915436814333727,0.2681687733722626,1.3275221431962905,0.7401587113840946,4.40645501160265,3.4071804889323114,0.30126760393576874,0.21723495828541622,0.2506,1.0,1.0,315.3707752888583,exact,1,False,self_consistent_linear,-0.8142113092253291,0.06302746845196407,0.004277348871958899,174.48762081350793,5000,False
0.05,0.05,0.003,5000,20260808,1.058,1.9610627288311209,3.6975380221159426,4.128262153016948,0.47859800379726514,1.6255475433856335,1.0920518469818707,0.42961640669866336,1.8602282171022717,0.7299872246253208,13.219365034813904,10.221541466801538,0.14071993716818174,0.07141654974411056,0.2396,1.0,1.0,315.3707752888583,exact,1,False,self_consistent_linear,-0.33501908303146277,0.08794670576052131,0.006875346263946137,178.39672534683632,5000,False
0.05,0.15,0.0001,5000,20260809,0.10102474250866966,0.1230730958851401,0.24581059899563554,0.29302913181458723,0.2335009352190831,0.7020211089733845,-0.003632012455337083,0.04012553168883216,0.16348505844198963,0.3957348144361809,0.14703285596994403,0.3409994855078928,1.11189473511559,1.1605144032600636,0.0,0.9456,0.9394,127.15294717551704,exact,1,False,self_consistent_linear,-0.6532132886567793,0.008209889053153235,0.002819843730474493,158.89368233459152,5000,False
0.05,0.15,0.0003,5000,20260810,0.2926936419649797,0.35604875694147586,0.7104970711034413,0.8514562766700827,0.6480159241982031,2.7823339732168466,-0.019851523105158794,0.2763082863729544,0.4269082600183992,1.165785098690027,0.44109856790979457,1.0229984565235912,0.9678296214865578,1.1395765958940556,0.0164,0.9532,0.9084,127.15294717551816,exact,1,False,self_consistent_linear,-0.9654284683722231,0.023150217121276524,0.002648318761103255,150.41929831192172,5000,False
0.05,0.15,0.001,5000,20260811,0.8104476588690794,0.6807931621251366,1.3035700319451489,1.5213612782258343,1.286705288450024,4.191295172184469,0.10703039197115104,0.6651796473754414,0.879957254634341,2.1115507105890305,1.4703285596995088,3.409994855079087,0.5984766117949705,0.6192240165535552,0.1928,1.0,1.0,127.15294717551869,exact,1,False,self_consistent_linear,-0.928563904073742,0.04610060652621907,0.007069955206202994,154.10262286152357,5000,False
0.05,0.15,0.003,5000,20260812,1.0579999999999987,1.0811457863417602,2.3717820267299277,2.6249547328136065,1.2376059302048743,4.368497650408989,0.5202452578107604,0.7508639192803527,1.3211618337856905,2.2173828387903876,4.410985679097961,10.229984565235949,0.2995162373902483,0.21675329270051982,0.2458,1.0,1.0,127.15294717551882,exact,1,False,self_consistent_linear,-0.8166181208124518,0.0651107492049906,0.012272650753740974,163.2130303585813,5000,False
0.09736842105263158,0.01,0.0001,5000,20260813,0.6585264870233338,0.8106087234633236,2.060315789473343,2.0603157894736834,0.013863463152007701,0.3998856004046104,-0.23508093086563353,0.08186952047345324,1.0116997723025838,0.13815439478639147,1.0099364124918342,0.03394934678458653,1.0017460107279414,4.069427187008955,0.1234,0.8712,0.7312,771.617504772461,exact,1,False,self_consistent_linear,-0.8697446056844895,0.04782699814242975,0.0006815795849659355,178.56007486762806,5000,False
0.09736842105263158,0.01,0.0003,5000,20260814,1.3308743376208003,1.3150189012911326,2.0603157894736843,2.14943490005365,0.07503772028644197,0.4153997906234078,-0.04943615941323725,0.13472904363705765,1.4739087005089708,0.14927629191238276,3.029809237475508,0.10184804035375979,0.48646914210911124,1.4656766236629128,0.1898,1.0,0.7422,771.6175047724612,exact,1,False,self_consistent_linear,-0.6821125806459053,0.06966286438828678,0.0010914620242551464,179.1622965378838,5000,False
0.09736842105263158,0.01,0.001,5000,20260815,2.060315789442594,1.48401962987097,3.61518827057453,4.1136077795574435,0.20509605178841384,0.5419381873808776,0.6120959775672977,0.22671598880889732,2.174046147955898,0.1887046445047015,10.099364124918399,0.3394934678458672,0.21526564653628266,0.5558417536044462,0.1952,1.0,0.9856,771.6175047724611,exact,1,False,self_consistent_linear,0.13039030017820866,0.1027434964236236,0.0018709308766265073,-179.8627410680541,5000,False
0.09736842105263158,0.01,0.003,5000,20260816,2.0603157894736843,3.1702889686050306,6.0512188225184635,6.81717642481949,0.3637976568672838,1.415779213196541,1.5388901584455943,0.4559169327423286,3.2001627442113176,0.4994638411914048,30.298092374755186,1.0184804035376016,0.10562258193118916,0.4904010322207097,0.1934,1.0,0.9872,771.6175047724614,exact,1,False,self_consistent_linear,0.6429227522032204,0.1512705335206499,0.0038246859209600022,-178.78285704872803,5000,False
0.09736842105263158,0.05,0.0001,5000,20260817,0.13449663213247007,0.1666048667510166,0.3377419968130678,0.434425631391397,0.019858856294627247,0.11582278728604625,-0.02239885706201047,0.017066737563663666,0.21715123107899162,0.06321084314465325,0.2022472564648556,0.033962474974074015,1.0736918506319806,1.8611966057511005,0.0002,0.935,0.8888,154.69289417708842,exact,1,False,self_consistent_linear,-0.8345334404976479,0.010275910090290052,0.0003478050269415197,177.05403551673166,5000,False
0.09736842105263158,0.05,0.0003,5000,20260818,0.3943647305745248,0.5012871664725522,1.3385160703156498,2.060315789463054,0.0371039097102701,1.957204405766681,-0.17865622717471868,0.22950101034940582,0.7439734685297132,0.5208138088756387,0.6067417693945634,0.10188742492222146,1.2261780975984007,5.111659356129729,0.0534,0.8872,0.7826,154.69289417708836,exact,1,False,self_consistent_linear,-0.8763647780799071,0.03545592007989647,0.0024875124205550607,172.56670487232938,5000,False
0.09736842105263158,0.05,0.001,5000,20260819,1.0663978735468274,1.1278819389334873,2.060315789473684,2.0603157894736843,0.20722231082258707,2.0415475678472603,-0.14999576242914958,0.5663018610786541,1.285149867292377,0.7436183253691301,2.0224725646485617,0.3396247497407411,0.6354350065142629,2.1895292552641856,0.1726,1.0,0.7248,154.6928941770884,exact,1,False,self_consistent_linear,-0.7831720541166447,0.06101505731021846,0.004602623229211468,174.49126338655034,5000,False
0.09736842105263158,0.05,0.003,5000,20260820,1.7728557247669512,1.1110042228925,2.7170948430456896,3.112499748965918,0.6912112185107983,2.2344655467393473,0.2505356063481121,0.8858053060537117,1.8313046947429361,0.7851857957404966,6.067417693945633,1.0188742492222145,0.30182604645305716,0.770640534236575,0.2074,1.0,0.871,154.69289417708836,exact,1,False,self_consistent_linear,-0.31956968820507453,0.08658222817047459,0.00743697999685499,178.32694177350467,5000,False
0.09736842105263158,0.15,0.0001,5000,20260821,0.04638689376107886,0.05776704998215616,0.11300576753930269,0.13721996870676972,0.02278274736200875,0.073996645587212,0.0011730911069349535,0.01608448078289186,0.14727343864065282,0.3505120170264318,0.06770335962194453,0.03400658179381513,2.175275192590552,10.307181684757872,0.0,0.944,0.9316,52.27338077265138,exact,1,False,self_consistent_linear,0.8131391348192177,0.007563224400096158,0.0018774977849264653,-156.17171836674248,5000,False
0.09736842105263158,0.15,0.0003,5000,20260822,0.1380903720838039,0.16502545211789083,0.3366340791264541,0.42013940824176416,0.060645442120953186,0.3234935030782649,-0.011736209390086676,0.05454802360364142,0.24598256954819214,0.33409935979153493,0.2031100788658336,0.1020197453814454,1.2110800750103512,3.2748499669584406,0.0,0.9406,0.8914,52.27338077265137,exact,1,False,self_consistent_linear,0.043514301978016055,0.011625875830265085,0.003337544591934502,-179.21913713713408,5000,False
0.09736842105263158,0.15,0.001,5000,20260823,0.4666488971639268,0.5880574540327257,1.7865849733085106,2.0603157894736817,0.12307630043776469,5.942361870149637,-0.21358408063306727,0.8914690253444689,0.8462699775374737,1.810473542863072,0.6770335962194476,0.3400658179381524,1.2499674791074493,5.323891574402054,0.0774,0.8624,0.7524,52.273380772651336,exact,1,False,self_consistent_linear,-0.8457121564788755,0.04297010471624211,0.008992219140199377,158.03932364598356,5000,False
0.09736842105263158,0.15,0.003,5000,20260824,1.1069351582921019,1.2121491455538114,2.060315789473681,2.0603157894736843,0.6763774303486223,6.131914121189617,-0.18486704580684576,1.7982916534629825,1.3112367842737642,2.2780113665913797,2.0311007886583337,1.0201974538144527,0.6455793782345564,2.2329122250541227,0.1822,0.9996,0.7104,52.27338077265139,exact,1,False,self_consistent_linear,-0.7780553323923423,0.06457837924236982,0.013731854715712949,163.25905498016095,5000,False
0.14473684210526316,0.01,0.0001,5000,20260825,0.3151795641747403,0.4049084470286829,0.8413986916265419,1.2228681537339603,0.01597667290890309,0.06540953221681083,-0.12760836554620442,0.01633012559286145,0.6758145703316573,0.06078043330458341,0.4762347237758239,0.028210307420798917,1.4190787370006661,2.154547002907567,0.0208,0.9186,0.9278,358.43518075595347,exact,1,False,self_consistent_linear,-0.44127355293388787,0.03193943319872735,0.0005454077410790485,179.5187188087618,5000,False
0.14473684210526316,0.01,0.0003,5000,20260826,0.9319781118603728,1.2436787114637213,3.0626315789473098,3.062631578947369,0.05457982203666001,0.3853851943116011,-0.40413537174447467,0.09858465980394038,1.4784523034617925,0.12958911355614078,1.4287041713274684,0.08463092226239656,1.0348204569796287,1.5312265315312552,0.13,0.8592,0.787,358.4351807559533,exact,1,False,self_consistent_linear,-0.5186308176588017,0.0698733798561886,0.0011079334354211184,179.4487436180483,5000,False
0.14473684210526316,0.01,0.001,5000,20260827,2.024007721095864,1.8687037136499671,3.062631578947369,3.2004835479164884,0.19943611668251232,0.533326102269196,-0.11463476242189591,0.21784534646096454,2.2129759053146065,0.1909676683092525,4.762347237758211,0.2821030742079876,0.464681761919638,0.676942882828908,0.182,1.0,0.9548,358.43518075595307,exact,1,False,self_consistent_linear,0.19337564252956682,0.10458363447694412,0.0018736194578191422,-179.7976231509719,5000,False
0.14473684210526316,0.01,0.003,5000,20260828,3.0624186852969215,1.8761879759656699,5.272083179453563,6.100900483916364,0.3648398622438138,1.480792463841844,0.7823405118394966,0.4660872174574276,3.259107237605617,0.5199884828486717,14.287041713274679,0.8463092226239657,0.22811631008100483,0.6144190196066365,0.1868,1.0,0.9642,358.4351807559534,exact,1,False,self_consistent_linear,0.6605346644554295,0.15406039809795333,0.003903079396141656,-178.7216908551258,5000,False
0.14473684210526316,0.05,0.0001,5000,20260829,0.06385873687550699,0.07934894080095546,0.15780180176729647,0.18661690362372957,0.018905059326362536,0.05442689660858492,-0.004209380449637561,0.0005825976073499556,0.09606942135918188,0.028016018026573025,0.09540062742166519,0.028289763568462304,1.0070103725268038,0.9903235125586396,0.0,0.95,0.9548,72.04858693113482,exact,1,False,self_consistent_linear,0.970062620380202,0.0045482714927386585,6.791667983739437e-05,-176.57359777855243,5000,False
0.14473684210526316,0.05,0.0003,5000,20260830,0.19460169565829782,0.24213312641480053,0.4973564095820648,0.6160811858720593,0.05550096165542508,0.15280973220636798,-0.0419366126951363,0.014629179992876107,0.3467248725008455,0.12390987555668516,0.28620188226499504,0.08486929070538675,1.2114695744027708,1.4600083790828766,0.0024,0.9314,0.9622,72.04858693113482,exact,1,False,self_consistent_linear,0.1266717105413004,0.016386619522774894,0.0012290607327381207,-179.4480805385738,5000,False
0.14473684210526316,0.05,0.001,5000,20260831,0.6535252823152184,0.8137320448013194,2.6218138365928674,3.062631578947368,0.16010063414850056,1.8717577270740073,-0.31656905134354774,0.32172995792974424,1.2172805867002447,0.5572951497814875,0.9540062742166513,0.2828976356846229,1.2759670660444782,1.9699533664634998,0.0866,0.8636,0.8324,72.04858693113484,exact,1,False,self_consistent_linear,-0.5732885388222643,0.05761664756601545,0.00455914761684212,176.80117194822375,5000,False
0.14473684210526316,0.05,0.003,5000,20260832,1.5892000430169975,1.6243621392306036,3.062631578947368,3.062631578947369,0.6342629756881105,2.109202712948257,-0.3331854095820801,0.800675975780192,1.882690266852461,0.7592830344403212,2.8620188226499508,0.8486929070538678,0.6578189674899737,0.8946499117991666,0.1712,1.0,0.8092,72.04858693113488,exact,1,False,self_consistent_linear,-0.17696516672045298,0.0889842375322698,0.007472135512406269,179.12865272753797,5000,False
0.14473684210526316,0.15,0.0001,5000,20260833,0.022096840309485534,0.027195726420939217,0.05266899588498395,0.06211392690110505,0.020028675520204764,0.05547986459027586,-0.00022279512888841114,0.0004425100815971733,0.03223176600787023,0.028964545661092345,0.03198022782318183,0.028568411805731324,1.0078654281664017,1.0138661490199308,0.0,0.953,0.9522,24.865165911562148,exact,1,False,self_consistent_linear,0.9754821337664766,0.0015492668149029436,6.267391569017236e-05,-169.47428499097535,5000,False
0.14473684210526316,0.15,0.0003,5000,20260834,0.06381722500707851,0.07927109813159236,0.15951820363087077,0.1901365260258928,0.05671811085667944,0.16729544130920512,-0.003954743838960193,0.004844858251115452,0.11736213643624704,0.21970323880238146,0.0959406834695457,0.08570523541719417,1.2232780942560317,2.563475121827909,0.0,0.9474,0.951,24.865165911562155,exact,1,False,self_consistent_linear,0.8315046555903823,0.005852504600067573,0.0011566581043080297,-160.99889337575053,5000,False
0.14473684210526316,0.15,0.001,5000,20260835,0.21575439535135937,0.27000685840998456,0.5365653883933018,0.6655742088044442,0.1831643901637911,0.538638804178586,-0.04569716249242057,0.06632708416815403,0.3930894095623742,0.5331829026321395,0.31980227823181884,0.28568411805731364,1.2291638813074084,1.8663372197861308,0.0026,0.9408,0.9544,24.86516591156215,exact,1,False,self_consistent_linear,0.26009328487045463,0.018632959460642577,0.005132865550839214,-175.3793976523087,5000,False
0.14473684210526316,0.15,0.003,5000,20260836,0.6480670706653433,0.8838755398544142,3.0195333350122966,3.062631578947366,0.4636265632422032,5.640980555517811,-0.3542401793240871,1.0302307456886222,1.2539645727384627,1.76302605678005,0.9594068346954545,0.8570523541719395,1.3070206792267745,2.0570809335019415,0.0978,0.8522,0.8188,24.865165911562155,exact,1,False,self_consistent_linear,-0.5749575742707624,0.06017385314268048,0.014205976215021815,169.71394245357243,5000,False
0.19210526315789472,0.01,0.0001,5000,20260837,0.19141811808849218,0.2337491577423684,0.47859723375659957,0.5822754776732147,0.023085008156714572,0.06520810380604423,-0.02876347041597363,-0.0008772928064532152,0.29837376153740297,0.03360630977968706,0.2883507806563737,0.03416345450063548,1.0347596800612568,0.9836917920306314,0.0,0.9452,0.9544,198.48347467580516,exact,1,False,self_consistent_linear,0.9693042054547825,0.014104601609254546,8.260394947910742e-05,-178.67658439953263,5000,False
0.19210526315789472,0.01,0.0003,5000,20260838,0.5922176839728532,0.7503274940284855,2.044684612256592,4.064947368417676,0.06538154626633298,0.24089788145639537,-0.31442280058629146,0.032546747743743235,1.3012534774835942,0.09967563121146122,0.8650523419691197,0.10249036350190627,1.5042482568413713,0.9725366152068269,0.0564,0.8782,0.9212,198.48347467580513,exact,1,False,self_consistent_linear,0.03401797094162559,0.06149592038464628,0.0009961792593570914,-179.96839995305928,5000,False
0.19210526315789472,0.01,0.001,5000,20260839,1.8773145735119354,2.124497005990179,4.064947368420991,4.064947368421053,0.15407373149917206,0.5086058643670256,-0.5445391780939244,0.1524050951925937,2.3339777409408,0.20442968020031368,2.8835078065637427,0.34163454500635554,0.8094230699247476,0.5983870284444175,0.1536,1.0,0.9852,198.48347467580524,exact,1,False,self_consistent_linear,0.3932100078948528,0.11030433538293893,0.0018795760864716159,-179.58233456898853,5000,False
0.19210526315789472,0.01,0.003,5000,20260840,3.211948630615291,1.9812294555313361,4.676824205749882,5.520752608511182,0.2979576892817004,1.472358081910737,0.05259242945624335,0.3907183166643568,3.421045337645841,0.5403824368196015,8.650523419691217,1.024903635019065,0.3954726404021407,0.5272519467740491,0.1762,1.0,0.9852,198.48347467580524,exact,1,False,self_consistent_linear,0.68676170257504,0.16171772331521808,0.003926911072266839,-178.6842702373237,5000,False
0.19210526315789472,0.05,0.0001,5000,20260841,0.03824498077442404,0.047408828420510286,0.09387062590624505,0.11230717305312198,0.022880025583044486,0.0667492200592637,-0.0004376067136850038,0.00020718051944955277,0.05735281633286366,0.03402109711913405,0.05778119524134791,0.03427918473704845,0.9925861881760157,0.9924710106178382,0.0,0.9522,0.9522,40.33452959044119,exact,1,False,self_consistent_linear,0.9791304818579106,0.002730841439243783,6.862531336415406e-05,-172.9890677613172,5000,False
0.19210526315789472,0.05,0.0003,5000,20260842,0.1184701256980565,0.142641020838975,0.2812593691666935,0.33841921575521955,0.07071296750223478,0.19778840563328814,-0.007908219142890019,-0.00042311830699955013,0.1732236231195047,0.10097764168921007,0.17334358572404276,0.10283755421114478,0.9993079489844576,0.9819140727703816,0.0,0.9512,0.9534,40.3345295904412,exact,1,False,self_consistent_linear,0.976584048447753,0.008245593423601226,0.00021567922292047907,-173.12651226213057,5000,False
0.19210526315789472,0.05,0.001,5000,20260843,0.3793447099774464,0.4759705747651519,1.0393384855531025,1.4016751906488016,0.22744461983886383,0.6215146683573864,-0.1540260727242379,0.03671015252483635,0.8072327319897127,0.3486293837405717,0.5778119524134804,0.34279184737048524,1.3970509412585834,1.0170293909113226,0.0172,0.92,0.9596,40.33452959044115,exact,1,False,self_consistent_linear,0.27470278483265975,0.03816110746336812,0.0033511092835434245,-178.55076735481788,5000,False
0.19210526315789472,0.05,0.003,5000,20260844,1.178195932903821,1.6729127173005347,4.064947368413594,4.064947368421053,0.5422616586093023,1.6785539875625217,-0.55052395580328,0.4697514726390904,1.9377015422229742,0.736633687358052,1.7334358572404338,1.0283755421114513,1.1178386175233064,0.7163080578964396,0.1238,0.8494,0.9834,40.33452959044115,exact,1,False,self_consistent_linear,0.16022093723293054,0.09158145054215376,0.007270564809264645,-179.25690520402708,5000,False
0.19210526315789472,0.15,0.0001,5000,20260845,0.012960815653292204,0.016534656123095237,0.032590374278543166,0.039133350636091,0.023312845623547906,0.06977944385909873,-8.961529153746033e-05,-9.71361460434639e-05,0.01974058242104833,0.03515532003848772,0.019396156748553647,0.03470300164437462,1.017757418490669,1.01303398474715,0.0,0.9434,0.9436,15.158673872732255,exact,1,False,self_consistent_linear,0.9801009207217151,0.0009948096920029477,6.544183983480637e-05,-159.63714548307055,5000,False
0.19210526315789472,0.15,0.0003,5000,20260846,0.039370099175262664,0.04763984912314349,0.09675246749525447,0.11626360630281399,0.07069905623739436,0.2065832983078364,-0.001097523492659997,-4.3202240795385195e-05,0.05877534556316585,0.10465461401575102,0.058188470245661,0.10410900493312397,1.010085766390269,1.0052407482232446,0.0,0.9458,0.9468,15.158673872732262,exact,1,False,self_consistent_linear,0.9799755339575681,0.0029618368410161133,0.00019542816823849506,-159.64190535612113,5000,False
0.19210526315789472,0.15,0.001,5000,20260847,0.1322228724337417,0.16089177516243086,0.3225576407692964,0.38403341580376765,0.2350948937751493,0.6828623896821259,-0.007603391402857995,0.0015374930020382817,0.198150934684116,0.3467078697856841,0.1939615674855374,0.34703001644374787,1.0215989551584281,0.9990717037639422,0.0,0.9468,0.9492,15.158673872732267,exact,1,False,self_consistent_linear,0.9775596600618156,0.00996200103661351,0.0006865577784787345,-160.0041824874658,5000,False
0.19210526315789472,0.15,0.003,5000,20260848,0.3919751897841196,0.5150829514950609,1.0599086584591488,1.4474631679797714,0.7024076705337126,1.9416138961913527,-0.14093162621367106,0.14122671954722113,0.8301006757701351,1.0672703401433383,0.5818847024566118,1.041090049331243,1.4265724331050469,1.02514699936755,0.0154,0.9164,0.9562,15.158673872732253,exact,1,False,self_consistent_linear,0.33241995909216093,0.039400965275947164,0.010022012024961103,-174.47374592131618,5000,False
0.23947368421052628,0.01,0.0001,5000,20260849,0.14467782290113512,0.1808676295991528,0.35702543956423893,0.4221757991196179,0.022158241552124557,0.06392099520574696,-0.004380681270598718,0.00023091833482012813,0.2162646442542921,0.03256990512750182,0.21259571823751927,0.032055891225269605,1.0172577606321955,1.0160349278271514,0.0,0.9474,0.9462,128.097611367894,exact,1,False,self_consistent_linear,0.9697159413461028,0.010225325483256097,7.950932263180933e-05,-178.22988337862253,5000,False
0.23947368421052628,0.01,0.0003,5000,20260850,0.43027729359475375,0.5182485191054115,1.0938543885329843,1.426354042147771,0.06430377912087157,0.18199569334159807,-0.11536132980035141,-0.0010418525178480071,0.8008193523269613,0.0922819913601777,0.6377871547125578,0.09616767367580882,1.2556216386764327,0.9595947144491593,0.0062,0.9288,0.9576,128.09761136789393,exact,1,False,self_consistent_linear,0.7681696411820357,0.0378525451033417,0.0005907284491925809,-178.92667103721698,5000,False
0.23947368421052628,0.01,0.001,5000,20260851,1.4463455511341057,2.0371058927315673,5.067263157706977,5.067263157894736,0.1505684344944613,0.47705353272261125,-0.6300774010169317,0.08068303558129912,2.381553014304958,0.21777350827265513,2.1259571823752,0.3205589122526972,1.1202262369386935,0.6793556502368708,0.1084,0.8548,0.9856,128.0976113678939,exact,1,False,self_consistent_linear,0.5816326614651167,0.11255689335326766,0.0017713698095467205,-179.35505731422793,5000,False
0.23947368421052628,0.01,0.003,5000,20260852,3.49526005528583,2.860237874652012,5.067263157894736,5.24574779451067,0.3031966713098938,1.443197473393627,-0.3770237378237097,0.3153380873916977,3.642373375586383,0.5712760806432917,6.377871547125573,0.9616767367580875,0.5710954428406378,0.5940416969730629,0.1594,1.0,0.9832,128.09761136789396,exact,1,False,self_consistent_linear,0.7093470386859112,0.17218256627313291,0.004025577217121169,-178.65067700425732,5000,False
0.23947368421052628,0.05,0.0001,5000,20260853,0.02792795336438364,0.03512925367372694,0.06856471059955759,0.08149290698460092,0.021164028691986886,0.061403797243571666,3.478275715757188e-05,3.7543383927908504e-05,0.041602897454016304,0.03145768871699431,0.04261468599196831,0.03220687121736493,0.9762572804562564,0.9767384265514534,0.0,0.9546,0.9562,26.246992368593215,exact,1,False,self_consistent_linear,0.9677678088652396,0.0019895777630817516,7.828988370695026e-05,-171.1843225848033,5000,False
0.23947368421052628,0.05,0.0003,5000,20260854,0.0834708030078799,0.10532781940561499,0.215386859764018,0.2611014242551813,0.06399336371765325,0.19465160913330815,-0.00043592099991672,0.0015590964641751964,0.12940925343008366,0.09783352297362403,0.1278440579759049,0.09662061365209478,1.0122430051029339,1.0125533183415356,0.0,0.9404,0.9438,26.246992368593197,exact,1,False,self_consistent_linear,0.9699283472524818,0.006189035721119518,0.00023529799986377514,-171.16748816313935,5000,False
0.23947368421052628,0.05,0.001,5000,20260855,0.2846786508442847,0.35236242654652583,0.7132150740034794,0.8667290813245164,0.21368366980457215,0.6375819028523592,-0.03438874542613067,-0.003107856083758834,0.44777883760300596,0.32053559832501716,0.426146859919683,0.3220687121736493,1.0507617906357447,0.9952397926570231,0.0002,0.941,0.9468,26.246992368593187,exact,1,False,self_consistent_linear,0.9486955610633886,0.021379429851484978,0.001003176892744864,-171.8044369397328,5000,False
0.23947368421052628,0.05,0.003,5000,20260856,0.8498633987971581,1.1365289760660529,3.2630588089851518,5.067263157893335,0.5726231539218131,1.4951920376774879,-0.4469128123437993,0.1559835581275069,1.776994312801293,0.7767030672473452,1.2784405797590463,0.966206136520946,1.3899702034929236,0.8038689032177425,0.0618,0.8708,0.9818,26.246992368593183,exact,1,False,self_consistent_linear,0.5292345536077002,0.08408010006491524,0.0065822066872607,-177.18044266044393,5000,False
0.23947368421052628,0.15,0.0001,5000,20260857,0.009822094813780609,0.011901644190085194,0.023730962034888094,0.028469813878278467,0.022257017853440086,0.06514529139464391,-0.00017634834122490483,-0.0003320665933545536,0.01438123724726849,0.032999532521067604,0.014325462790083492,0.032778032070915446,1.0038933790832647,1.006757588426082,0.0,0.9466,0.9468,10.500751256855676,exact,1,False,self_consistent_linear,0.9711484068299343,0.0007521666105742204,7.110806911948711e-05,-154.51040856902407,5000,False
0.23947368421052628,0.15,0.0003,5000,20260858,0.028761873137328194,0.035424808074872555,0.07110676940374938,0.08578627093694516,0.06618996521769033,0.1962524069940102,-0.00038385358643815273,-0.00036455732783075804,0.043251879526365014,0.09937388916657214,0.04297638837025047,0.09833409621274633,1.006410291012384,1.0105740835973742,0.0,0.9462,0.9444,10.500751256855684,exact,1,False,self_consistent_linear,0.97041820556039,0.0022624391539672497,0.00021675851316428415,-154.4919368905182,5000,False
0.23947368421052628,0.15,0.001,5000,20260859,0.09526195745562391,0.11996863936227922,0.23558990260569693,0.2775330310761245,0.21724619240964943,0.6297685691840741,-0.0032310719986195957,0.0017319409457712321,0.14271727998906678,0.324164256279768,0.143254627900835,0.3277803207091547,0.9962490013785789,0.988968024616111,0.0,0.9528,0.956,10.500751256855681,exact,1,False,self_consistent_linear,0.9691759806703379,0.007448210220650246,0.0007232042936866682,-154.76897680069777,5000,False
0.23947368421052628,0.15,0.003,5000,20260860,0.2869764756853148,0.36523330285886446,0.7248904823319336,0.895925726022067,0.6625398723224387,1.9518160815131698,-0.0497404069609734,-0.03472355102800206,0.46932059345901933,0.9892350838545142,0.4297638837025055,0.9833409621274646,1.0920428897275511,1.0059939755934684,0.0004,0.9364,0.9456,10.50075125685568,exact,1,False,self_consistent_linear,0.9314710238115779,0.02405794438720229,0.003317998321999344,-156.97661910106444,5000,False
0.28684210526315784,0.01,0.0001,5000,20260861,0.11980331938653102,0.15235203043047849,0.3027466973893738,0.35536317256425287,0.019956423770159902,0.05931011096137896,-0.007153345868276387,-0.0005915698109702612,0.18152304946556286,0.030048283539807475,0.17990944909438694,0.029806324396894006,1.0089689584360262,1.0081177115195956,0.0,0.9478,0.9462,92.99507470800428,exact,1,False,self_consistent_linear,0.9502533446166249,0.008583345221416764,9.354200257899194e-05,-178.09341183696287,5000,False
0.28684210526315784,0.01,0.0003,5000,20260862,0.3560036728046786,0.4431782922216845,0.8923306355754291,1.0892991620711376,0.06004130525341907,0.17664592806543747,-0.03796500011204971,-0.0010231324279481482,0.5655067276787993,0.09007467149883233,0.5397283472831589,0.08941897319068172,1.047761768536712,1.007332876734699,0.0,0.9442,0.9494,92.99507470800424,exact,1,False,self_consistent_linear,0.9464569161252538,0.026738866205980254,0.0002906403445103075,-178.17270719442075,5000,False
0.28684210526315784,0.01,0.001,5000,20260863,1.2313779459933458,1.5630218323458867,4.987849156980599,6.069578947368417,0.1714894713431653,0.46925298718802116,-0.5901904149289825,0.03995629367937591,2.390104376829398,0.24325085896316334,1.799094490943863,0.2980632439689391,1.3285040829486794,0.8161048498435866,0.0792,0.8562,0.9772,92.99507470800425,exact,1,False,self_consistent_linear,0.6955490546108748,0.11296656701537479,0.001747509310662154,-179.1416289847985,5000,False
0.28684210526315784,0.01,0.003,5000,20260864,3.6034842707760393,3.476495572042288,6.069578947368146,6.069578947368421,0.3339102166207425,1.540326507903614,-0.6291855608421462,0.2712381702170767,3.9278793587338354,0.6268744171243956,5.397283472831586,0.8941897319068167,0.7277511693624544,0.7010530257237645,0.1418,1.0,0.969,92.99507470800425,exact,1,False,self_consistent_linear,0.7394654317911448,0.1856854692666017,0.00421876838180797,-178.56875951495738,5000,False
0.28684210526315784,0.05,0.0001,5000,20260865,0.024518755743381738,0.03051252113702725,0.06063499943075248,0.07274685640374612,0.02070114484513698,0.060588995658443716,1.5566472259756627e-05,0.00015266896873772077,0.036755493551760436,0.03071481674262099,0.03606907423112311,0.030009219190631486,1.0190306886236917,1.0235126927997442,0.0,0.943,0.9422,19.11265034217836,exact,1,False,self_consistent_linear,0.9532657209394868,0.0017615986921660502,9.150524385043401e-05,-170.4060137721695,5000,False
0.28684210526315784,0.05,0.0003,5000,20260866,0.07260072970047551,0.09045398746639297,0.18242681472942407,0.21612522669088016,0.060423541776980644,0.17901249560087784,-0.0021132210592420884,-0.00028223698213494737,0.10889193846602244,0.09054308926693713,0.1082072226933693,0.09002765757189442,1.0063278194894016,1.005725259425206,0.0,0.9462,0.9458,19.112650342178387,exact,1,False,self_consistent_linear,0.9525875275194943,0.005218099220754174,0.00027169059091395925,-170.45941736426389,5000,False
0.28684210526315784,0.05,0.001,5000,20260867,0.2509228656222713,0.29331182528728683,0.5902509759462293,0.6928989448503935,0.2107627774757148,0.5641005494948005,-0.015822347874245368,-0.001975487588454266,0.3633834051670277,0.29950122482566316,0.3606907423112316,0.30009219190631525,1.0074652951682155,0.998030714904983,0.0,0.9534,0.9574,19.11265034217837,exact,1,False,self_consistent_linear,0.9504569310506801,0.01740812741240392,0.0009184501897050269,-170.56167658597715,5000,False
0.28684210526315784,0.05,0.003,5000,20260868,0.7455102247511687,0.9095089208904452,1.9607443854618625,2.73403223391545,0.6004792508315895,1.6385999730631877,-0.23420710794925523,0.04409604402528292,1.4671475044867712,0.8526618493380345,1.082072226933693,0.900276575718944,1.355868368088773,0.9471110015909441,0.0206,0.9154,0.97,19.112650342178366,exact,1,False,self_consistent_linear,0.7518936033574793,0.06963359874679029,0.0055974336096530335,-174.68273767786238,5000,False
0.28684210526315784,0.15,0.0001,5000,20260869,0.008132871596190996,0.010249117020303513,0.01986714948661797,0.023595825550233415,0.02080202567521644,0.05986881061872007,3.635221672127731e-05,0.000339819430718617,0.012091419877464909,0.03066100834649283,0.012135825047202432,0.030797321512683204,0.9963409846825568,0.9955738629369363,0.0,0.9514,0.9526,7.8678779390786024,exact,1,False,self_consistent_linear,0.952811167042294,0.0006431968762438511,8.269017084475202e-05,-152.42721459511992,5000,False
0.28684210526315784,0.15,0.0003,5000,20260870,0.024114512579641402,0.030252037549550186,0.05951065159389231,0.06998106610576137,0.061862357747051455,0.1821970878903599,-0.0011417948602816628,-0.0016344783870066112,0.03616020307526113,0.09182783839855017,0.036407475141607276,0.09239196453804957,0.9932082061339224,0.9938942077666605,0.0,0.9546,0.949,7.867877939078598,exact,1,False,self_consistent_linear,0.9527109581088165,0.0019240926777544154,0.0002478350983323408,-152.39311707144967,5000,False
0.28684210526315784,0.15,0.001,5000,20260871,0.08346698265836888,0.10200823500771039,0.1991628016201421,0.23731101130217852,0.20712658904281783,0.602391607667041,-0.002286172126785482,0.0016296012779469244,0.12180923907323768,0.30846973915606685,0.12135825047202414,0.3079732151268316,1.0037161758632758,1.001612231209882,0.0,0.95,0.9502,7.867877939078599,exact,1,False,self_consistent_linear,0.9541379388936435,0.0064792297241436925,0.0008204613878446329,-152.44076679205983,5000,False
0.28684210526315784,0.15,0.003,5000,20260872,0.24568757257777912,0.30460708745852666,0.6040535013293088,0.7413283479972747,0.6199065974996267,1.8218023734623583,-0.017276213024977175,-0.0028553546716160874,0.3736446976131271,0.9272491700520546,0.36407475141607337,0.9239196453804971,1.0262856629300199,1.0036036950704585,0.0,0.943,0.9488,7.867877939078597,exact,1,False,self_consistent_linear,0.9518956355751358,0.01978267858450879,0.002536150696697113,-152.9610659392736,5000,False
0.33421052631578946,0.01,0.0001,5000,20260873,0.1145103478153367,0.1364325705452755,0.269432873229711,0.32320169111065444,0.01958433458841436,0.05666642463339638,-0.00042837938274794196,0.0003742807463992903,0.1656180453199547,0.028693915651194293,0.16568117244969072,0.028725576412655558,0.9996189842889046,0.9988978198032846,0.0,0.9504,0.9492,72.9753779174617,exact,1,False,self_consistent_linear,0.9299063471517546,0.007831487428372997,0.00010547390306195076,-178.04714353278118,5000,False
0.33421052631578946,0.01,0.0003,5000,20260874,0.3351969910484587,0.3999424712841788,0.8286889892240675,0.9978253080994803,0.058598723382660006,0.17511736423216356,-0.01668181700645499,0.000944064596743058,0.5083548893376637,0.08734218991262481,0.4970435173490725,0.08617672923796674,1.0227573071446925,1.0135240764527023,0.0,0.945,0.9432,72.97537791746166,exact,1,False,self_consistent_linear,0.9272873184608544,0.024037983766801017,0.00032678016908071946,-178.0688076168274,5000,False
0.33421052631578946,0.01,0.001,5000,20260875,1.1107864558475422,1.4112044292888428,3.2815090357774297,6.0938006294279345,0.18468877050234817,0.5059699974809154,-0.44781421520440146,0.018218233347901226,2.2203066921139234,0.2650409856934127,1.6568117244969063,0.28725576412655546,1.340108027535913,0.9226655085557983,0.0442,0.8992,0.9678,72.9753779174617,exact,1,False,self_consistent_linear,0.7629811234501812,0.10494891734258091,0.001712961802122555,-178.89563120341194,5000,False
0.33421052631578946,0.01,0.003,5000,20260876,3.4200549278193106,4.112814134424012,7.071894736838179,7.071894736842103,0.38500165965693617,1.4954619583508066,-1.0270773216466815,0.209615666036504,4.150223751979345,0.6607662470388792,4.970435173490723,0.8617672923796669,0.8349819698110365,0.7667571662116027,0.1312,0.9998,0.9654,72.97537791746174,exact,1,False,self_consistent_linear,0.7263163355536246,0.19619407736190778,0.004540486971745688,-178.59755284408112,5000,False
0.33421052631578946,0.05,0.0001,5000,20260877,0.02279821870126383,0.027779131492925373,0.05517298857825324,0.06576455291432513,0.020043172142512194,0.056877762108725374,0.0005162473954256046,0.00034167275544510746,0.03371712246574834,0.029430940115774188,0.033206777486581227,0.029007057373688028,1.0153686993377584,1.014613090070648,0.0,0.9474,0.9498,14.987308503284268,exact,1,False,self_consistent_linear,0.9309341890141967,0.0016169231444717103,0.00010591680982176816,-170.20124711022692,5000,False
0.33421052631578946,0.05,0.0003,5000,20260878,0.06765094506063546,0.08317558321548005,0.16364859302399606,0.1947947523580816,0.058438163204784996,0.16988349943021158,-0.00047574336017412895,0.0007783263953535056,0.09931593893594222,0.0872701755239005,0.09962033245974371,0.08702117212106412,0.9969444638831686,1.002861411731963,0.0,0.9502,0.951,14.987308503284275,exact,1,False,self_consistent_linear,0.9290586196179982,0.004763403629430213,0.0003181077761261768,-170.15481614863768,5000,False
0.33421052631578946,0.05,0.001,5000,20260879,0.22996510076485394,0.27960845928273276,0.5575721146610928,0.6603915450412908,0.19583576158232613,0.581360693080799,-0.012463753397169824,-0.000428137276211303,0.3401964838611193,0.29446581566579494,0.3320677748658123,0.2900705737368804,1.0244790660538854,1.0151523192176721,0.0,0.946,0.9442,14.987308503284268,exact,1,False,self_consistent_linear,0.929568465813399,0.01630971351120824,0.0010700803290797209,-170.29552776645104,5000,False
0.33421052631578946,0.05,0.003,5000,20260880,0.6749636745473013,0.8504482922835271,1.712701722583576,2.1613669627083265,0.592395827568033,1.7021526086259597,-0.17444430316762713,-0.017298843923645477,1.1924279131900308,0.8678377346775521,0.9962033245974372,0.8702117212106413,1.1969724289686419,0.9972719437405572,0.0046,0.9308,0.9508,14.987308503284273,exact,1,False,self_consistent_linear,0.8601961266312771,0.056848217981831865,0.004387095765791068,-172.40845085577982,5000,False
0.33421052631578946,0.15,0.0001,5000,20260881,0.007429688477785653,0.009165775868699252,0.018388551107440185,0.021934609907393408,0.019231344822441543,0.059804517708052514,-8.22762633153317e-05,-0.00010079907403524535,0.01108992146990502,0.029740811957195683,0.011162295842395208,0.030127390563726566,0.9935161750313671,0.9871685333745324,0.0,0.9498,0.9476,6.229139881313517,exact,1,False,self_consistent_linear,0.9288419960928718,0.0005947292063436394,9.709716885319158e-05,-151.37337155148137,5000,False
0.33421052631578946,0.15,0.0003,5000,20260882,0.0228089488550834,0.027545056621232224,0.05446395804174638,0.06522958738883157,0.06342925482628187,0.17714581823026643,-0.00043512782084610533,-0.00042674938618132214,0.0333239079338774,0.09076721318560524,0.033486887527185656,0.09038217169117979,0.9951330324988865,1.0042601487353178,0.0,0.9512,0.95,6.229139881313514,exact,1,False,self_consistent_linear,0.9311202933107604,0.001794328676667145,0.00029054778874109305,-150.94502275306064,5000,False
0.33421052631578946,0.15,0.001,5000,20260883,0.07498772529463796,0.09260710800441299,0.18260477768424327,0.21478037950618314,0.2049061792695095,0.5787184128937024,-0.0011255673289290653,0.0026879437276539596,0.11058194768991798,0.29949297876796327,0.11162295842395242,0.3012739056372665,0.9906738654060698,0.994088678654276,0.0,0.9536,0.9544,6.229139881313519,exact,1,False,self_consistent_linear,0.9336986208367365,0.00594921940675061,0.0009420000068087736,-151.05490874310988,5000,False
0.33421052631578946,0.15,0.003,5000,20260884,0.22337557266039992,0.28142184028245176,0.5570240725739469,0.6645046192775402,0.6131128951308684,1.7739637941966033,-0.012634527680841492,0.0019309885891080172,0.3401998652206644,0.9048139115707963,0.3348688752718563,0.9038217169117972,1.0159196340492387,1.0010977769624625,0.0,0.9462,0.9496,6.229139881313514,exact,1,False,self_consistent_linear,0.9314825452312657,0.018218594842364134,0.002904750733863033,-151.54622355297101,5000,False
0.381578947368421,0.01,0.0001,5000,20260885,0.10486181443023965,0.13379715560787536,0.26280114270429256,0.31344797283207576,0.019753270949805085,0.05540225025930277,0.002400194082415564,0.0009311354066935301,0.15819930231719223,0.028818535068356535,0.15884388177635833,0.028767041097967922,0.995942056741766,1.0017900336087138,0.0,0.9476,0.954,59.48552777604819,exact,1,False,self_consistent_linear,0.9024780782592533,0.007480861162146202,0.00012405668226584315,-178.00709454770484,5000,False
0.381578947368421,0.01,0.0003,5000,20260886,0.32639362882175404,0.4062905437363601,0.7973177989543624,0.9581155590887699,0.05887799815513586,0.16984842933201852,-0.01892869597476236,0.0013259435771397466,0.4921368159058394,0.0871454861501911,0.4765316453290746,0.0863011232939037,1.032747396169227,1.009783915018254,0.0,0.9442,0.949,59.485527776048215,exact,1,False,self_consistent_linear,0.9013096318841639,0.02327114613247759,0.00037727768968831874,-178.06526925346415,5000,False
0.381578947368421,0.01,0.001,5000,20260887,1.079381320155521,1.3199889142295782,2.875114563915015,4.136083687953675,0.19628859465822893,0.5366387241509283,-0.3767659023098137,0.01234238256009288,2.034446175785262,0.2818154434086289,1.5884388177635813,0.2876704109796789,1.2807834667813203,0.9796469593410371,0.0192,0.9176,0.9612,59.485527776048194,exact,1,False,self_consistent_linear,0.8011977209106077,0.09617236637887365,0.0016859178206603397,-178.6542937397994,5000,False
0.381578947368421,0.01,0.003,5000,20260888,3.171137620710522,4.426609233810445,8.074210526231548,8.074210526315754,0.4449856678484587,1.5959588184288822,-1.1228301412880823,0.19869086894910698,4.39767627085607,0.7205491118820408,4.765316453290747,0.8630112329390371,0.9228508356080322,0.8349243722218621,0.1118,0.9984,0.958,59.485527776048194,exact,1,False,self_consistent_linear,0.7066915299610931,0.20789210017724977,0.005096511544170568,-178.59562602878296,5000,False
0.381578947368421,0.05,0.0001,5000,20260889,0.021657725265721465,0.02598687042134444,0.05134541507959538,0.061151336123902854,0.020424176060589508,0.056692900037968556,-0.0002648470373504283,-8.64646778882623e-05,0.031450452871750675,0.029211489589445274,0.03179395271865258,0.02916079434331779,0.9891960634796948,1.0017384727429108,0.0,0.9546,0.951,12.177117924551858,exact,1,False,self_consistent_linear,0.8976906913753346,0.0015094382285656765,0.00012674180486798632,-169.92255782907185,5000,False
0.381578947368421,0.05,0.0003,5000,20260890,0.06267829969257845,0.07969284053427775,0.15787728176951413,0.18802794133720388,0.05657168433383375,0.17076130067699785,-0.004588181279125518,-0.004117715234273647,0.09496381414129401,0.08624482778343835,0.09538185815595773,0.08748238302995336,0.995617153798994,0.9858536632902275,0.0,0.9488,0.9508,12.177117924551865,exact,1,False,self_consistent_linear,0.8950316100887786,0.004554264164544664,0.0003790485369938931,-170.17185121358247,5000,False
0.381578947368421,0.05,0.001,5000,20260891,0.22163850847546476,0.27326272064671,0.5368522733886302,0.6404433567451253,0.19804616186788992,0.5835161526474354,-0.010955282014752273,-0.0018149342727910743,0.32842129371477125,0.2967882656458792,0.3179395271865254,0.29160794343317753,1.0329677993202036,1.0177646814133812,0.0,0.943,0.9462,12.177117924551867,exact,1,False,self_consistent_linear,0.9004784459126934,0.015750795639544814,0.0012718910817355019,-170.16535725197215,5000,False
0.381578947368421,0.05,0.003,5000,20260892,0.6373654573697387,0.7899588329856501,1.5733631198692402,1.9235425303434386,0.5858163122145009,1.7355023169103667,-0.10786532598934737,0.0058388780249448175,1.0568814724943685,0.8761977467003216,0.9538185815595772,0.8748238302995334,1.1080529284366365,1.0015705063730578,0.0018,0.9444,0.947,12.177117924551856,exact,1,False,self_consistent_linear,0.8626559895392921,0.050520211907995424,0.004381459268279941,-171.32891956002103,5000,False
0.381578947368421,0.15,0.0001,5000,20260893,0.007211138695452649,0.008861862963725858,0.017511523900917057,0.020729721403927082,0.02055118889296159,0.05952415752746826,4.9006045797989565e-05,-0.0002264760176335723,0.010594470607555183,0.03039119390199755,0.010632310805879789,0.03076695215114002,0.9964410184187167,0.9877869524645604,0.0,0.9508,0.954,5.081429518274722,exact,1,False,self_consistent_linear,0.9041506184428579,0.0005746746444830759,0.00011311875830993019,-149.95774499231004,5000,False
0.381578947368421,0.15,0.0003,5000,20260894,0.021421005960273288,0.026184684801679278,0.0532135309692838,0.063819763481605,0.06220892155805735,0.1850415832144922,4.99558178669703e-05,0.0013927471312651406,0.032316008134864384,0.09355527904282754,0.03189693241763936,0.09230085645342004,1.0131384332429805,1.013590584503845,0.0,0.944,0.9442,5.081429518274723,exact,1,False,self_consistent_linear,0.9091340323620133,0.0017587418701479286,0.0003383662814280649,-149.64373990419855,5000,False
0.381578947368421,0.15,0.001,5000,20260895,0.06978257816876382,0.08796540916295036,0.17324759619136298,0.2047425396578802,0.20758925373126763,0.5876414636184967,-0.002043852910457583,-0.002906854444448696,0.10463495741190368,0.30357621456309375,0.10632310805879791,0.30766952151140026,0.9841224482832022,0.9866957671718717,0.0,0.9544,0.9552,5.081429518274722,exact,1,False,self_consistent_linear,0.9034222467855719,0.005691160016620376,0.0011309260358859253,-149.6624122435978,5000,False
0.381578947368421,0.15,0.003,5000,20260896,0.2165592915516172,0.2681501704717665,0.5216450166670153,0.6142527455547067,0.6214174440095519,1.7939165208611465,-0.008788444600369354,0.009153777447874139,0.318681062462763,0.9178045024975481,0.31896932417639373,0.9230085645342008,0.9990962713597143,0.9943618485931612,0.0,0.9536,0.9526,5.081429518274719,exact,1,False,self_consistent_linear,0.9040810614785896,0.017303215929083286,0.0034139633007158757,-149.85195866668212,5000,False
0.4289473684210526,0.01,0.0001,5000,20260897,0.1061413028298415,0.12772338492504848,0.252622645032214,0.30463881713722585,0.019782263485036266,0.0586866745133121,-0.004889878019373434,-0.0002564816447498117,0.15489651038040755,0.029727588906510668,0.15353630236076463,0.029621516215477536,1.008859194853129,1.0035809338813557,0.0,0.9478,0.947,48.74416616054001,exact,1,False,self_consistent_linear,0.8626457536136116,0.00732474336088313,0.00015027246927734933,-177.99278369898738,5000,False
0.4289473684210526,0.01,0.0003,5000,20260898,0.3117620776753693,0.37311774068335535,0.7617483968173766,0.9163039517787458,0.060381165852692494,0.17668417020270977,-0.028367841245731284,-0.00037959890728086137,0.47243151383043835,0.09017540082253239,0.46060890708229363,0.08886454864643258,1.025667342872361,1.0147511262485036,0.0,0.9476,0.947,48.74416616054001,exact,1,False,self_consistent_linear,0.8678404838800116,0.022340347613475024,0.0004477550197794054,-177.9917201891916,5000,False
0.4289473684210526,0.01,0.001,5000,20260899,1.0282703756157334,1.2449531611102416,2.6374056637837415,3.7050581387282926,0.2016580469552957,0.5680195520581514,-0.3439903751210451,0.01140973219979983,1.9205144795674405,0.2937219199467128,1.5353630236076463,0.29621516215477534,1.2508536743673835,0.9915830027405559,0.0104,0.9276,0.9564,48.74416616054,exact,1,False,self_consistent_linear,0.7969735289259958,0.09079174796379945,0.0017735321931949557,-178.52201345418388,5000,False
0.4289473684210526,0.01,0.003,5000,20260900,2.9797890243167333,4.567613183422375,9.076526315602775,9.076526315789389,0.48318140898570405,1.6459550075228249,-1.2180590378005565,0.200568894307973,4.693460128692624,0.7524637770340501,4.606089070822938,0.8886454864643258,1.0189685992880888,0.8467536137812335,0.1084,0.89,0.962,48.74416616054,exact,1,False,self_consistent_linear,0.6691511971184181,0.22186531305711013,0.00559031502212394,-178.69876331035601,5000,False
0.4289473684210526,0.05,0.0001,5000,20260901,0.020648294493379262,0.025238775143157748,0.05036647953013557,0.060212786877773164,0.02044454063344775,0.0584550095796746,0.00013677740939399265,0.0006382610443492959,0.030534214113919014,0.030082339555530874,0.030631264887981118,0.030163289015320824,0.996831643276338,0.9973162920081815,0.0,0.949,0.952,9.917756657899208,exact,1,False,self_consistent_linear,0.8655490504300348,0.0014665654004458798,0.00014824038376697962,-169.66486724460725,5000,False
0.4289473684210526,0.05,0.0003,5000,20260902,0.0625799619575916,0.07638222937189193,0.1495130677982328,0.1768350831524305,0.059602187420466565,0.1761004908635415,-0.00017556887049753606,0.00042054131799243406,0.09124471511151185,0.08969448432558895,0.09189379466394335,0.09048986704596247,0.9929366334821061,0.9912102565034213,0.0,0.9534,0.9516,9.917756657899211,exact,1,False,self_consistent_linear,0.8615093396823407,0.004381564837353831,0.00044819953705923176,-169.73192295107893,5000,False
0.4289473684210526,0.05,0.001,5000,20260903,0.20757695684690441,0.2513810855319615,0.501967392185356,0.6081175181059877,0.20517410436793615,0.5998953268989176,-0.010973615003649026,0.0038982527882553937,0.3084857389961713,0.30556522136362424,0.306312648879811,0.3016328901532081,1.007094353185568,1.0130368117628645,0.0,0.9464,0.9458,9.917756657899213,exact,1,False,self_consistent_linear,0.864841434249042,0.014818852380618142,0.0015092164193725676,-169.61678246768352,5000,False
0.4289473684210526,0.05,0.003,5000,20260904,0.590450054249841,0.7490119100702081,1.5232878302997221,1.8688781277245725,0.6032822910565897,1.7951272603530746,-0.09250503971278769,0.01225198853889197,0.9636468831608622,0.9085533826065202,0.9189379466394337,0.9048986704596249,1.0486528352484838,1.0040388081740013,0.0002,0.9422,0.9476,9.917756657899215,exact,1,False,self_consistent_linear,0.8503093800630811,0.04619858888457066,0.00471349950302074,-170.2697990666316,5000,False
0.4289473684210526,0.15,0.0001,5000,20260905,0.00678830091904259,0.008722414443203003,0.016791196246905688,0.019857998531994547,0.0223548159699688,0.06437034605171839,-0.0002131856490744816,-0.0006965340423316158,0.010177591312311121,0.03261143062755222,0.010106492177387075,0.03242922462054627,1.0070349962851728,1.0056185742686712,0.0,0.9494,0.9478,4.157894596265239,exact,1,False,self_consistent_linear,0.8734978639273541,0.0005651908815590982,0.00013510753777760316,-147.25978612322658,5000,False
0.4289473684210526,0.15,0.0003,5000,20260906,0.02066570723068098,0.02530589500997829,0.04985418710881606,0.05962630894775756,0.06690484272641462,0.19330339601384616,-0.0009877862905513168,-0.0038566984825715153,0.030597743512581876,0.09809850133310999,0.03031947653216123,0.09728767386163882,1.0091778293113167,1.0083343288958098,0.0,0.9492,0.948,4.157894596265239,exact,1,False,self_consistent_linear,0.8764919212684817,0.001700601825107391,0.00040156374955030726,-147.20615271659807,5000,False
0.4289473684210526,0.15,0.001,5000,20260907,0.06686772206530922,0.08238686731247573,0.16303729213894333,0.1955977480306999,0.21340608637684666,0.6418807686374303,-0.002461707950864796,-0.002991148187399019,0.0998051827426254,0.32401923592952225,0.10106492177387079,0.3242922462054628,0.9875353484756658,0.9991581350490644,0.0,0.9528,0.9464,4.1578945962652405,exact,1,False,self_consistent_linear,0.8672374080339644,0.005556111946538967,0.0013695404628822452,-146.95146271873273,5000,False
0.4289473684210526,0.15,0.003,5000,20260908,0.2068974642721255,0.2430323741139972,0.4882851096625811,0.5940375401818454,0.6462358209982657,1.8764934912176552,-0.007909715251428312,0.023660717934633466,0.30177735044052933,0.9656158081209963,0.3031947653216125,0.9728767386163887,0.9953250680974665,0.9925366388082023,0.0,0.95,0.953,4.15789459626524,exact,1,False,self_consistent_linear,0.8648190490698737,0.016719281043185475,0.004135555406371716,-147.40925338727465,5000,False
0.47631578947368414,0.01,0.0001,5000,20260909,0.09890055389186542,0.12235172748764395,0.2379402395928671,0.2810197353272365,0.02110255131874293,0.06097696851460984,-0.003764216027222639,-0.00025027336412005596,0.1448624339429164,0.031193963857412896,0.14642847636366044,0.030990908827330958,0.9893050692076129,1.0065520837486013,0.0,0.9544,0.9488,39.185850540438715,exact,1,False,self_consistent_linear,0.815487559980688,0.006850778536012831,0.0001804181459210122,-177.8705270996966,5000,False
0.47631578947368414,0.01,0.0003,5000,20260910,0.3001721086465937,0.364852686824925,0.7231891932489897,0.8561893166967831,0.06261929661083004,0.17980491696301013,-0.025651007922781934,0.0005106473779633624,0.445841109748635,0.09247053055957379,0.4392854290909815,0.0929727264819929,1.014923510372787,0.994598459769636,0.0,0.951,0.9532,39.18585054043873,exact,1,False,self_consistent_linear,0.8180449820598498,0.02108357896638214,0.0005315055367042023,-177.9425540344277,5000,False
0.47631578947368414,0.01,0.001,5000,20260911,0.9959169577236908,1.2399324394287001,2.5824157160355234,3.349146895240455,0.21377367127911284,0.6007871942484031,-0.29282297941338836,0.014561407769698349,1.8160540367895694,0.3072186387880226,1.4642847636366048,0.30990908827330965,1.2402328303132328,0.9913185847492334,0.0048,0.9268,0.9528,39.185850540438715,exact,1,False,self_consistent_linear,0.7721206496275983,0.08585765166752436,0.001951554966000959,-178.4159962548812,5000,False
0.47631578947368414,0.01,0.003,5000,20260912,2.7251767284883215,4.100944353269874,10.077713176703604,10.078842105263098,0.5309689698916232,1.7041597817786176,-1.3280302575138456,0.19104483739474795,4.8503181820774985,0.7914762854995778,4.392854290909817,0.9297272648199292,1.1041381891756155,0.8512994245176535,0.1002,0.8368,0.9586,39.18585054043872,exact,1,False,self_consistent_linear,0.6046108001397617,0.22927106932534308,0.006302900815792126,-178.80312943593975,5000,False
0.47631578947368414,0.05,0.0001,5000,20260913,0.01928827096833698,0.02384769150034462,0.04678909765500001,0.056370715421383825,0.02120818386284369,0.06098881668396444,-0.0002281702293333355,-0.00038695386596485147,0.028490365304535744,0.03141432730296278,0.029025349320264123,0.03171011347429168,0.98156838666004,0.9906721818712915,0.0,0.9534,0.9546,7.889906524562437,exact,1,False,self_consistent_linear,0.8129348839811966,0.001370861888771453,0.00017968173090440281,-169.07013730908685,5000,False
0.47631578947368414,0.05,0.0003,5000,20260914,0.05858973709735881,0.07181715374904948,0.14443351344336566,0.17239992249273847,0.06256880462729986,0.1876814442160535,-0.0008268953550169986,0.0008979913523000115,0.08691594685442702,0.0952050896630986,0.08707604796079231,0.09513034042287496,0.9981613645759695,1.0007857560468232,0.0,0.9476,0.9488,7.889906524562433,exact,1,False,self_consistent_linear,0.8226915590636361,0.004182816983185315,0.000531491597161738,-169.0248333808888,5000,False
0.47631578947368414,0.05,0.001,5000,20260915,0.19785464874818998,0.23913204608916605,0.47437257430564844,0.5654408070885238,0.2157325482549731,0.6289553326036527,-0.005270135278773219,0.003099994990335994,0.2929651944375682,0.3236897317642967,0.2902534932026411,0.3171011347429167,1.009342527474885,1.0207775889125141,0.0,0.9516,0.9466,7.889906524562437,exact,1,False,self_consistent_linear,0.8261003461812307,0.014105405140230695,0.0017904219774386426,-168.88743967245716,5000,False
0.47631578947368414,0.05,0.003,5000,20260916,0.5913981443205018,0.7277382714461569,1.4497215489760273,1.8092690698219194,0.6483707671085033,1.8837963230319745,-0.10763839661877928,0.03647177618656374,0.9385443946636768,0.9635748413829593,0.8707604796079234,0.95130340422875,1.0778445010346294,1.0128996039535443,0.0,0.9398,0.948,7.8899065245624325,exact,1,False,self_consistent_linear,0.8143267551739729,0.045054061119201926,0.005505833594168688,-169.814032331649,5000,False
0.47631578947368414,0.15,0.0001,5000,20260917,0.006350278900759249,0.007499748096202953,0.015092434981291515,0.018146715805823718,0.02368433672596537,0.06837688512779092,3.719189141835657e-05,9.565685549128902e-05,0.009253593987537155,0.03473728222279637,0.009311943539439982,0.034791818803037576,0.993733901880344,0.9984324883803878,0.0,0.951,0.949,3.3371555269945787,exact,1,False,self_consistent_linear,0.8243228959422665,0.0005348435673287377,0.00016079490132822925,-142.86897904076693,5000,False
0.47631578947368414,0.15,0.0003,5000,20260918,0.019078817828744155,0.022727111203129993,0.04545546611568702,0.05393504930298944,0.07055585386760016,0.1977616401976807,-0.0004375488912311494,0.0005138452987199165,0.027641381604479865,0.10302595120226121,0.02793583061831993,0.10437545640911267,0.9894598081631062,0.9870706653337936,0.0,0.9538,0.9566,3.337155526994577,exact,1,False,self_consistent_linear,0.818932677517246,0.0015913173702329173,0.0004853580813972659,-143.1549604967856,5000,False
0.47631578947368414,0.15,0.001,5000,20260919,0.062409804786870596,0.0807311686488475,0.1556354740103235,0.18407989380701975,0.2352324637619238,0.6803766004740854,-0.0018171005534894525,0.0027929422999338725,0.09429301418789467,0.34993801175314315,0.0931194353943997,0.3479181880303754,1.0126029414646294,1.0058054559728604,0.0,0.9474,0.9506,3.337155526994577,exact,1,False,self_consistent_linear,0.831533433745367,0.00543741955159298,0.0015930390372347922,-143.17892721687673,5000,False
0.47631578947368414,0.15,0.003,5000,20260920,0.19102530779907984,0.22871504273759607,0.46339633259771307,0.5582904609745329,0.6963664820855614,2.097987408758683,-0.022167194516251824,-0.009888737839659743,0.2830497105177746,1.0459333655810317,0.27935830618319935,1.0437545640911268,1.0132138699758384,1.0020874653533152,0.0,0.9458,0.9448,3.337155526994577,exact,1,False,self_consistent_linear,0.8224258429571346,0.01625947095672778,0.004895076371626938,-143.40636231857854,5000,False
0.5236842105263158,0.01,0.0001,5000,20260921,0.09195507548846502,0.11239573186648144,0.22430433165325592,0.2710512457293142,0.021740457058489447,0.06298630962597648,-0.0009451258906899655,0.0006922488623774115,0.13687082737291414,0.032334826037353666,0.13571935130255078,0.03261807133689978,1.0084842438407802,0.9913163075578388,0.0,0.946,0.9532,30.35513443227296,exact,1,False,self_consistent_linear,0.757677196614816,0.006473018494593131,0.00021087525053863125,-177.8286192388629,5000,False
0.5236842105263158,0.01,0.0003,5000,20260922,0.2734000653976014,0.3302626424966838,0.6574428727449306,0.8111679950426642,0.06583840338098426,0.1907977607396083,-0.02185643175831468,0.002684489629339067,0.40547499170499074,0.09824259374714879,0.4071580539076523,0.09785421401069931,0.9958663173023141,1.0039689628124449,0.0,0.9476,0.9512,30.35513443227296,exact,1,False,self_consistent_linear,0.7610293906146133,0.019176930362708348,0.0006368317192896871,-177.7631612363542,5000,False
0.5236842105263158,0.01,0.001,5000,20260923,0.9131933841716817,1.1086273824729127,2.397329551467165,3.306520589454831,0.21873993397010802,0.623660290532714,-0.30453625665201484,0.011647299263477783,1.682709893832122,0.32017930633507224,1.357193513025508,0.3261807133689978,1.2398452230153685,0.9816009752019386,0.0038,0.9182,0.9558,30.355134432272948,exact,1,False,self_consistent_linear,0.7209481924077097,0.07955667292124784,0.0022178723672508925,-178.33604267591053,5000,False
0.5236842105263158,0.01,0.003,5000,20260924,2.549449145733216,4.349011451189227,10.203662355604814,11.081157894734313,0.5735888078330404,1.8062573135968687,-1.3087693397780327,0.20326733572215866,5.085767848569968,0.8325614700644407,4.071580539076524,0.9785421401069935,1.249089340063373,0.8508182079653808,0.0948,0.8,0.9604,30.355134432272937,exact,1,False,self_consistent_linear,0.5490951577034917,0.24039170626174453,0.006956955008954645,-178.9094206972432,5000,False
0.5236842105263158,0.05,0.0001,5000,20260925,0.017917462865694914,0.021886500537473805,0.04395538206605062,0.05372138667580869,0.022618625853667793,0.06538698546343512,-6.067049270145284e-05,0.0003395472054048964,0.026878403203587083,0.033749045365119995,0.02660670210340608,0.033525367408235404,1.0102117541334152,1.006671901732228,0.0,0.943,0.9512,6.00671402477409,exact,1,False,self_consistent_linear,0.7645420521135574,0.0012969306830159946,0.00021306161402784646,-168.1945134511948,5000,False
0.5236842105263158,0.05,0.0003,5000,20260926,0.05325125086097489,0.0658785142665508,0.13041691681658968,0.1560136916063861,0.06611162041553348,0.1919242699132732,-0.0010765215499761232,2.9028399669387684e-05,0.07973339963602231,0.09942698016030876,0.0798201063102182,0.10057610222470618,0.9989137238948429,0.9885746013319341,0.0,0.9504,0.9554,6.0067140247740864,exact,1,False,self_consistent_linear,0.7645281251880737,0.0038461730885579943,0.0006278904186434904,-168.27789005192992,5000,False
0.5236842105263158,0.05,0.001,5000,20260927,0.18176743118656594,0.22196071827469122,0.44492925438425257,0.5305097618907667,0.22600772396461877,0.6650354040873622,-0.012499726548196264,-0.001419877606529548,0.27092887558799694,0.3365658629425943,0.26606702103406077,0.335253674082354,1.0182730446450698,1.003914017836887,0.0,0.9454,0.9472,6.006714024774087,exact,1,False,self_consistent_linear,0.769295998458733,0.013070128303553384,0.002106481532992289,-168.2584956610625,5000,False
0.5236842105263158,0.05,0.003,5000,20260928,0.5274293241503638,0.6445608863251774,1.3059757820806248,1.6531725447610466,0.6735989432049105,1.954318518771623,-0.10609995415507098,0.02765307702405548,0.8524125417724489,0.9872962659798152,0.7982010631021821,1.005761022247062,1.067917071495214,0.9816410102809581,0.0,0.9434,0.953,6.006714024774087,exact,1,False,self_consistent_linear,0.7483956880717083,0.0409736384479465,0.006438075040676276,-169.34012828968193,5000,False
0.5236842105263158,0.15,0.0001,5000,20260929,0.005645276465823483,0.006710110491053009,0.013346447013882904,0.016133792979135392,0.025381759996323527,0.07371922409958002,7.328343625322366e-05,0.00036570760417356735,0.008220894689416568,0.03771421199687816,0.008116433475541985,0.03749510908318675,1.0128703345119954,1.0058435065012163,0.0,0.9474,0.9494,2.5961891700966766,exact,1,False,self_consistent_linear,0.7488573665189571,0.0005063598603885287,0.00019177262164731679,-136.13574474653097,5000,False
0.5236842105263158,0.15,0.0003,5000,20260930,0.016805494065590128,0.019891431352755666,0.04038001675609668,0.04868373421984739,0.07647490312272937,0.22540932652419177,-7.219676424928037e-05,0.0007613336732189056,0.024636922793643448,0.11433705432776382,0.024349300426625958,0.11248532724956026,1.0118123462267103,1.0164619432905708,0.0,0.947,0.946,2.5961891700966757,exact,1,False,self_consistent_linear,0.7465345152862386,0.0015249844188886558,0.0005808184352747003,-135.6965179180362,5000,False
0.5236842105263158,0.15,0.001,5000,20260931,0.05477276925655336,0.06665801344320066,0.13462780919602094,0.16078927872472248,0.25228510713155156,0.7410486390722574,-0.0002726071706261928,0.005587579669354919,0.08117454947479676,0.3748383898408814,0.08116433475541986,0.37495109083186745,1.0001258523144145,0.9996994248216854,0.0,0.9464,0.9488,2.596189170096676,exact,1,False,self_consistent_linear,0.7481434777649634,0.005014648969914217,0.001902711258639487,-135.88680555535458,5000,False
0.5236842105263158,0.15,0.003,5000,20260932,0.16185624194707016,0.19747244522089147,0.3994164701965742,0.471576430721256,0.7509654996723778,2.147004582516084,-0.012605433975705106,0.03133678285439164,0.24370366833519067,1.1173491991448687,0.24349300426625964,1.1248532724956029,1.000865175036818,0.9933288424950879,0.0,0.9522,0.9548,2.5961891700966757,exact,1,False,self_consistent_linear,0.7443545434779933,0.014987143978497134,0.005733936317964636,-136.16554206023656,5000,False
0.5710526315789474,0.01,0.0001,5000,20260933,0.08122609304197265,0.10119243268446565,0.19745729812446924,0.23190431940941786,0.022520878188408023,0.0648455128134637,-0.0011247369651634445,0.00024047809332770136,0.12031277254978004,0.03314276459564065,0.12110021447724789,0.034242451203331054,0.9934976008847961,0.9678852836451315,0.0,0.954,0.9582,22.4454320733039,exact,1,False,self_consistent_linear,0.6454111123048877,0.005689889056522617,0.0002529768491063758,-177.84122828223045,5000,False
0.5710526315789474,0.01,0.0003,5000,20260934,0.2416950883436902,0.3047489956544517,0.6009922150977087,0.7219167394458804,0.06801407821634911,0.20550197733174394,-0.025230761052819406,0.002659961179706601,0.37248783673263614,0.10430656896201418,0.36330064343174356,0.10272735360999316,1.0252881283504212,1.0153728807033864,0.0,0.9462,0.9458,22.445432073303905,exact,1,False,self_consistent_linear,0.6734451451771257,0.017617431499658446,0.0007704586116566543,-177.7104950822482,5000,False
0.5710526315789474,0.01,0.001,5000,20260935,0.7971359057128855,1.0212037133261749,2.2722141130982703,3.2153585517639423,0.2249451418777085,0.6577988599778316,-0.33658356926917166,0.00626711805214659,1.6613253341514171,0.33381416008505777,1.2110021447724788,0.3424245120333106,1.3718599437026961,0.9748547441971234,0.0026,0.909,0.9542,22.44543207330391,exact,1,False,self_consistent_linear,0.648403168192664,0.07854240033342307,0.002540351465525524,-178.41919544301965,5000,False
0.5710526315789474,0.01,0.003,5000,20260936,2.2844646697043567,4.300023597479356,10.820366482026534,12.083473684193978,0.594929764069803,1.8299802275570558,-1.3120057646982535,0.22000082100498702,5.217805452039546,0.8604425862030594,3.6330064343174366,1.0272735360999319,1.436222463784284,0.8375983182334764,0.1014,0.7862,0.9652,22.445432073303905,exact,1,False,self_consistent_linear,0.478312008762434,0.24662253428493885,0.007555267263393076,-179.04291372437393,5000,False
0.5710526315789474,0.05,0.0001,5000,20260937,0.01576926441177063,0.019207332625382424,0.038701805554677504,0.046187037131240595,0.023478725758019348,0.06886826669470045,8.179347215250407e-05,0.0007380279206053818,0.02349739470282256,0.035283278307936095,0.02336003938761883,0.035315568408481185,1.0058799265242904,0.9990856695219624,0.0,0.9468,0.9516,4.321433985219946,exact,1,False,self_consistent_linear,0.6403818455772325,0.0011345787495202285,0.0002652354780496214,-167.8233015014662,5000,False
0.5710526315789474,0.05,0.0003,5000,20260938,0.04769067251539938,0.05806947272588564,0.1158684152817053,0.13795595080193065,0.07199854405818655,0.20709267742943385,-0.0023466956148477883,0.0006232349179109791,0.07050111869025394,0.10649974784197545,0.07008011816285649,0.10594670522544355,1.006007417487783,1.0052200076949547,0.0,0.9488,0.9508,4.3214339852199455,exact,1,False,self_consistent_linear,0.6575741161506767,0.003408836990697212,0.000784228211568372,-167.4550242911107,5000,False
0.5710526315789474,0.05,0.001,5000,20260939,0.15443108309019354,0.18926959787464323,0.37880593312298133,0.4529954141420297,0.2418551693124913,0.6802314572540479,-0.007003253922333877,0.0049301968709102115,0.23114372076238243,0.3511711790344601,0.23360039387618828,0.3531556840848118,0.9894834376216508,0.9943806509712723,0.0,0.9518,0.9546,4.321433985219946,exact,1,False,self_consistent_linear,0.653191119944089,0.011175988575363874,0.002598998264920584,-167.4512549401238,5000,False
0.5710526315789474,0.05,0.003,5000,20260940,0.4695520751340524,0.5847103273327642,1.1907183812102715,1.5322944610491478,0.6969064530237199,2.056701640137751,-0.10973994272476814,0.021302551852569785,0.7706135786681778,1.0458533545006699,0.7008011816285648,1.0594670522544354,1.0996179784933846,0.9871504283924668,0.0,0.9302,0.9512,4.321433985219947,exact,1,False,self_consistent_linear,0.6472328319865485,0.03707213677998871,0.007831874923099634,-168.97223051451243,5000,False
0.5710526315789474,0.15,0.0001,5000,20260941,0.0044151875649393515,0.005458337785437968,0.010648597640044744,0.012586956975031049,0.026665485927769572,0.07820632604205874,8.786547005318871e-05,0.0003532509502492625,0.0064996738261819675,0.0396187999845602,0.006629659783586034,0.04007899474934705,0.9803932687879563,0.9885178067048613,0.0,0.9584,0.9514,1.9911746207518384,exact,1,False,self_consistent_linear,0.5617896836142111,0.0004481664559309263,0.00022464173394226832,57.3018059363405,5000,False
0.5710526315789474,0.15,0.0003,5000,20260942,0.013807987233019233,0.016789108822221052,0.033445229117661006,0.039851062562077676,0.08250061806890363,0.23962618928377435,-0.00021145466715370324,-5.470263252293375e-05,0.020413817162535236,0.12250754458543849,0.0198889793507581,0.12023698424804112,1.0263883733056984,1.0188840426396037,0.0,0.9434,0.9448,1.9911746207518382,exact,1,False,self_consistent_linear,0.5821528797027167,0.001400179993904142,0.0006863102014845038,56.251952360985136,5000,False
0.5710526315789474,0.15,0.001,5000,20260943,0.04534991800184135,0.05562548476462194,0.10861462096904201,0.1306994512983504,0.27215488642670094,0.7832376011205957,-0.0019014915744238663,0.012791127565867661,0.06677008731050914,0.4009742576732941,0.06629659783586034,0.4007899474934704,1.0071419875243233,1.000459867272062,0.0,0.9492,0.9506,1.9911746207518382,exact,1,False,self_consistent_linear,0.5569347508767509,0.004549746331751557,0.002309748212146485,56.73792764184499,5000,False
0.5710526315789474,0.15,0.003,5000,20260944,0.13217400300076654,0.16089732567724055,0.3220553182798798,0.38853254350855515,0.7766723444846844,2.365728066117041,-0.015100194824586773,-0.0070132110755184544,0.1986653557820516,1.1947251906718492,0.198889793507581,1.2023698424804112,0.9988715472947544,0.9936420130159023,0.0,0.9512,0.9488,1.9911746207518377,exact,1,False,self_consistent_linear,0.5555457017581817,0.013545225413711795,0.0068856224021760365,56.82682057096356,5000,False
0.618421052631579,0.01,0.0001,5000,20260945,0.07334150760516023,0.08645877424191452,0.17191878001214073,0.2044300543856827,0.023711744237320687,0.06985988825518658,-0.001821276812266602,0.0004379769743797592,0.10565072327316542,0.03554585323204051,0.10447861096307634,0.03558308032317361,1.0112186819798292,0.9989537979625429,0.0,0.9504,0.9496,16.087322367194872,exact,1,False,self_consistent_linear,0.5105723031570313,0.00499625504395199,0.0003054331596241531,-177.91047459977608,5000,False
0.618421052631579,0.01,0.0003,5000,20260946,0.20941073255440884,0.2604597533696789,0.5172504079070953,0.6296801144102886,0.07274396215678691,0.2078595783574122,-0.020519214911656376,-0.0005493901097006843,0.31834081897747335,0.10614889727184118,0.313435832889229,0.10674924096952085,1.0156490916913694,0.9943761314626015,0.0,0.9432,0.9522,16.08732236719487,exact,1,False,self_consistent_linear,0.5260211023230447,0.015054857637326618,0.0009021427692533437,-177.86681586147333,5000,False
0.618421052631579,0.01,0.001,5000,20260947,0.7067103916404888,0.8935946873426417,1.9814254495204877,2.752320687942927,0.2339385488366627,0.673064461073656,-0.2298750180005409,0.01311007593141512,1.4684374802683395,0.34549383103614784,1.0447861096307636,0.35583080323173616,1.405491005989061,0.9709497544852622,0.0022,0.9074,0.9568,16.08732236719487,exact,1,False,self_consistent_linear,0.5017291189752107,0.06941854273536789,0.002987673651565899,-178.56646762696874,5000,False
0.618421052631579,0.01,0.003,5000,20260948,2.0718454866679243,4.968412259546471,11.452970390599633,13.085789473454716,0.6040450313942983,1.8040104170255433,-1.283268043743743,0.22417876531679923,5.390787084483694,0.8611929040929724,3.1343583288922905,1.0674924096952083,1.719901338271315,0.8067438196950377,0.1192,0.7566,0.9704,16.08732236719487,exact,1,False,self_consistent_linear,0.4105987303875228,0.2547876565958493,0.00785173894967127,-179.2040442282402,5000,False
0.618421052631579,0.05,0.0001,5000,20260949,0.013173500185062002,0.0163282629729276,0.032043359772044804,0.03791769723144163,0.024261106016278122,0.07049926856258304,-5.3015313873111604e-05,0.0002562901935849676,0.01951206791346081,0.03636540146686675,0.01982757900919173,0.03675960311010521,0.9840872606996217,0.989276226893481,0.0,0.9548,0.9544,2.980857721692381,exact,1,False,self_consistent_linear,0.4633997192940606,0.0009394101731663462,0.00031632075931657623,-168.29821409338015,5000,False
0.618421052631579,0.05,0.0003,5000,20260950,0.040704214477900236,0.050814299844739605,0.09533902949670928,0.11417112032817663,0.07545979013223181,0.22304872839656392,-0.001537562122042792,0.001254401282983416,0.0591470655490222,0.11262628781328617,0.05948273702757518,0.11027880933031564,0.994356825268525,1.0212867594166635,0.0,0.954,0.9438,2.980857721692382,exact,1,False,self_consistent_linear,0.46232648169329776,0.002849981023788872,0.000979482851864098,-168.01093409074977,5000,False
0.618421052631579,0.05,0.001,5000,20260951,0.1321475704382551,0.16388223536825414,0.32090540408972634,0.38868345349658034,0.256279057349144,0.7169247683587621,-0.007325413452583595,0.01111760926542298,0.19778606055309844,0.3699485465887253,0.1982757900919173,0.3675960311010521,0.9975300588206364,1.006399730379642,0.0,0.9498,0.951,2.9808577216923804,exact,1,False,self_consistent_linear,0.44924229757662704,0.009513716162210929,0.003247296484763792,-168.5683907316737,5000,False
0.618421052631579,0.05,0.003,5000,20260952,0.39207755757964374,0.5185257198226605,1.025729223079125,1.2771949132471223,0.7259036088795918,2.0774435633220714,-0.0717238671825613,0.022566714408237938,0.6535650966087639,1.062199373323382,0.5948273702757518,1.1027880933031564,1.098747517797949,0.9631944521107406,0.0,0.9324,0.9596,2.9808577216923813,exact,1,False,self_consistent_linear,0.4673330622476883,0.031322047903800776,0.009260219926989267,-169.98543327632777,5000,False
0.618421052631579,0.15,0.0001,5000,20260953,0.0037513116050940567,0.0045874118578459015,0.009006442602309216,0.010764094995980775,0.029240064038313363,0.08330321675265488,-3.537715789926667e-05,0.0007372032827692947,0.0054799065634835945,0.04215469332040336,0.00545010057886033,0.04200818052172911,1.0054688870768504,1.0034877206499926,0.0,0.9484,0.9482,1.6818889197357885,exact,1,False,self_consistent_linear,0.174175900137805,0.0004252983526779653,0.00025276682957237436,80.51498563678177,5000,False
0.618421052631579,0.15,0.0003,5000,20260954,0.011051154328703287,0.013896077090712524,0.02664114397574612,0.03206571858084496,0.0826434416119265,0.24195224117127256,-0.00045938991180757664,-0.0007845430454909714,0.01645068982879049,0.12393835805024854,0.01635030173658099,0.12602454156518733,1.0061398311680632,0.9834462122295466,0.0,0.9498,0.954,1.6818889197357891,exact,1,False,self_consistent_linear,0.1763626711239407,0.0012514391337221434,0.0007578846051772484,79.97898951038016,5000,False
0.618421052631579,0.15,0.001,5000,20260955,0.036425860213460726,0.04510076772115734,0.0898061236172181,0.10690950496170656,0.2836001925928422,0.8299052854697568,-0.0008735477475546808,0.0019449572626765463,0.05442811174770767,0.4212194096536533,0.05450100578860329,0.42008180521729105,0.9986625193454527,1.00270805453184,0.0,0.9492,0.9478,1.6818889197357887,exact,1,False,self_consistent_linear,0.15651456937818875,0.0042420865001604295,0.0025226140279240423,81.52372984377847,5000,False
0.618421052631579,0.15,0.003,5000,20260956,0.1089967682159958,0.1400960459752087,0.2751377135271072,0.3313135953824116,0.8469174942834223,2.4335103607880932,-0.004528859152393151,0.03143153400085406,0.1667373445316771,1.24850095287145,0.16350301736580988,1.2602454156518732,1.0197814524647637,0.9906808129317032,0.0,0.9416,0.9528,1.6818889197357885,exact,1,False,self_consistent_linear,0.16537862950219429,0.012594357327440207,0.007703859606033848,80.43245180286458,5000,False
0.6657894736842105,0.01,0.0001,5000,20260957,0.061253280424745524,0.07531248170560048,0.149719067423304,0.17865204982715618,0.024176365520794246,0.07136054547265987,-0.0026037410820987953,-3.400363831121851e-05,0.09089648011811836,0.03627211543461439,0.09073627541852941,0.03639208431083761,1.0017656080641395,0.996703434867909,0.0,0.9496,0.9498,12.119299891714961,exact,1,False,self_consistent_linear,0.2228055660754063,0.004296440195103847,0.00035354040961983936,-178.91484959824214,5000,False
0.6657894736842105,0.01,0.0003,5000,20260958,0.18366043383046285,0.22740426005759173,0.4583905175926172,0.5468158332209211,0.07334580195025656,0.21199303732863106,-0.006694288573454049,0.002504844725061684,0.2804510572445887,0.1088003167400663,0.27220882625558823,0.10917625293251282,1.0302790732482034,0.9965566120621586,0.0,0.9434,0.9518,12.119299891714963,exact,1,False,self_consistent_linear,0.24356019323497902,0.013256496426884055,0.0010550266064328852,-178.847290926454,5000,False
0.6657894736842105,0.01,0.001,5000,20260959,0.6314486354575086,0.8383238962654187,1.7610102803787087,2.373959402266133,0.24357473587951395,0.7168726541985109,-0.14918768322192497,0.015531537463866289,1.420310354946471,0.3601764872597681,0.9073627541852942,0.3639208431083762,1.5653170117410689,0.9897110706366081,0.003,0.9028,0.9484,12.11929989171496,exact,1,False,self_consistent_linear,0.2896486177039446,0.06713054577150379,0.0034469507921069385,-179.10720135633474,5000,False
0.6657894736842105,0.01,0.003,5000,20260960,1.9768125970488617,5.228213078920341,10.914002678757512,13.387348018004689,0.6224355113851909,1.865169374659573,-0.9501612499644365,0.2535069259799011,5.330329662257723,0.8740716364280584,2.722088262555883,1.0917625293251285,1.95817664532775,0.8006060044654258,0.1432,0.7338,0.9704,12.119299891714958,exact,1,False,self_consistent_linear,0.3169197629588838,0.2519211855757774,0.008289651252116196,-179.36928436942372,5000,False
0.6657894736842105,0.05,0.0001,5000,20260961,0.011899225733690205,0.014624321700118043,0.02856783530308633,0.034246298674145685,0.025481573437445906,0.07408389479339958,0.0004289179950819838,0.00017983967084574833,0.0173558210805811,0.03755295107520927,0.017282978847679556,0.03757880576952586,1.004214680440422,0.9993119873346918,0.0,0.947,0.9486,2.2038620708282504,exact,1,False,self_consistent_linear,0.14066166761070673,0.0008223535128932956,0.0003708305766177799,-175.37219345872253,5000,False
0.6657894736842105,0.05,0.0003,5000,20260962,0.03452993591504552,0.04448115879553258,0.08540278306551163,0.10185535638491597,0.0760416349613862,0.21996653724211138,-0.00046418539708008365,0.0026271758968391154,0.052112172026433305,0.11260241909087443,0.05184893654303866,0.11273641730857759,1.005076969769209,0.9988114025538316,0.0,0.9492,0.951,2.2038620708282495,exact,1,False,self_consistent_linear,0.1206054720192166,0.0024674747484697544,0.0011156725921441972,-176.03107163847733,5000,False
0.6657894736842105,0.05,0.001,5000,20260963,0.11753226503846056,0.14329797744196893,0.28741573936790993,0.34568641365827696,0.2623436600377501,0.7362473761845386,-0.0018467627930100648,-0.002135705306880257,0.1744351887717268,0.38030064401440766,0.17282978847679548,0.3757880576952586,1.009288909678593,1.0120083281699401,0.0,0.9448,0.9502,2.2038620708282504,exact,1,False,self_consistent_linear,0.1394477924724445,0.008265127964719478,0.0037560532642252394,-175.3586233815942,5000,False
0.6657894736842105,0.05,0.003,5000,20260964,0.3466126771047214,0.4477543526787877,0.9096015110979268,1.1377312982757595,0.7426126647418909,2.1622201078932726,-0.017775217441276716,0.026530102398285273,0.5659931098484827,1.1052691288512722,0.5184893654303866,1.1273641730857757,1.0916195154333865,0.9804011474180291,0.0,0.928,0.9536,2.20386207082825,exact,1,False,self_consistent_linear,0.1280289890886331,0.02679317427745962,0.01094335544898901,-176.36441283792055,5000,False
0.6657894736842105,0.15,0.0001,5000,20260965,0.0036891569598485057,0.00470925467912908,0.009238521625240172,0.011069649777164845,0.028481557992471318,0.08448715174006291,-2.21211986813087e-05,0.000374839027031042,0.005574814721999417,0.04256836289131341,0.005591315139457902,0.04283928325937347,0.9970489201472399,0.9936758893369024,0.0,0.9478,0.947,1.896018528148433,exact,1,False,self_consistent_linear,-0.37995742502331625,0.00044226310989666114,0.00023456575429692573,108.65967700635943,5000,False
0.6657894736842105,0.15,0.0003,5000,20260966,0.01129123631771415,0.014378239764491615,0.027434795150825277,0.03245164864253819,0.08639210728320773,0.24817512740541536,-0.0005821254255512612,0.000657151476565531,0.01665047368930429,0.12761047577491363,0.016773945418373706,0.12851784977812042,0.9926390764969243,0.9929397044474887,0.0,0.9542,0.9522,1.8960185281484327,exact,1,False,self_consistent_linear,-0.3862917797459143,0.0013267624430129544,0.0006980915524168069,108.77424240519036,5000,False
0.6657894736842105,0.15,0.001,5000,20260967,0.037683370945693434,0.04598101590941449,0.09158002394461516,0.10956655916127596,0.28551292996505523,0.8243655548827976,-0.0016907030683958994,0.011341668315212678,0.0554409227181039,0.4203527561253471,0.055913151394579017,0.4283928325937347,0.9915542468149827,0.9812320004989151,0.0,0.9502,0.9526,1.8960185281484327,exact,1,False,self_consistent_linear,-0.3723768580580907,0.0043646305372097615,0.002341894713118596,108.60185907226617,5000,False
0.6657894736842105,0.15,0.003,5000,20260968,0.11538264575672696,0.1397860068121652,0.27235382463999197,0.32255650270176073,0.8628071089226073,2.5632095123573544,-0.007854789749775373,0.00919688823225719,0.16780083294101378,1.288900842305349,0.16773945418373706,1.2851784977812042,1.0003659172350083,1.0028963638362853,0.0,0.9526,0.9474,1.8960185281484323,exact,1,False,self_consistent_linear,-0.3720703357973321,0.013364980221162006,0.007098610115489913,108.18997356487034,5000,False
0.7131578947368421,0.01,0.0001,5000,20260969,0.05922408007238729,0.07240167218816744,0.14323378969684747,0.1684606063620496,0.025044835778621332,0.07103180342425985,0.0008174114227897807,0.00017696463111031564,0.0867964765355423,0.03651396545895945,0.08649323689573248,0.03652579549708961,1.0035059346914648,0.9996761182619253,0.0,0.951,0.9526,11.288717639653305,exact,1,False,self_consistent_linear,-0.1366057805902047,0.004102218521992111,0.00036168969884436416,179.29784601818028,5000,False
0.7131578947368421,0.01,0.0003,5000,20260970,0.17484268364127348,0.2264712871165336,0.43822225765619804,0.5313791715407622,0.07411733481082439,0.2120635906098559,-0.0012790747392697908,-0.000548601495103289,0.26738941962869417,0.1092927390671447,0.2594797106871974,0.10957738649126882,1.0304829573015515,0.9974023159956751,0.0,0.9426,0.953,11.288717639653306,exact,1,False,self_consistent_linear,-0.11195420353888377,0.012637147802079413,0.0010860052693609458,179.44110322721264,5000,False
0.7131578947368421,0.01,0.001,5000,20260971,0.603434295290898,0.8093760343156093,1.7524968676809296,2.335909145584388,0.24321035084393738,0.6849933557559843,0.03722286366920406,0.010574404907243979,1.3232694851358249,0.35555926172528696,0.8649323689573246,0.3652579549708961,1.5299109301817728,0.9734470033749658,0.0064,0.8932,0.9576,11.288717639653308,exact,1,False,self_consistent_linear,-0.07903807956938995,0.06253699855675589,0.0035444333885023614,179.7416950075298,5000,False
0.7131578947368421,0.01,0.003,5000,20260972,1.9928202966651294,5.268693310019987,7.88955146616299,13.719704134956382,0.6189013951155341,1.8767413017967838,-0.7285395052088511,0.27079728565514477,5.172828859507009,0.8694034037174534,2.594797106871974,1.0957738649126882,1.9935388573570783,0.7934149842008943,0.1718,0.7148,0.9706,11.288717639653303,exact,1,False,self_consistent_linear,0.245386536592332,0.24447193137878478,0.008427895409006158,-179.49940364329427,5000,False
0.7131578947368421,0.05,0.0001,5000,20260973,0.011842839175542668,0.013904346378247584,0.028582173027973005,0.0338344692654458,0.025132360378576912,0.07430969351285642,-0.000279606413810281,0.000612540376726131,0.017344599482322705,0.037942994420680845,0.017207078879713376,0.03761435144320632,1.0079920946240015,1.0087371698531273,0.0,0.9494,0.9478,2.287605732433665,exact,1,False,self_consistent_linear,-0.2650409659562234,0.0008273211525258153,0.0003624849226291009,171.32854700195819,5000,False
0.7131578947368421,0.05,0.0003,5000,20260974,0.0354761928509889,0.043114950124708784,0.08402838054509022,0.10084655362264702,0.07900438269284951,0.21751439270917053,0.0002414705095193522,-0.0007599454609623599,0.05183377711138109,0.11354225763404562,0.05162123663914012,0.11284305432961894,1.0041173068697817,1.0061962458263871,0.0,0.951,0.9528,2.287605732433665,exact,1,False,self_consistent_linear,-0.28336498949468103,0.0024756697674251844,0.0010774226721466274,170.75079391664107,5000,False
0.7131578947368421,0.05,0.001,5000,20260975,0.11632094076400751,0.1439872019072131,0.2857333529922187,0.34428274773178397,0.2519293086806713,0.736272528786573,0.0015188341496030033,-0.004664640144421908,0.17466994618050433,0.3755266739115137,0.17207078879713375,0.3761435144320631,1.015105163412919,0.9983600926325135,0.0,0.9446,0.9502,2.2876057324336654,exact,1,False,self_consistent_linear,-0.25751806460264187,0.008324363148736472,0.0035982584827429997,171.77021458000638,5000,False
0.7131578947368421,0.05,0.003,5000,20260976,0.3476387802037255,0.4489806480177436,0.9129790703838125,1.1408267101336402,0.767197464558711,2.195040193721751,0.016049803420554495,0.014685866227042132,0.5721176269259357,1.116126794843881,0.5162123663914012,1.1284305432961896,1.1082989563488026,0.9890965832807318,0.0,0.9274,0.9518,2.287605732433666,exact,1,False,self_consistent_linear,-0.2797957916285011,0.027250194520422644,0.010631921443660278,172.22002153633002,5000,False
0.7131578947368421,0.15,0.0001,5000,20260977,0.004837689598100392,0.005918232044191982,0.011797358758413992,0.013877696554403646,0.028602309242013735,0.08374831579372467,-0.00013739846070375358,0.0009535632528541564,0.0071613536509786396,0.04287260025513594,0.007103804581858003,0.04234004019052087,1.0081011616321216,1.0125781662515827,0.0,0.9508,0.9468,2.5679965688327573,exact,1,False,self_consistent_linear,-0.727664843359251,0.0005101866338814187,0.0001950795784380342,125.91981269478586,5000,False
0.7131578947368421,0.15,0.0003,5000,20260978,0.014629204604703459,0.01805468446606855,0.035375521063375145,0.042240061719666884,0.08599725413057507,0.25577452053632926,-0.0004044183697548174,0.002154873040335663,0.021500627279731642,0.1290062085456372,0.021311413745574003,0.12702012057156256,1.0088785069079207,1.0156360107763847,0.0,0.9472,0.9442,2.567996568832757,exact,1,False,self_consistent_linear,-0.740799308720697,0.00153932158583264,0.0005720172817731942,125.98970410675908,5000,False
0.7131578947368421,0.15,0.001,5000,20260979,0.04700586591955479,0.05809003247887184,0.11448384374665665,0.13956065857316446,0.2732417334812817,0.8207975991082945,0.0011502008699410967,-0.003097664943940171,0.0708267891139427,0.41875733120353187,0.07103804581858002,0.42340040190520856,0.9970261470145614,0.9890338538159531,0.0,0.9496,0.9522,2.567996568832757,exact,1,False,self_consistent_linear,-0.7085447243238984,0.004979319444039413,0.0019864308947561055,126.1592076846404,5000,False
0.7131578947368421,0.15,0.003,5000,20260980,0.14123882154026485,0.17510027931179115,0.3443141311705905,0.4164005285919246,0.8498926671019535,2.4649293601668325,0.00011763162374947243,0.025690694052798575,0.21182648731789308,1.2604558228413225,0.21311413745574015,1.2702012057156262,0.9939579318705943,0.9923276857001461,0.0,0.9506,0.9522,2.5679965688327577,exact,1,False,self_consistent_linear,-0.7161676159256478,0.014985047810349471,0.00587685426143271,126.00902402518906,5000,False
0.7605263157894736,0.01,0.0001,5000,20260981,0.06544058098061356,0.08145841972991749,0.15917024636106666,0.18976173153245196,0.024205655073452747,0.07140872701399999,0.0019640270763667308,-3.202760373620066e-05,0.09756411203555466,0.03650079341047802,0.09559434011975951,0.03586027279209044,1.0206055286675701,1.017861565696981,0.0,0.9474,0.9462,14.075810957687251,exact,1,False,self_consistent_linear,-0.43519539072696917,0.0046135298088068105,0.0003284339459864473,178.01678178724413,5000,False
0.7605263157894736,0.01,0.0003,5000,20260982,0.19154307089623612,0.24982991643542413,0.4919453514737777,0.5829451017946687,0.07187737357064895,0.21086772111136196,0.012248138701259464,0.003957412527913384,0.2954762479163907,0.10783656638818123,0.28678302035927855,0.10758081837627131,1.0303129088543017,1.0023772640492046,0.0,0.9408,0.9498,14.075810957687255,exact,1,False,self_consistent_linear,-0.42712214706598123,0.013971537201151222,0.000974519113022318,178.10156707509105,5000,False
0.7605263157894736,0.01,0.001,5000,20260983,0.6458929623715085,0.8600952545645479,1.8980185101228706,2.8075466524185293,0.22459686048931843,0.6593249962318612,0.18181023849611688,0.030918242019930948,1.349193963124203,0.3328947822926439,0.9559434011975952,0.35860272792090436,1.4113743150838716,0.9283107917853576,0.0192,0.8988,0.9668,14.075810957687256,exact,1,False,self_consistent_linear,-0.30811898157631884,0.06376979946637433,0.003166576574409711,179.07610169726982,5000,False
0.7605263157894736,0.01,0.003,5000,20260984,2.1001039845265446,4.197770542193389,5.067263157894736,13.481307371840243,0.5978915472992783,1.8270502103493151,-0.3246271061936194,0.31655470139188774,4.788644518365025,0.840828269782963,2.8678302035927854,1.0758081837627131,1.669779651656456,0.7815782427329269,0.2274,0.913,0.9722,14.075810957687253,exact,1,False,self_consistent_linear,0.15780821973904147,0.22631034690409826,0.008302782155674208,-179.66361037111213,5000,False
0.7605263157894736,0.05,0.0001,5000,20260985,0.013268661951219732,0.016659965973138652,0.03290046455683238,0.03978887045721256,0.024632536180326306,0.07185448550303022,-7.023432969127299e-05,-0.00036232660543737217,0.020104746197286406,0.036527260735698244,0.019959376789555026,0.036708179283180827,1.0072832638646037,0.9950714377281721,0.0,0.9446,0.9502,3.279642594635854,exact,1,False,self_consistent_linear,-0.5680718576032603,0.0009748475984726531,0.00029298948956203795,166.4316004882546,5000,False
0.7605263157894736,0.05,0.0003,5000,20260986,0.04001530714393842,0.04881080233643328,0.0975887255367835,0.11633381663644574,0.07283399682187393,0.21049962481389234,0.0006144124413959696,-0.0013098657463027443,0.05958546294621602,0.10747106463511794,0.05987813036866508,0.11012453784954249,0.9951122818857716,0.9759047959134243,0.0,0.9524,0.9566,3.2796425946358534,exact,1,False,self_consistent_linear,-0.5502481382413233,0.002883879205477631,0.000876246374957809,166.91032748406934,5000,False
0.7605263157894736,0.05,0.001,5000,20260987,0.13648949604402494,0.16779296822920406,0.33635543313803995,0.40405837758781254,0.23977440443758885,0.7197998684078741,0.010395620235757144,-0.0010875649307501899,0.20374889624824266,0.3650889241676407,0.19959376789555025,0.3670817928318083,1.020817926313545,0.9945710500954191,0.0,0.9436,0.9498,3.2796425946358534,exact,1,False,self_consistent_linear,-0.5728803997520177,0.009875912618524545,0.002917585698661648,166.5492584482346,5000,False
0.7605263157894736,0.05,0.003,5000,20260988,0.4090424763001981,0.5117983828740742,1.0269153238886688,1.3096789256740369,0.7480764533981978,2.12158588508301,0.05421025345372468,0.042443004468467174,0.6911174081157025,1.0884693334685491,0.5987813036866507,1.101245378495425,1.154206725995861,0.9883985483377634,0.0004,0.9296,0.9542,3.2796425946358534,exact,1,False,self_consistent_linear,-0.551798584514127,0.033252856897307836,0.00891615666569365,168.76179270543707,5000,False
0.7605263157894736,0.15,0.0001,5000,20260989,0.006064997203917691,0.00779970843526543,0.015311408015140957,0.01831547081177267,0.027390115672105975,0.07962247249986039,8.404546402299548e-05,-0.0004281165641446572,0.009286621107756302,0.04068093208003116,0.00915274234448837,0.04021252136618555,1.0146271749197169,1.0116483796074396,0.0,0.9444,0.948,3.514805056304017,exact,1,False,self_consistent_linear,-0.8573974931745174,0.0005768286347605148,0.00015929500377459465,137.53093839883383,5000,False
0.7605263157894736,0.15,0.0003,5000,20260990,0.018297572825134768,0.02260190716123102,0.04496021634862083,0.053993263931026665,0.0801536626919494,0.2353628891745127,-2.2461024711827183e-05,0.0007382831366372842,0.02745443730930464,0.12025685469006894,0.027458227033465118,0.12063756409855665,0.999861982197326,0.9968441885300612,0.0,0.949,0.9512,3.5148050563040165,exact,1,False,self_consistent_linear,-0.8512168493669534,0.001702420238120248,0.00048100044010543916,137.5519849389442,5000,False
0.7605263157894736,0.15,0.001,5000,20260991,0.06074756562955727,0.07756092523877595,0.15054010652596178,0.18143612814181118,0.27415141953187616,0.7925939340354311,0.00016034115043341303,0.0022815541563296136,0.09224885327031211,0.40614380437632236,0.0915274234448837,0.4021252136618554,1.0078821166189917,1.009993381608362,0.0,0.9482,0.949,3.5148050563040156,exact,1,False,self_consistent_linear,-0.8513139771096128,0.00573379014879186,0.0016201620818267048,137.3803694240777,5000,False
0.7605263157894736,0.15,0.003,5000,20260992,0.18809911727073195,0.23861893381666824,0.4644027973276698,0.5503204811063914,0.8348247878460002,2.404841989553621,0.010728604548006103,0.005146420849164273,0.28456379953090033,1.22665922239155,0.27458227033465105,1.2063756409855664,1.0363516886362842,1.0168136529923737,0.0,0.946,0.9464,3.514805056304017,exact,1,False,self_consistent_linear,-0.8529769861216241,0.017526821526600886,0.00491261155023107,138.08114845914585,5000,False
0.8078947368421052,0.01,0.0001,5000,20260993,0.07816602239719464,0.09775951291094387,0.19162387108504514,0.2309339689912004,0.022859445502244197,0.06505878238645976,0.0037656828330976354,-0.0001501109352252288,0.11733362840618372,0.03330478021308315,0.11857288418294382,0.033874404134735116,0.9895485735604771,0.9831842378869221,0.0,0.9516,0.9548,20.90616246634431,exact,1,False,self_consistent_linear,-0.6042230577029424,0.005548726166183528,0.00026520257619874776,177.91683927436975,5000,False
0.8078947368421052,0.01,0.0003,5000,20260994,0.23474026047001484,0.2892321952619094,0.5946465869378386,0.7151423986921898,0.06643014296465266,0.1935178141692173,0.024588562958090837,0.003417448881697365,0.3640372395281274,0.09918104314744136,0.3557186525488315,0.10162321240420537,1.0233852988019905,0.9759683914827421,0.0,0.9438,0.9552,20.906162466344323,exact,1,False,self_consistent_linear,-0.5853246381625671,0.01721384164924791,0.0008037004991103408,178.06312626297614,5000,False
0.8078947368421052,0.01,0.001,5000,20260995,0.8011708111694714,1.0324705146650792,2.549948767126063,4.064947368420813,0.197978206992761,0.5950501068203459,0.3218306102056567,0.06420001221446885,1.4834602635000782,0.2984880958083035,1.1857288418294383,0.3387440413473512,1.2510957068491946,0.8811611700122308,0.0602,0.887,0.9684,20.906162466344313,exact,1,False,self_consistent_linear,-0.3476948527630447,0.07011451133437234,0.0027983404210282763,179.1505294666948,5000,False
0.8078947368421052,0.01,0.003,5000,20260996,2.3387499450546456,2.9654343932257765,4.064947368421052,7.015393515371861,0.5844411542976833,1.8049856992686353,-0.15393726144677763,0.3987987201328671,4.2584092820767125,0.8102397501369787,3.5571865254883153,1.0162321240420538,1.1971284754296474,0.7972979115384167,0.2904,0.9496,0.9644,20.906162466344313,exact,1,False,self_consistent_linear,0.11123417262507952,0.20125009703416571,0.00805203496001124,-179.74299856353207,5000,False
0.8078947368421052,0.05,0.0001,5000,20260997,0.01695836479296392,0.020743219717451095,0.04154632136842227,0.04961035930873441,0.022815023337712306,0.06784337862645384,0.0002372881991459951,0.0004736957849961544,0.02517861135111264,0.03443947134359748,0.02515186130400143,0.03422502784596279,1.001063541452773,1.0062656924225115,0.0,0.9476,0.947,5.075286380719622,exact,1,False,self_consistent_linear,-0.706050996097334,0.0012155269948485132,0.0002387481305633529,167.97993597311628,5000,False
0.8078947368421052,0.05,0.0003,5000,20260998,0.050910693940339896,0.06287358757822509,0.1236722033260052,0.14983901408171948,0.06912275376374614,0.19615781799882168,0.003321658418173894,-0.0003474748193059801,0.07553837612974602,0.1019833211372092,0.0754555839120043,0.10267508353788837,1.0010972311583761,0.9932626068872503,0.0,0.948,0.9566,5.075286380719626,exact,1,False,self_consistent_linear,-0.7037482230814776,0.003644207509485751,0.000709759514627351,168.1775518689506,5000,False
0.8078947368421052,0.05,0.001,5000,20260999,0.16705068900144354,0.20830904562212035,0.41899432404732745,0.5018055313180397,0.23184519870204784,0.6819963540220867,0.009066633637811593,0.004612616692077134,0.2548547374576791,0.3436315673740836,0.2515186130400142,0.3422502784596279,1.0132639265831755,1.004035902967479,0.0,0.9456,0.9432,5.075286380719624,exact,1,False,self_consistent_linear,-0.6941243937982923,0.01228787075744879,0.002424591260218831,168.33765598804945,5000,False
0.8078947368421052,0.05,0.003,5000,20261000,0.5230304496090571,0.6336854568898874,1.3666063574094423,1.8737060767891514,0.6545527560016893,1.8612503023970606,0.15452359844425656,0.08012386645401048,0.9160199108127106,0.9645135983621597,0.754555839120043,1.0267508353788841,1.2139855837322333,0.939384284022756,0.0062,0.9178,0.9648,5.075286380719624,exact,1,False,self_consistent_linear,-0.5785077698640396,0.043660248757449796,0.007800627650281114,172.4118339643526,5000,False
0.8078947368421052,0.15,0.0001,5000,20261001,0.007665216665528763,0.009537545962833854,0.01871429249757522,0.021830107320422055,0.023575828265368082,0.06940762781783238,-0.0001413448580745563,0.0006609667428539166,0.011353356150307633,0.035374430836436724,0.011283940627834643,0.03546275847856312,1.0061517092975267,0.9975092845025074,0.0,0.952,0.9506,4.539000136073715,exact,1,False,self_consistent_linear,-0.8910682877366293,0.0006278480947258821,0.00013720636211260077,147.8472181940435,5000,False
0.8078947368421052,0.15,0.0003,5000,20261002,0.02309758929161706,0.028150421377704186,0.05575441265198048,0.06649614610588546,0.07347430550565942,0.20804089799540534,0.00021461283784349606,0.0009684798194709661,0.033958539931747925,0.10623919152178832,0.03385182188350395,0.10638827543568942,1.0031525053100903,0.9985986809797363,0.0,0.9488,0.9502,4.539000136073713,exact,1,False,self_consistent_linear,-0.8928804050435455,0.0018808480664552648,0.00040818819128053875,147.70870873785103,5000,False
0.8078947368421052,0.15,0.001,5000,20261003,0.07628655802621401,0.09509535135432645,0.18507588009495166,0.22125297213158845,0.24256752964866984,0.6968360423714851,-0.00019573607899583668,0.007296942734696287,0.11302378286657228,0.35316945659653115,0.11283940627834649,0.35462758478563133,1.001633973399071,0.9958882832253967,0.0,0.9498,0.9492,4.539000136073713,exact,1,False,self_consistent_linear,-0.8861566330072569,0.006248707782189067,0.001398910212277653,147.827212183436,5000,False
0.8078947368421052,0.15,0.003,5000,20261004,0.23242071495941258,0.2820135714806751,0.5541567204305864,0.6712823362370164,0.7314409916550955,2.0474749444916824,0.0050579844148682515,0.055763701001063905,0.3410282857988549,1.0611555108668438,0.3385182188350396,1.0638827543568943,1.0074148652100714,0.9974365187527652,0.0,0.9484,0.9552,4.539000136073714,exact,1,False,self_consistent_linear,-0.8832873333294696,0.018820223145181704,0.004260359944090296,147.98355380388222,5000,False
0.8552631578947368,0.01,0.0001,5000,20261005,0.10756865075875136,0.1334554246671225,0.26147871470951034,0.31515700094411025,0.019947706306144408,0.05685236780947545,0.0038613917674790543,0.001654446862680964,0.15979841518727803,0.029183219704838566,0.15959441400496494,0.029003635782446545,1.001278247635326,1.0061917727742502,0.0,0.9472,0.9498,32.6112413274261,exact,1,False,self_consistent_linear,-0.5995514260056725,0.007553938548422604,0.00023350115929432315,178.67149551742085,5000,False
0.8552631578947368,0.01,0.0003,5000,20261006,0.32247169930196473,0.39907049795128857,0.8000371806591404,1.018325507286033,0.05702124182463894,0.16655480698344985,0.05205637269287587,0.009857452355157724,0.5139588644527167,0.08491020152122171,0.4787832420148949,0.08701090734733966,1.0734687836812955,0.9758569828753524,0.0004,0.9356,0.9536,32.6112413274261,exact,1,False,self_consistent_linear,-0.5044404521996153,0.02429295100085494,0.0007330400786938152,178.988815598037,5000,False
0.8552631578947368,0.01,0.001,5000,20261007,1.0999705151166306,1.389030029012646,3.0626315789473573,3.062631578947366,0.19652975201301154,0.6111358547857716,0.3357049927240342,0.13438105057529023,1.6008066286037506,0.2750077016900973,1.5959441400496497,0.2900363578244655,1.0030467786635373,0.9481835441353054,0.1434,1.0,0.934,32.6112413274261,exact,1,False,self_consistent_linear,-0.10129424586539153,0.07565300071251917,0.0027359134519133336,179.78875061651053,5000,False
0.8552631578947368,0.01,0.003,5000,20261008,2.8521682482906865,1.6645107005438677,3.528561147555868,5.128422456140645,0.6262196798647626,1.8603644742708223,-0.3409386393445432,0.492523383939755,3.7744349358031517,0.8016315389129084,4.787832420148949,0.8701090734733966,0.7883389819407525,0.9213000569145521,0.3452,0.971,0.9284,32.61124132742609,exact,1,False,self_consistent_linear,0.08372633722759211,0.1783772073999377,0.007988111728440906,-179.78398046803363,5000,False
0.8552631578947368,0.05,0.0001,5000,20261009,0.02208085243476695,0.027199932175151043,0.05356125692801406,0.06483810818356826,0.019048890691760953,0.0536985458878948,-0.0006580858956503934,0.0010604290224991548,0.0326385848982836,0.02785580050536412,0.03328270573767188,0.02841674615290952,0.9806469809135975,0.9802600324285204,0.0,0.9512,0.9572,7.740133935376154,exact,1,False,self_consistent_linear,-0.6724629746463112,0.0015540011035375144,0.00020463901392759216,172.9529793348977,5000,False
0.8552631578947368,0.05,0.0003,5000,20261010,0.06645172139595754,0.08286341403369779,0.16070373631356002,0.19403919939493114,0.056550213303515826,0.1661264633959674,0.0028546159040011387,0.0013036868368387162,0.09945242513415631,0.08463741273164886,0.09984811721301566,0.08525023845872859,0.9960370601879733,0.9928114485289515,0.0,0.9514,0.951,7.740133935376154,exact,1,False,self_consistent_linear,-0.6836259770293437,0.004736112770484121,0.0006130039545308085,172.86161611391546,5000,False
0.8552631578947368,0.05,0.001,5000,20261011,0.22427618037378177,0.27852895579094095,0.5638720082588251,0.6726774587369881,0.190855174756948,0.5586285338334189,0.018530964142064413,0.026145351781771166,0.3445243234393773,0.2824339594090668,0.3328270573767188,0.2841674615290952,1.0351451776633012,0.9938997163478868,0.0,0.942,0.9492,7.740133935376153,exact,1,False,self_consistent_linear,-0.6496541495874489,0.01638672278347561,0.0021334082672615317,173.45897052558325,5000,False
0.8552631578947368,0.05,0.003,5000,20261012,0.6698183119998529,0.8238402344661435,1.824626084462059,2.6488099086360104,0.512003720646887,1.7002957856450058,0.2021200545181554,0.25037016431073333,1.105262309600875,0.7978304411863368,0.9984811721301567,0.8525023845872859,1.1069435663397755,0.9358688674783978,0.0342,0.9118,0.9478,7.740133935376156,exact,1,False,self_consistent_linear,-0.2829161828110141,0.05228338287737009,0.007645056907988035,177.47149472703688,5000,False
0.8552631578947368,0.15,0.0001,5000,20261013,0.008905020664879085,0.011000134158246798,0.021909071283734795,0.025891629182361896,0.018239451787237237,0.0521544355374623,-9.355862840449377e-05,0.00019004173062007527,0.013277753389292464,0.026526188474489572,0.013382317234214581,0.026330243740561424,0.9921864171135639,1.0074418123834643,0.0,0.9548,0.9474,5.415630479015111,exact,1,False,self_consistent_linear,-0.8684499108481151,0.000670031857622408,0.00012316140561738736,159.10154694115917,5000,False
0.8552631578947368,0.15,0.0003,5000,20261014,0.026903295101129474,0.03272418509112835,0.06555337329284538,0.07815152270358681,0.05344573308967426,0.15304916950951736,0.000712149746101256,-0.0013799357654023583,0.039745578000346005,0.07874456508020083,0.040146951702643735,0.07899073122168428,0.990002386600343,0.9968836072577606,0.0,0.9528,0.9526,5.415630479015113,exact,1,False,self_consistent_linear,-0.861438098520463,0.0020018517262110963,0.000375239070941896,159.38629679738295,5000,False
0.8552631578947368,0.15,0.001,5000,20261015,0.08717742620188038,0.10770800705730796,0.21960417889742506,0.25847574266272816,0.17496954192631614,0.5172539617634563,0.0026131780672064508,0.005230694835556288,0.1314636260287229,0.26197062093476414,0.13382317234214577,0.26330243740561415,0.9823681783047991,0.9949418756469833,0.0,0.954,0.949,5.415630479015114,exact,1,False,self_consistent_linear,-0.859038837466087,0.006624213857887304,0.0012577726760264923,159.3083166590456,5000,False
0.8552631578947368,0.15,0.003,5000,20261016,0.2702588324926164,0.33268566491339374,0.6707513785362962,0.8030506609429383,0.5296670832840147,1.554288943112963,0.007940694479384424,0.08393010344530262,0.406898735055529,0.7893017761797986,0.40146951702643746,0.7899073122168427,1.0135233630421159,0.9992334087459644,0.0,0.9444,0.9494,5.415630479015113,exact,1,False,self_consistent_linear,-0.8386043723055703,0.0203870169302578,0.004055553172403606,160.1890549748676,5000,False
0.9026315789473683,0.01,0.0001,5000,20261017,0.15377963879492332,0.1954856742395507,0.3850335488083019,0.46689524323683895,0.015072537806627186,0.04407599911648721,0.011063148844130401,0.003566066061826106,0.2370060566026088,0.02223179022771648,0.23347046338979247,0.02180233408610517,1.0151436424183278,1.0196977140115016,0.0,0.9462,0.9424,50.633669420322256,exact,1,False,self_consistent_linear,0.053143526629057525,0.011200670534397097,0.00022200361781247473,-179.93953916433838,5000,False
0.9026315789473683,0.01,0.0003,5000,20261018,0.4714140291984839,0.5840818370031216,1.2059004472873667,1.5620333852592416,0.054452688197672516,0.20171622681367807,0.11059936780066287,0.03920099843286537,0.7368887122530468,0.09245952475128139,0.7004113901693775,0.06540700225831553,1.0520798527774484,1.4136028492198103,0.0246,0.9326,0.8658,50.63366942032226,exact,1,False,self_consistent_linear,0.3993012010502208,0.03482656642325597,0.0008476395720265466,-179.39224330838735,5000,False
0.9026315789473683,0.01,0.001,5000,20261019,1.5118607835220037,1.297838866796231,2.0603157894736834,2.323621705678904,0.2129187416942337,0.6543767376928016,0.09545358128704981,0.18444002501013565,1.5849872090442318,0.2721409829006773,2.334704633897925,0.21802334086105177,0.6788812537704195,1.2482194879956234,0.2702,1.0,0.8046,50.63366942032228,exact,1,False,self_consistent_linear,0.15696320758516322,0.07490609710370147,0.0026876327017028513,-179.67284082307648,5000,False
0.9026315789473683,0.01,0.003,5000,20261020,2.0603157894736834,0.7347173420912876,4.19459031167907,5.594038487872362,0.6204886216054059,1.895658731222207,-0.8831206190994102,0.49191868844630354,3.726383600464817,0.7994946196282003,7.004113901693774,0.6540700225831553,0.5320278414609566,1.2223379638631222,0.4118,0.9766,0.8378,50.63366942032226,exact,1,False,self_consistent_linear,0.11735580676621804,0.17610758957594325,0.007939587667495826,-179.69412049098077,5000,False
0.9026315789473683,0.05,0.0001,5000,20261021,0.0313428266417393,0.03802743864653283,0.07684463477600897,0.09005289100284844,0.013098997241076105,0.03794197194592126,0.00015546565848509916,0.0006840908623768371,0.04643496275565925,0.01935494281190363,0.04663343249285595,0.019369272412879657,0.9957440461362755,0.999260188990553,0.0,0.9538,0.9502,11.48105515443949,exact,1,False,self_consistent_linear,-0.13613760456612928,0.002194628340947696,0.00019173354375699253,179.3067817160543,5000,False
0.9026315789473683,0.05,0.0003,5000,20261022,0.095849717611212,0.11987028043488956,0.23359346025706082,0.27869064513923375,0.039841094107980965,0.11551135312171852,0.004574112754604842,0.005505163916863193,0.1420445773924395,0.05881562070669331,0.13990029747856786,0.058107817238638976,1.015327200531508,1.0121808648421178,0.0,0.9454,0.9474,11.481055154439494,exact,1,False,self_consistent_linear,-0.13378857546522238,0.0067133464110247275,0.0005828282777534123,179.3233075607588,5000,False
0.9026315789473683,0.05,0.001,5000,20261023,0.3090751606945509,0.39250984780404374,0.7761654251979465,0.9536548631739638,0.1474160665619253,0.460661808688433,0.027676376063943724,0.07930953998140759,0.4852076388057428,0.23157441581839006,0.4663343249285596,0.19369272412879657,1.0404716377677636,1.195576224455411,0.0016,0.9416,0.905,11.481055154439492,exact,1,False,self_consistent_linear,0.14284757343216145,0.022932827740376208,0.0022917546391706027,-179.16515998561624,5000,False
0.9026315789473683,0.05,0.003,5000,20261024,0.9224574039237088,1.1308899787649471,2.060315789473672,2.0603157894736834,0.575512562564032,1.9396982745955724,0.15015254626337837,0.5128648114277957,1.215337999872871,0.7951260696917193,1.3990029747856787,0.5810781723863897,0.868717237759309,1.3683633415901186,0.141,0.9998,0.7902,11.481055154439492,exact,1,False,self_consistent_linear,0.2680006643844486,0.057475864578530315,0.007655031423415943,-177.83683003474016,5000,False
0.9026315789473683,0.15,0.0001,5000,20261025,0.01083813415490113,0.01344636996496849,0.02630756726303969,0.030827355612851517,0.008871713039317053,0.025641283575679744,0.0001717599657592216,0.00016956778299628882,0.01601456622154876,0.013110953978289918,0.015754513757915378,0.01319333002569959,1.0165065369600967,0.9937562353667185,0.0,0.951,0.951,6.24767162289272,exact,1,False,self_consistent_linear,-0.4115591964894807,0.0007588019521722567,0.00011918080308541709,175.81858684056945,5000,False
0.9026315789473683,0.15,0.0003,5000,20261026,0.03198024459393142,0.038412266985333704,0.07577791964625,0.09012425658602698,0.02658485027261931,0.07704566552315177,0.000498522774843219,0.0003167499981499116,0.046475281094317596,0.03950414552569734,0.04726354127374612,0.039579990077098774,0.9833220245841715,0.9980837652749862,0.0,0.9542,0.9516,6.247671622892719,exact,1,False,self_consistent_linear,-0.40055366517357355,0.002202224754650775,0.00036100434238942394,175.76530723982762,5000,False
0.9026315789473683,0.15,0.001,5000,20261027,0.1085038099970756,0.1304524465868289,0.26032644970955504,0.3072185656548903,0.08984376548799022,0.2645036829249994,0.003127673925959667,0.01364834283087567,0.15846549571255236,0.13607858716039656,0.1575451375791538,0.1319333002569959,1.0058418694955669,1.0314195650023608,0.0,0.951,0.9438,6.247671622892722,exact,1,False,self_consistent_linear,-0.38542778862534066,0.007507788381751365,0.0012524927643940747,175.87895383474793,5000,False
0.9026315789473683,0.15,0.003,5000,20261028,0.3079400147349416,0.3866757294794062,0.7700456291111807,0.9135440122581199,0.28683467136235846,0.9389057387704559,0.015214505696924716,0.16384625806409112,0.46808001190019854,0.44935766852071696,0.4726354127374613,0.3957999007709877,0.9903617022455462,1.1353152632059857,0.0004,0.9528,0.9082,6.247671622892722,exact,1,False,self_consistent_linear,-0.19410268978748338,0.022138881601699488,0.0044045506052173035,177.6489248879958,5000,False
0.95,0.01,0.0001,5000,20261029,0.25948082032818265,0.31882957604132456,0.6204564934712176,0.7398964711424476,0.036386723272134866,0.14204171067786348,0.0290278857958917,0.016474138427163273,0.38139313329246055,0.06518532867258621,0.3778602270763277,0.05496843700585249,1.0093497700021739,1.1858683314143703,0.0098,0.95,0.9096,76.9454562641872,exact,1,False,self_consistent_linear,0.8922293443091559,0.01803363372822119,0.00029421239838741385,-178.15134114051432,5000,False
0.95,0.01,0.0003,5000,20261030,0.7605026372788182,0.6950998244281642,1.1313063018094873,1.3692771590474875,0.08876627274436262,0.32517621866475693,0.00013861910258068945,0.06035970275852837,0.8403532688033851,0.14387322618053439,1.133580681228982,0.16490531101755732,0.7413263852488279,0.8724596272415771,0.2216,0.9998,0.9482,76.94545626418723,exact,1,False,self_consistent_linear,0.7913018567513833,0.039730560349561704,0.0008793164602950707,-178.35717052433876,5000,False
0.95,0.01,0.001,5000,20261031,1.0579999999999987,0.7808243213079049,2.67963065659632,3.135723739630988,0.20272631663444673,0.6099170692136513,-0.4435499835350322,0.13193754046347966,1.5547105819445726,0.27888309674963224,3.778602270763276,0.5496843700585248,0.4114512379283892,0.5073513309464114,0.396,1.0,0.999,76.9454562641872,exact,1,False,self_consistent_linear,0.2319546656516057,0.07347688654585346,0.002712664780580725,-179.4948792834727,5000,False
0.95,0.01,0.003,5000,20261032,1.0579999999999987,2.726622862191591,5.392550966875334,7.906312909697622,0.602411375737596,1.7491043324658757,-1.957519217534012,0.41097271953250786,4.140431698557201,0.7830154315798582,11.335806812289833,1.649053110175575,0.36525249301781565,0.4748272974037146,0.4396,1.0,0.9996,76.94545626418723,exact,1,False,self_consistent_linear,0.18644391148087758,0.1956780298936253,0.007692642877112312,-179.57187077923118,5000,False
0.95,0.05,0.0001,5000,20261033,0.04884518765280445,0.05941072448043441,0.11727744033361068,0.13994725546579623,0.032432024150868405,0.09568195129734465,1.0322627974080412e-05,0.0015284396322579157,0.0712612354849524,0.04823111487095963,0.07129485452429947,0.04798254548702814,0.9995284506915487,1.0051804126148056,0.0,0.9496,0.9458,16.80723680664161,exact,1,False,self_consistent_linear,0.9050917072610566,0.003396010640363708,0.00020337893398776223,-172.58759408038935,5000,False
0.95,0.05,0.0003,5000,20261034,0.14273452261824043,0.17675732406287203,0.3500044801396271,0.4154152517542233,0.09325029316529232,0.30551398224972875,0.008645161651174425,0.02349676885528377,0.2125137313802635,0.15154760410422394,0.21388456357289848,0.1439476364610845,0.9935907848152503,1.052796751860487,0.0,0.9524,0.9346,16.807236806641605,exact,1,False,self_consistent_linear,0.898469622193385,0.010135457982723447,0.0006592905608323394,-172.2461624446424,5000,False
0.95,0.05,0.001,5000,20261035,0.489534282183701,0.6020127042743995,1.0579999999999963,1.0579999999999987,0.2825277162535056,1.253639063655263,0.056568541610945974,0.20895473126794523,0.6405686775640789,0.5289237053944558,0.7129485452429944,0.4798254548702814,0.8984781325919581,1.1023252310310379,0.1152,0.9938,0.8624,16.80723680664161,exact,1,False,self_consistent_linear,0.8570291148332698,0.030612810361201198,0.0026950884656601016,-171.41676163774494,5000,False
0.95,0.05,0.003,5000,20261036,1.0579999999999916,0.4947029434739958,1.9187141323403036,2.2387446789972896,0.6246617837421833,2.0035366707346203,-0.18434758128113526,0.4580007425845034,1.206234895166625,0.8694836445647303,2.1388456357289836,1.4394763646108442,0.5639653816136683,0.604027732542723,0.3456,1.0,0.9962,16.8072368066416,exact,1,False,self_consistent_linear,0.5129237054634589,0.05718263270541699,0.007440814982384158,-175.44939471514175,5000,False
0.95,0.15,0.0001,5000,20261037,0.013625634359490636,0.01669775980180776,0.032520781946920985,0.03920103145945035,0.020942219343314528,0.05877954548353146,0.0002314117690940543,0.0005337923705190839,0.02008557012643907,0.030710261912140716,0.019945611410010503,0.030521266270793473,1.007017018107468,1.0061922608213703,0.0,0.9496,0.9528,8.161196931949101,exact,1,False,self_consistent_linear,0.9129477621019736,0.0009904094935248443,0.00012010988508486807,-163.2916947050322,5000,False
0.95,0.15,0.0003,5000,20261038,0.04096608066852658,0.049118851583774006,0.09853797334506378,0.11835789491192791,0.06206091652094653,0.17756308953328181,2.096328835317349e-05,0.003928997758706816,0.06018217823016906,0.09145273652731237,0.05983683423003155,0.09156379881238047,1.0057714283280745,0.9987870502697722,0.0,0.9482,0.9524,8.161196931949103,exact,1,False,self_consistent_linear,0.9111991224037632,0.0029656343679421303,0.00036132077750176614,-163.41649024673004,5000,False
0.95,0.15,0.001,5000,20261039,0.13379932563248206,0.16809289788711035,0.32714250791566707,0.39175369233835244,0.20062413915987037,0.6481434643410906,0.00019467207076799236,0.04339906527998983,0.20054123237446767,0.3233048832999623,0.19945611410010505,0.3052126627079348,1.0054403861183117,1.0592774245717989,0.0,0.9496,0.9368,8.161196931949101,exact,1,False,self_consistent_linear,0.9030415981027862,0.009925460159071876,0.0013260701377813813,-162.55680782261484,5000,False
0.95,0.15,0.003,5000,20261040,0.4104071193628843,0.493010254925941,0.9849567824166796,1.0579999999999963,0.5185706673325463,2.60726095174083,0.014876059109036638,0.36778542090496213,0.567505364489608,1.0247839625910276,0.598368342300315,0.915637988123804,0.948421439389557,1.1192021037603193,0.0538,0.9856,0.8812,8.161196931949101,exact,1,False,self_consistent_linear,0.8454468212182155,0.02823637263242869,0.005198373282449807,-161.44535727804174,5000,False
