xi_d,s_bar,sigma_rel,n_real,seed,abs_err_xi_mm_median,abs_err_xi_mm_iqr,abs_err_xi_mm_p90,abs_err_xi_mm_p95,abs_err_s_pp_median,abs_err_s_pp_p95,bias_xi_mm,bias_s_pp,std_xi_mm,std_s_pp,crlb_xi_mm,crlb_s_pp,ratio_std_over_crlb_xi,ratio_std_over_crlb_s,boundary_hit_prob,coverage95_xi,coverage95_s,cond2,corr_xi_s,ellipse_major,ellipse_minor,ellipse_angle_deg,n_real_requested,reduced
0.05,0.01,0.0001,5000,20260801,0.9965954929524232,0.6114988259392529,1.6151493099202232,1.8401604523165727,0.08856026979990371,0.28296236695791427,0.19675309016660242,0.04739634598819857,1.0104714451939685,0.14779244132181868,1.9923764248453826,0.3102904269228888,0.5071689428730245,0.4763035804470598,0.2204,1.0,1.0,1530.613976807194,-0.9071771996681899,0.04777266982785587,0.000621589898829424,178.39151107038157,5000,False
0.05,0.01,0.0003,5000,20260802,1.0579999999999998,1.3268305581767161,2.7486568028300526,3.0654125271414117,0.07833540540628453,0.29613144377916023,0.7240699605280937,0.0490187321563177,1.4595355237252976,0.14424089809715437,5.97712927453401,0.9308712807683334,0.24418670848290897,0.15495257086253553,0.2306,1.0,1.0,1530.6139768071887,-0.7257521605695552,0.06898410388333068,0.000992199987914835,179.13032517243514,5000,False
0.05,0.01,0.001,5000,20260803,1.058,2.620704276614019,4.510893647029879,4.971895160458964,0.125706235719135,0.3906677535689767,1.4701088693855675,0.1136565807283356,2.1576820006888258,0.16934092070613144,19.92376424845267,3.1029042692287074,0.10829690483094312,0.05457497428634004,0.2128,1.0,1.0,1530.6139768072028,0.029991274770577628,0.10196986145501535,0.0016926472347764626,-179.97145517749686,5000,False
0.05,0.01,0.003,5000,20260804,1.7295290814482578,4.474907185770122,7.182975171508877,7.982555857106614,0.25935270227078816,1.1002678081772819,2.6024920230304387,0.2940482019330694,3.2351464187048404,0.41474504675293666,59.77129274532952,9.308712807681685,0.05412542158806882,0.044554500210886624,0.188,1.0,1.0,1530.6139768071894,0.6127682800397701,0.1529108481457783,0.0032771222125722002,-179.04724467533453,5000,False
0.05,0.05,0.0001,5000,20260805,0.2753524463824966,0.3375437399902066,0.6576030993862921,0.7741074701574249,0.20742083544464973,0.7716759281148692,-0.020907432807830247,0.08139895304414516,0.39562510996454525,0.3490820754175919,0.3984752849688628,0.3102904269227224,0.9928472979082247,1.1250172262147506,0.0062,0.9522,0.914,314.089791505113,-0.9687043695890781,0.01900080657548625,0.0008526205617527796,169.72720882477438,5000,False
0.05,0.05,0.0003,5000,20260806,0.7146326619463144,0.7244571502524664,1.1464133531485772,1.355477911913056,0.4269204177134271,1.4020772670236654,0.045076597055948915,0.2303918719672767,0.8134722736484918,0.6836686040717908,1.195425854906985,0.9308712807684758,0.680487434924843,0.734439463539354,0.1672,1.0,1.0,314.08979150511135,-0.9373695709706633,0.038976324481829035,0.00234893379534223,170.50113332225672,5000,False
0.05,0.05,0.001,5000,20260807,1.0579999999999994,1.0500431330694686,2.3071316551420185,2.576213974249471,0.42387003361142145,1.4538000456962448,0.48255607807855294,0.25071562774570477,1.3003592933518953,0.74460279741474,3.984752849689688,3.1029042692280484,0.326333738227494,0.23996963257908854,0.2438,1.0,1.0,314.08979150511226,-0.8249055028566491,0.06176127391968603,0.004188056766057064,174.26580903800757,5000,False
0.05,0.05,0.003,5000,20260808,1.058,1.913821300601713,3.6164729127156985,4.021830303676481,0.4521407913495305,1.5802729528013006,1.0841836398499836,0.38456129917038845,1.813879207205479,0.7215682429142248,11.9542585490654,9.308712807681292,0.15173498212043357,0.07751536198633249,0.231,1.0,1.0,314.08979150511203,-0.39821049559249583,0.08577051134546626,0.0066151652022848955,178.06870079402808,5000,False
0.05,0.15,0.0001,5000,20260809,0.09202099574299674,0.11161266528880698,0.2209335071640847,0.2658747922482405,0.2153757179088625,0.634029294375885,-0.0033829028668831158,0.029962766651965803,0.13504880582706877,0.3227579941718422,0.1328250949896779,0.31029042692285536,1.016741646882042,1.0401803154954778,0.0,0.9444,0.9424,126.82879956952276,-0.9951645737498095,0.007146360468286462,0.00028312219618748565,153.24013491606317,5000,False
0.05,0.15,0.0003,5000,20260810,0.2630973196033908,0.3221263340324799,0.6489221405603867,0.7555039344871476,0.6007501179996322,2.291748100075263,-0.01101100897055904,0.21473929646936213,0.389482711358117,1.035785203787025,0.3984752849688773,0.9308712807682008,0.9774325436232195,1.112705080913275,0.0066,0.9566,0.92,126.82879956952307,-0.967938814378007,0.020997252548775627,0.002280737678604749,151.0496067408371,5000,False
0.05,0.15,0.001,5000,20260811,0.7640272728590275,0.7113575953084664,1.2677266851245135,1.4853741190767031,1.2909358158408115,4.202075507126053,0.10319658466813673,0.6215630997654563,0.8539127730375744,2.0700899836864477,1.3282509498959774,3.1029042692266815,0.6428851212976351,0.6671459394402665,0.1694,1.0,1.0,126.82879956952331,-0.9296179475879686,0.04483192456585086,0.006866988438176491,153.8450246409002,5000,False
0.05,0.15,0.003,5000,20260812,1.0579999999999983,1.0557573411715602,2.3058851911910216,2.5682220373926112,1.2582002728813935,4.362709384856706,0.5084404720825896,0.7028911196473495,1.294980737541555,2.2354506755844312,3.984752849687705,9.308712807679512,0.32498395418502446,0.2401460569006089,0.2408,1.0,1.0,126.82879956952331,-0.8285523334957571,0.06404730359425628,0.011960005317946864,162.5330218228509,5000,False
0.09736842105263158,0.01,0.0001,5000,20260813,0.6252673926540958,0.7706512593283401,2.0603157894686537,2.060315789473683,0.01250095762478148,0.40218722108095445,-0.22602321960966557,0.0772565354924975,0.981025060690612,0.13499655228732896,0.9638804075304431,0.03344473489072886,1.0177871165615815,4.0364067088105715,0.1106,0.8746,0.738,811.6505120495519,-0.8709619429383467,0.04637715262297778,0.0006630929625968934,178.54696598915856,5000,False
0.09736842105263158,0.01,0.0003,5000,20260814,1.2715973357260646,1.3108832462389686,2.0603157894736843,2.0748465493562507,0.06629461933055064,0.4176362165626809,-0.05358792187568633,0.12927159676581337,1.437967283065814,0.1499677981487635,2.891641222591326,0.10033420467218646,0.4972841277235591,1.494682682129596,0.1862,1.0,0.753,811.6505120495515,-0.7044036007855302,0.06796507806538082,0.0010643423130891104,179.1091995585241,5000,False
0.09736842105263158,0.01,0.001,5000,20260815,2.060315788566742,1.4570639319528798,3.4695747516905513,3.9300206515251124,0.18574857261143213,0.5080586785119493,0.5838357824635029,0.2120156592063119,2.1091153920328187,0.17788438714157476,9.638804075304359,0.334447348907286,0.2188150496218298,0.5318756082915971,0.1916,1.0,0.994,811.6505120495517,0.043596688613887484,0.09967467063431831,0.0017771520305925213,-179.9554069391403,5000,False
0.09736842105263158,0.01,0.003,5000,20260816,2.0603157894736843,3.053602316294163,5.881744280097558,6.685484976214842,0.3331491850469314,1.19384801885609,1.5051544993448955,0.4003132665741994,3.123506053026897,0.41214211186062255,28.9164122259132,1.0033420467218623,0.10801845085842957,0.41076930166255954,0.1876,1.0,0.9972,811.6505120495518,0.6002651309241802,0.1476344476496141,0.0032958540002575153,-179.03935724241683,5000,False
0.09736842105263158,0.05,0.0001,5000,20260817,0.1280902707408888,0.1566232760690179,0.3198477649700485,0.41065622669221424,0.020103028563470127,0.10735460997926831,-0.020158972937249203,0.015278072973504328,0.20492990455772972,0.05766778091302988,0.1927760815060871,0.0334447348907286,1.063046322742372,1.7242708337035224,0.0,0.9354,0.8948,162.53420052304014,-0.8475938080062202,0.009697117056434952,0.0003056221532369433,177.1078713674627,5000,False
0.09736842105263158,0.05,0.0003,5000,20260818,0.3777422186833248,0.47697373595303993,1.2405287651688492,1.9287695894591055,0.03599861731138389,1.7259572360048432,-0.16951045697596673,0.21255472453193447,0.7149199571201549,0.4972455208054836,0.5783282445182609,0.1003342046721857,1.236183713827902,4.955892384158483,0.0438,0.8896,0.7874,162.5342005230401,-0.8766109267246266,0.03406778899918047,0.0023729804473994302,172.61262184217256,5000,False
0.09736842105263158,0.05,0.001,5000,20260819,1.011243576470581,1.0855608625657,2.0603157894736834,2.0603157894736843,0.18239776003460412,2.0453832898840205,-0.1502801086849215,0.543147025579699,1.2535018745120896,0.7405817148241639,1.927760815060873,0.3344473489072863,0.6502372414248433,2.214344701023371,0.1636,1.0,0.7348,162.53420052304008,-0.7947168873717254,0.05953253847786256,0.004473037043025189,174.29385542291834,5000,False
0.09736842105263158,0.05,0.003,5000,20260820,1.7225126870351317,1.1774667273546897,2.6238605268513346,2.9989743409986303,0.6173419039540016,2.203347026194314,0.23117397589887934,0.842514464369642,1.7826342150724104,0.7770275538137363,5.783282445182632,1.0033420467218608,0.3082391759298064,0.774439341351692,0.2062,1.0,0.8624,162.53420052304017,-0.3858645513272127,0.08429919867759214,0.007163941383698344,177.94688487272438,5000,False
0.09736842105263158,0.15,0.0001,5000,20260821,0.04401412141576737,0.054845690583554055,0.10730251906444468,0.1287890828992552,0.022573315087709434,0.07240898633523453,-0.0027020531533051523,0.004703511625061589,0.06544225794231191,0.035494816641185194,0.06425869383536281,0.03344473489072882,1.0184187389488728,1.0612975930936344,0.0,0.9454,0.9334,54.745196395587904,-0.9779893825381445,0.0031121659433717523,7.35991661700442e-05,173.59219692652098,5000,False
0.09736842105263158,0.15,0.0003,5000,20260822,0.13132488812565263,0.15776477047798845,0.32018791818796866,0.3929628272077628,0.06139942219764716,0.2940022532594692,-0.013023203271299669,0.0406240373332497,0.20116577628325594,0.14811870035388203,0.19277608150608846,0.10033420467218646,1.0435204134850231,1.476253296050114,0.0,0.943,0.898,54.74519639558789,-0.8968495327761163,0.009599679835564416,0.0006488489686811314,172.00879116697368,5000,False
0.09736842105263158,0.15,0.001,5000,20260823,0.43994999057734285,0.5543439495477933,1.575167471292784,2.060315789472999,0.11641450762343297,5.963479747416699,-0.2014377180646655,0.8042228902107028,0.7989107827730196,1.7034915327475562,0.6425869383536267,0.33444734890728745,1.2432726765656186,5.093452043537601,0.0644,0.8732,0.7618,54.74519639558792,-0.8848699655960864,0.04076345811710007,0.007349987378147864,157.463078549036,5000,False
0.09736842105263158,0.15,0.003,5000,20260824,1.0596791269569676,1.1736362247320027,2.0603157894736817,2.0603157894736843,0.5804553904672647,6.155129597852858,-0.1897649092672122,1.725041178320944,1.2755897207285984,2.272140117229381,1.9277608150608767,1.0033420467218603,0.6616950146319457,2.2645718124272416,0.1732,1.0,0.72,54.74519639558792,-0.8020770282143932,0.06310527394296887,0.012962822603152175,162.4130182057167,5000,False
0.14473684210526316,0.01,0.0001,5000,20260825,0.29816605801509477,0.3764982137162629,0.7858125285020399,1.1255721557084104,0.014892274854121437,0.05855516870648905,-0.1170206955419154,0.014451513002410247,0.6397168237358367,0.0573317856759326,0.4483062160414535,0.02590009429794544,1.4269639832000098,2.2135743992438095,0.0178,0.9206,0.932,372.3435887717472,-0.43970249084663027,0.03023341536697505,0.0005149037926518439,179.52211781279502,5000,False
0.14473684210526316,0.01,0.0003,5000,20260826,0.875519816253675,1.1668245665650145,3.0626315789466787,3.062631578947369,0.04872390057609876,0.3874035989272717,-0.3991310427578349,0.09290304229525631,1.4363405404307508,0.1280041380116398,1.3449186481243611,0.07770028289383635,1.0679757786345574,1.6474089056604178,0.1216,0.8564,0.793,372.3435887717475,-0.5493386488698896,0.06788363067922334,0.0010695449391534121,179.40634062155948,5000,False
0.14473684210526316,0.01,0.001,5000,20260827,1.9451795328392887,1.7677035380629937,3.062631578947369,3.062631578947369,0.18274305916902503,0.5010195092639941,-0.1342506993804716,0.20339239122427238,2.148581107146968,0.17822035010124732,4.483062160414512,0.2590009429794531,0.4792664099371546,0.6881069545580217,0.172,1.0,0.9532,372.3435887717474,0.11323036761235844,0.1015399504536548,0.001770738227225413,-179.88609618348897,5000,False
0.14473684210526316,0.01,0.003,5000,20260828,2.9547713076979196,1.7819840134852643,5.108702189720795,5.940481817435651,0.33802453334791005,1.2207805367657771,0.7391452680868801,0.40653660501779804,3.190142417465967,0.4239168925072416,13.449186481243613,0.7770028289383636,0.2371996567907639,0.545579599866385,0.1842,1.0,0.9818,372.3435887717473,0.6233857165872859,0.1507860442379488,0.0033141582122489643,-178.99531204547912,5000,False
0.14473684210526316,0.05,0.0001,5000,20260829,0.06048177004673755,0.07385513290711956,0.14829068577572116,0.17635955725861166,0.01723306423914578,0.0500085876484755,-0.0037814113730562054,0.0005030273208879998,0.09036940120136512,0.025677458785327855,0.0896612432082905,0.025900094297945382,1.0078981505022133,0.9914040655583565,0.0,0.949,0.9536,74.72293150680562,0.9710069501335715,0.00427803897373617,6.127792833571566e-05,-176.6581433880548,5000,False
0.14473684210526316,0.05,0.0003,5000,20260830,0.18193200172118063,0.22786646767931917,0.4658666664596304,0.572685405110474,0.05081090912575047,0.138798197675188,-0.03757894454425501,0.01183528577387234,0.32036921051389594,0.11016536382261839,0.26898372962487094,0.07770028289383597,1.1910356472515569,1.4178244881442754,0.0016,0.9338,0.9644,74.72293150680564,0.18671926181903917,0.015141726312195705,0.0010821788147201497,-179.21761740315733,5000,False
0.14473684210526316,0.05,0.001,5000,20260831,0.6126661604106658,0.7712906260660666,2.4650388299498607,3.0626315789473675,0.143421573699205,1.8904516289029165,-0.3051443908124679,0.30092288176844295,1.1785425033199468,0.5492956441613132,0.8966124320829053,0.25900094297945386,1.314439172544256,2.120824881339864,0.0808,0.864,0.8386,74.7229315068056,-0.5974841934552364,0.05579393258580367,0.004397020826742977,176.60661918801665,5000,False
0.14473684210526316,0.05,0.003,5000,20260832,1.5088695671076695,1.5694092579876622,3.062631578947368,3.062631578947369,0.5817368112744827,2.065522463877845,-0.34977242163148886,0.7563614163477059,1.831244659521911,0.7383753434297041,2.68983729624872,0.7770028289383627,0.6808012745141824,0.9502865574357866,0.1666,1.0,0.7844,74.72293150680557,-0.25107993575279824,0.08656274446350179,0.007145574292237285,178.76438081615325,5000,False
0.14473684210526316,0.15,0.0001,5000,20260833,0.020721713251758728,0.025288648391224508,0.04940244447263866,0.057924969714793134,0.018138743315708472,0.05044533344693195,-0.00022983787187151817,0.00037645598221109353,0.030195095452426712,0.026292965776749163,0.02988708106943019,0.025900094297945403,1.0103059372804248,1.0151687277383745,0.0,0.9514,0.9518,25.614896606881093,0.9756351102595874,0.001449899066574365,5.677513066162698e-05,-169.7932249362963,5000,False
0.14473684210526316,0.15,0.0003,5000,20260834,0.05880336823839221,0.07338450821422622,0.14923665251180918,0.17732273287800826,0.05116909598055358,0.15130128823408404,-0.004849467419132998,0.0005797264823858522,0.09026955299583184,0.07686324660342156,0.08966124320829078,0.07770028289383638,1.006784534384917,0.9892273713911894,0.0,0.9478,0.9522,25.61489660688109,0.9714181224551485,0.004331010731678266,0.00017971728232534108,-170.05508440106988,5000,False
0.14473684210526316,0.15,0.001,5000,20260835,0.20381339020553338,0.24976529638506478,0.4973398910721709,0.6137198262693782,0.16746601256049098,0.4819978685272489,-0.04300950777320427,0.04397023840145432,0.34802633971605046,0.3551691415873198,0.2988708106943013,0.2590009429794535,1.1644708257308796,1.3713044342680072,0.0018,0.9418,0.9582,25.6148966068811,0.2161180794321972,0.0164661014205598,0.0034638101990214854,-177.20417644863738,5000,False
0.14473684210526316,0.15,0.003,5000,20260836,0.6043129478481577,0.8064697304480782,2.7554191874449163,3.0626315789473657,0.41788378310178287,5.682833036596722,-0.3469851723498105,0.9485451874916365,1.2069788047715255,1.707836958930709,0.896612432082908,0.7770028289383638,1.3461544381752657,2.1979803616212883,0.0898,0.853,0.8264,25.61489660688111,-0.6205009605821399,0.05807096348626032,0.013155317778325305,168.8984900479644,5000,False
0.19210526315789472,0.01,0.0001,5000,20260837,0.17837462041624325,0.2166471069974168,0.4421075090251088,0.5336402737298183,0.020911427478582847,0.05925533952714881,-0.025413495142248974,-0.0008885129999360007,0.27526749575498477,0.030599367749643284,0.2672035122825388,0.031039958216536486,1.0301791821655366,0.9858057003872358,0.0,0.9452,0.9542,203.3213776211682,0.9713365492801508,0.01301225595357003,7.271830505836501e-05,-178.69110876135508,5000,False
0.19210526315789472,0.01,0.0003,5000,20260838,0.5472938392653913,0.7057264381423581,1.7554628401466275,3.8902736283869874,0.06059763565894613,0.232465382994202,-0.2833064827754589,0.026879202435571875,1.2171635554000195,0.09390746634196015,0.8016105368476155,0.09311987464960933,1.5183976500441132,1.008457825950844,0.049,0.886,0.9306,203.32137762116815,0.028328547299542896,0.057521913308213206,0.0009386976805739628,-179.97349490141522,5000,False
0.19210526315789472,0.01,0.001,5000,20260839,1.7531719836304411,2.0534708398322654,4.064947368421047,4.064947368421053,0.14134337504164976,0.45283959868683166,-0.547216736026809,0.136549675360755,2.256958052618149,0.1859498854521075,2.6720351228253816,0.31039958216536406,0.8446588270260703,0.5990661590293105,0.145,1.0,0.9892,203.3213776211683,0.33478134165979845,0.10666335082441612,0.0017521681873145626,-179.6655091447694,5000,False
0.19210526315789472,0.01,0.003,5000,20260840,3.068638563529443,2.0982332784830984,4.491445153490836,5.384180932560149,0.2744131539094922,1.180710476401603,0.038749955812636176,0.3260018177847972,3.3702415078194985,0.43551920915374875,8.016105368476103,0.9311987464960872,0.4204337833523509,0.4676973748005134,0.1744,0.9998,0.9958,203.3213776211682,0.6538504383923538,0.15929963854798265,0.0032947153063852598,-178.9752862246469,5000,False
0.19210526315789472,0.05,0.0001,5000,20260841,0.03534215550632649,0.04464380503980196,0.08750816067680843,0.10297848484525596,0.020712902605519307,0.059868513120775534,-0.00041442987707200184,0.00015109755332810626,0.05296646759277947,0.03078968542929099,0.0534407024565077,0.03103995821653645,0.9911259612630618,0.9919370771861371,0.0,0.9524,0.9526,41.23033950342234,0.979259774540639,0.0025212458020814977,6.193462983977649e-05,-173.12747110984438,5000,False
0.19210526315789472,0.05,0.0003,5000,20260842,0.10908763278606656,0.13303872071271794,0.25776936347783347,0.31186513676159056,0.0639972666992606,0.1792731223885577,-0.007264308305974729,-0.0006703589805311559,0.1594744037487771,0.09127954990834287,0.16032210736952235,0.09311987464960891,0.9947124970183221,0.9802370358831474,0.0,0.9514,0.9538,41.23033950342236,0.9767435058486431,0.007589184618980929,0.00019435735470744447,-173.24891062337386,5000,False
0.19210526315789472,0.05,0.001,5000,20260843,0.3538136161650674,0.4444676730616157,0.9447500926352007,1.2175383316737316,0.20564683816757973,0.5544860151822759,-0.1323230003907085,0.026901213397572833,0.7367851817360124,0.32027352429859457,0.5344070245650777,0.3103995821653649,1.3786966635321427,1.0318104234044019,0.0136,0.9238,0.9626,41.23033950342235,0.30084546198692225,0.03483314762733616,0.0030531840247521543,-178.40264493957665,5000,False
0.19210526315789472,0.05,0.003,5000,20260844,1.0913167832612036,1.5384087471628778,4.064947368403959,4.064947368421053,0.5000544695741155,1.5671946876538707,-0.5347521286350033,0.41774502492939103,1.8633139958686755,0.6912622784758654,1.6032210736952224,0.9311987464960885,1.162231476644685,0.7423359203144815,0.1158,0.8478,0.9834,41.230339503422385,0.09885951613048566,0.08806098531115043,0.00687855220874125,-179.55263414852521,5000,False
0.19210526315789472,0.15,0.0001,5000,20260845,0.011909395633865682,0.015138753910423578,0.02986964305686454,0.03594352358831578,0.020765901336358694,0.06241402894675828,-8.5046583181891e-05,-0.00011315565689782702,0.018086486769235875,0.031386096617638914,0.01781356748550256,0.03103995821653644,1.0153208661855873,1.0111513810259598,0.0,0.9436,0.9434,15.323310833784213,0.9796040233505294,0.0009086168788911435,5.932755842835836e-05,-160.12767693035377,5000,False
0.19210526315789472,0.15,0.0003,5000,20260846,0.035732762503222826,0.04471433955913888,0.08923532176211352,0.10666222433987095,0.06310285201626409,0.18267428549842468,-0.0009300673333984147,-3.354542389096924e-05,0.05386225375770172,0.09347345078740799,0.05344070245650755,0.09311987464960908,1.0078882065881758,1.003796999718152,0.0,0.9456,0.9498,15.323310833784195,0.9795741578764138,0.0027059025190112134,0.00017681571459683606,-160.12722740507726,5000,False
0.19210526315789472,0.15,0.001,5000,20260847,0.1205287839788222,0.14757053874935727,0.2981595369988059,0.3522887067646265,0.20978937265565684,0.6125787892703652,-0.006980181935138033,-0.0001899700354654609,0.18170008394023895,0.31007865881591096,0.17813567485502563,0.31039958216536445,1.020009518520724,0.9989660960649022,0.0,0.9474,0.9488,15.323310833784216,0.9774833348094449,0.009108803486966782,0.00061682001839608,-160.46511276334726,5000,False
0.19210526315789472,0.15,0.003,5000,20260848,0.3620911911908126,0.46867459350381735,0.9669323295963073,1.280923390948696,0.6333120383126833,1.727406902001479,-0.12727476638187696,0.11801624712155892,0.7782726228945938,0.9906328679126251,0.5344070245650769,0.9311987464960934,1.4563293278713634,1.063825388124898,0.0148,0.9196,0.9584,15.323310833784202,0.2713385491245358,0.03688547304799151,0.009507513941168983,-175.52204733790379,5000,False
0.23947368421052628,0.01,0.0001,5000,20260849,0.13303132438656817,0.16384959576550243,0.3263312332740538,0.3862328687677231,0.019590454708456537,0.05607977468130968,-0.004097714302489934,6.933614040584558e-05,0.19830461384396522,0.028949161331299406,0.19457770671757127,0.028445662879545346,1.019153823884889,1.0177003592388107,0.0,0.9476,0.9478,130.0274783092919,0.9690857128756816,0.009375871957610273,7.139263360036285e-05,-178.28525648822554,5000,False
0.23947368421052628,0.01,0.0003,5000,20260850,0.38748253270995925,0.48131713275330484,0.9938814171942157,1.2661573847614203,0.0570447144792742,0.16503835306536366,-0.09634054217153348,-0.0022732660617240294,0.713810639792187,0.08290408391873264,0.5837331201527126,0.08533698863863587,1.2228373123756353,0.9714906190303304,0.0042,0.9328,0.9524,130.02747830929195,0.7937318807407872,0.03374038104228171,0.0005041829017869699,-178.88224415161,5000,False
0.23947368421052628,0.01,0.001,5000,20260851,1.3263378878049688,1.8680517626703597,5.067263154418694,5.067263157894736,0.1416576220915771,0.40678891404603323,-0.6164205040796743,0.06542411606733016,2.289822132737041,0.19301072450557286,1.945777067175707,0.2844566287954527,1.1768162814564953,0.678524263339854,0.1016,0.8496,0.9904,130.0274783092919,0.5413726082688963,0.10821970232017433,0.0016227252900194804,-179.4466518900631,5000,False
0.23947368421052628,0.01,0.003,5000,20260852,3.363026402218211,2.9597464471967863,5.067263157894736,5.288795650868071,0.27084945390450865,1.1050005088705723,-0.3680622581676414,0.240615346650562,3.630383846600322,0.4496828168802189,5.837331201527119,0.8533698863863579,0.6219252807945124,0.5269494788296617,0.1566,0.999,0.9954,130.027478309292,0.6797115807817538,0.171595469320475,0.003297807754920844,-178.97898710903087,5000,False
0.23947368421052628,0.05,0.0001,5000,20260853,0.025756614386157402,0.0319336627168713,0.06232714021495567,0.07395982511214162,0.018660727143423456,0.054109027557676034,-2.8846075775439584e-05,-3.341633245697637e-05,0.037993045108583964,0.02780167079264267,0.03891554134351427,0.028445662879545357,0.9762949144973398,0.9773606229663304,0.0,0.9556,0.9558,26.566102728339082,0.9662792249916542,0.0018155291306141874,7.079905871879214e-05,-171.47756009184738,5000,False
0.23947368421052628,0.05,0.0003,5000,20260854,0.0764240727631916,0.09757754925683204,0.19636468508108512,0.2365033357176078,0.056575117933588964,0.17284153566636748,-0.0001254063221998095,0.0012609788065788077,0.11805933626887694,0.08636760765422485,0.11674662403054276,0.08533698863863601,1.0112441130459648,1.0120770492611715,0.0,0.942,0.9442,26.566102728339096,0.9685582032614904,0.005641815542420896,0.0002124929319134758,-171.46088729748553,5000,False
0.23947368421052628,0.05,0.001,5000,20260855,0.2579350133671987,0.32538455507017383,0.64587397095436,0.7929674743270924,0.1894637502404966,0.5675682659273367,-0.028175011772684406,-0.0044687964957299126,0.40240515580790126,0.28350573315257555,0.38915541343514165,0.28445662879545286,1.034047431733769,0.9966571506984951,0.0,0.9422,0.9454,26.566102728339082,0.9647434673912297,0.019213228466458284,0.0007385537332046123,-171.8035245759979,5000,False
0.23947368421052628,0.05,0.003,5000,20260856,0.7748900971431825,1.0299547571378176,2.7643266379635336,5.0672631576243,0.5261270476778789,1.3028202866944747,-0.3939024736360561,0.1129255488540176,1.6504078200372139,0.6980926106753179,1.1674662403054252,0.8533698863863588,1.4136664196863153,0.8180422367977257,0.0522,0.8814,0.9852,26.566102728339114,0.5204241283625317,0.07808165116834202,0.005954574053366938,-177.3175066190934,5000,False
0.23947368421052628,0.15,0.0001,5000,20260857,0.008894749172373314,0.010649627577484187,0.02148903671075365,0.025679111578532372,0.019163305464582614,0.056686745159410246,-0.00017636757889252146,-0.00031401216940000196,0.013029959502403073,0.028649952401328758,0.012971847114504727,0.02844566287954529,1.0044798853536723,1.007181745865742,0.0,0.948,0.9466,10.429563838998188,0.969144950227629,0.000676116393897884,6.431789310131612e-05,-155.49277047262902,5000,False
0.23947368421052628,0.15,0.0003,5000,20260858,0.026090610713466793,0.03230940247415366,0.06424760100008285,0.07775302601161795,0.05776796211864471,0.17007244860993173,-0.0003125324034240432,-0.00037732888776886766,0.03915851109906788,0.08627790429875631,0.03891554134351416,0.08533698863863583,1.0062435147287039,1.0110258830916197,0.0,0.9464,0.9462,10.429563838998181,0.9684143040363486,0.0020324135172992254,0.00019588514456174184,-155.45817372512568,5000,False
0.23947368421052628,0.15,0.001,5000,20260859,0.08677550163246954,0.10837012713172764,0.21195155719947995,0.25265399911829467,0.18742398456796233,0.5470698232738986,-0.002363794832222682,0.0014415004516289045,0.1289977518389276,0.2812641470478682,0.12971847114504753,0.2844566287954535,0.9944439731692948,0.9887769121039501,0.0,0.9518,0.9542,10.429563838998186,0.9671569877795039,0.006682097787542551,0.000652242400952839,-155.7064105849105,5000,False
0.23947368421052628,0.15,0.003,5000,20260860,0.2589391588930583,0.325533899489995,0.6514480034975705,0.823477809175353,0.5745428137398062,1.695523479658258,-0.041229547231850315,-0.038710027575097596,0.411635402134299,0.860773553569206,0.38915541343514304,0.8533698863863617,1.057766095300387,1.0086758008466827,0.0,0.936,0.947,10.429563838998194,0.9630095305714785,0.021165672885114645,0.0021318665536760894,-156.66993212196104,5000,False
0.28684210526315784,0.01,0.0001,5000,20260861,0.11094882677686403,0.139687034141453,0.2733275676491578,0.3238102366105568,0.017297892362718673,0.05042486520657689,-0.00620744322323526,-0.0005926993761513151,0.16512830503785453,0.02579379114693099,0.1634325184167291,0.025538123924202995,1.010376066143712,1.0100111982965867,0.0,0.948,0.9472,94.33800295213031,0.9461460622726703,0.0078076106599576775,8.346402764904249e-05,-178.20857649414188,5000,False
0.28684210526315784,0.01,0.0003,5000,20260862,0.321335446372579,0.4048365902936787,0.8092209078182748,0.9865268051601268,0.05195234179955436,0.15218732538118906,-0.029698814108821664,-0.0016921154162539565,0.5082623795002524,0.07724838189579782,0.490297555250187,0.07661437177260895,1.0366406563885442,1.0082753419302402,0.0,0.9444,0.9484,94.33800295213027,0.9444066238697987,0.024031038753473545,0.000253859967313174,-178.26014225516252,5000,False
0.28684210526315784,0.01,0.001,5000,20260863,1.115284662985111,1.4231821593802167,4.396164384789575,6.069578947367995,0.14863217145830893,0.3931080743647547,-0.5315880990530524,0.023357632988885654,2.2506808000078187,0.20880406936282847,1.6343251841672901,0.2553812392420299,1.377131565866783,0.8176171044613841,0.0692,0.8646,0.9864,94.33800295213031,0.6843882945981002,0.10637447829770448,0.0015222900762564347,-179.23010987645375,5000,False
0.28684210526315784,0.01,0.003,5000,20260864,3.4606436970342127,3.6836746918629384,6.069578947368415,6.069578947368421,0.2894038079034777,1.0719853109750188,-0.49704991872934695,0.17595466125307044,4.062584825775264,0.47576378914628414,4.902975552501871,0.7661437177260896,0.8285957746010431,0.6209850425431256,0.1378,0.995,0.9908,94.33800295213037,0.7216344533973201,0.19202431570620881,0.003293063841045324,-178.97523102521743,5000,False
0.28684210526315784,0.05,0.0001,5000,20260865,0.022308848672845258,0.02780887783641822,0.054887634689067134,0.06599677201538101,0.017508591978912177,0.051796457017370005,5.0434594580811864e-05,0.00011652225317293225,0.03332704512955785,0.026145834660056568,0.032686503683345795,0.025538123924202977,1.0195965115271235,1.023796216889591,0.0,0.9432,0.9434,19.3125184353824,0.9483355764691678,0.0015944522264094406,8.194072831419333e-05,-171.029550962301,5000,False
0.28684210526315784,0.05,0.0003,5000,20260866,0.06514973368626556,0.08270846022856843,0.16412712037565466,0.19507944572390476,0.05092011352701292,0.1523503636529767,-0.001624201451623917,-0.0003029021649666117,0.09848259265864974,0.07696878351860016,0.09805951105003728,0.07661437177260885,1.004314539243384,1.0046259172762415,0.0,0.946,0.9458,19.312518435382398,0.947567195029699,0.004711139160600485,0.00024298545115460858,-171.06998562085667,5000,False
0.28684210526315784,0.05,0.001,5000,20260867,0.22842780580652655,0.26988429188369895,0.5339741694243624,0.6313577102228544,0.17917722085595383,0.4824899507024126,-0.013143023480643985,-0.0038462353855011,0.3283684745485792,0.25480604986645716,0.3268650368334583,0.25538123924203004,1.004599567239389,0.9977477226703102,0.0,0.9516,0.9576,19.312518435382398,0.946214471780694,0.01570504704172798,0.0008145999021481231,-171.14482391134777,5000,False
0.28684210526315784,0.05,0.003,5000,20260868,0.6825196791319307,0.8364940056963985,1.7345734943040858,2.348099807541677,0.5108304925387688,1.4194623552148202,-0.18223744774093342,0.009555633696179924,1.2952910459546445,0.7341882295128566,0.9805951105003746,0.7661437177260899,1.3209234189365762,0.9582904780475431,0.014,0.9228,0.9644,19.312518435382398,0.7726547881586024,0.06147793134497753,0.004640821473651943,-174.6750653481471,5000,False
0.28684210526315784,0.15,0.0001,5000,20260869,0.007274242205763892,0.009232372626042921,0.01780291661995028,0.021031293796277915,0.017297656989655186,0.049556667618993494,6.740155566731216e-05,0.00033261575050370923,0.010828798851285132,0.025417245862718187,0.010895501227781934,0.025538123924202988,0.9938779891716482,0.9952667603210178,0.0,0.9538,0.9518,7.698700993035068,0.9461951137103772,0.0005665511099471259,7.429473984873069e-05,-154.3561980390914,5000,False
0.28684210526315784,0.15,0.0003,5000,20260870,0.021733561634151646,0.027114119477932238,0.05398092527966561,0.06351841964528526,0.05096521381829783,0.15066155127694256,-0.0009510380173195449,-0.0012234265585773097,0.03247786762733743,0.07618189430917209,0.03268650368334578,0.07661437177260892,0.9936170580362604,0.994355139206513,0.0,0.9508,0.9492,7.698700993035068,0.9455690548742335,0.0016988311406253116,0.00022398537430130399,-154.38057718216083,5000,False
0.28684210526315784,0.15,0.001,5000,20260871,0.07447657264690793,0.09218724566978649,0.17937011040078565,0.2110434335863316,0.17193968132117737,0.49942110471179446,-0.0016694063029673643,0.0010653513736244146,0.10925031565831833,0.2557663398120632,0.10895501227781935,0.2553812392420299,1.0027103239614712,1.0015079438535748,0.0,0.9524,0.9504,7.698700993035071,0.9477930210346273,0.005714525261040669,0.0007368955821633108,-154.3926028279303,5000,False
0.28684210526315784,0.15,0.003,5000,20260872,0.222746810779043,0.2708491758617115,0.5465580411301785,0.6513167515160525,0.5165718530806953,1.5048622982073845,-0.013974619079042898,-0.01117414993677973,0.3339694103189087,0.7673206035410335,0.3268650368334586,0.7661437177260908,1.0217348834683408,1.0015361162504022,0.0,0.9462,0.9494,7.698700993035071,0.9457269500658495,0.01740313268565606,0.0022613798384704996,-154.85378325126376,5000,False
0.33421052631578946,0.01,0.0001,5000,20260873,0.10261876840720585,0.1251762946105087,0.24790326607469262,0.29724016522208313,0.015810264335955077,0.04594528393138416,0.00036784585495002684,0.0001972610220335777,0.15068571253830484,0.023373409476831856,0.1508510229464469,0.023428613549544706,0.9989041479141924,0.9976437328399262,0.0,0.9486,0.9498,75.23614913786648,0.9172652467666134,0.007124480136790967,9.304871678325578e-05,-178.27524993044574,5000,False
0.33421052631578946,0.01,0.0003,5000,20260874,0.30467508816090827,0.37001709438072583,0.7374143163461726,0.9084938930286584,0.047059995362544724,0.1423855140389979,-0.009876189291242106,-0.00033777229439710117,0.46202619902554726,0.07130217526985404,0.4525530688393404,0.07028584064863407,1.0209326393708975,1.0144600194269673,0.0,0.944,0.9414,75.23614913786652,0.9164622056190483,0.02184466409486979,0.0002851674680516889,-178.28551589036817,5000,False
0.33421052631578946,0.01,0.001,5000,20260875,1.0235411630117726,1.3169603236101928,2.849941757378703,4.791093849285704,0.1517386194970486,0.4178714692600708,-0.34322215006304,0.0016328113056143572,2.0272789909945717,0.2164417711346461,1.5085102294644654,0.23428613549544655,1.3438947588139816,0.9238351670999871,0.033,0.9078,0.973,75.23614913786648,0.7681306387751775,0.09582156289974653,0.0013856531807418919,-179.00562959196725,5000,False
0.33421052631578946,0.01,0.003,5000,20260876,3.3945731000336226,4.432622138838164,7.071894736841735,7.071894736842105,0.3219443933733328,1.0268526571463024,-0.7469454550695802,0.10823015591548976,4.438344329209843,0.4952100474675513,4.525530688393403,0.7028584064863405,0.980734555748972,0.704565874004632,0.1326,0.985,0.987,75.23614913786648,0.7074905708267034,0.20978088917929563,0.0034992739732219147,-179.04278853899987,5000,False
0.33421052631578946,0.05,0.0001,5000,20260877,0.020880086208884412,0.025451070235936447,0.05039962540008018,0.05927663922122156,0.01625978341436296,0.045948622279958086,0.0004532643281008083,0.00019841973578524268,0.0306508662516037,0.023758922925410004,0.03017020458928935,0.023428613549544685,1.015931667314082,1.014098545574061,0.0,0.9494,0.9496,15.37452149477088,0.9179748087478933,0.0014649235241913697,9.318241469973637e-05,-171.402402736682,5000,False
0.33421052631578946,0.05,0.0003,5000,20260878,0.061603642189229396,0.0770688050621456,0.14976382907558478,0.17712976593592408,0.04734318008424929,0.13768266018580227,-3.0487338981995825e-05,0.0004989459893272942,0.09037573423331809,0.07060205246025433,0.09051061376786809,0.0702858406486341,0.9985097931730312,1.0044989404509084,0.0,0.9512,0.95,15.374521494770873,0.9160050959638636,0.004319959035665331,0.00028002620337738894,-171.353152446502,5000,False
0.33421052631578946,0.05,0.001,5000,20260879,0.20800451135687115,0.25486813398909475,0.5067542908719821,0.5997557366869013,0.15730191596083598,0.4653218875662848,-0.008908575119311164,-0.0027800715431934094,0.3079687237992974,0.23738793243859177,0.3017020458928937,0.23428613549544702,1.0207710819058495,1.0132393533940254,0.0,0.9452,0.946,15.374521494770878,0.9157283335426409,0.01471641091617614,0.000943312163274092,-171.4697899247553,5000,False
0.33421052631578946,0.05,0.003,5000,20260880,0.6116194479721109,0.7801218052745498,1.55032760943377,1.9326264160739335,0.4728706195394072,1.3811511127043588,-0.12134177776381551,-0.03712017786621384,1.0266927166124964,0.704585662121189,0.9051061376786798,0.7028584064863399,1.1343340563855295,1.0024574731110976,0.002,0.9356,0.9492,15.37452149477088,0.8832743742763488,0.048919755574262494,0.003276530722609996,-172.657806072003,5000,False
0.33421052631578946,0.15,0.0001,5000,20260881,0.006750797657945541,0.008334280779071388,0.016607333802916176,0.019665161728345884,0.014956464326267016,0.04631701145691197,-7.069256128032129e-05,-7.352071657276475e-05,0.009983086322760543,0.02311500897039952,0.010056734863096455,0.0234286135495447,0.9926766946391149,0.9866144627601631,0.0,0.95,0.9476,6.064048516572136,0.9104493726701359,0.0005181090383706429,8.706109872381664e-05,-155.21284424288078,5000,False
0.33421052631578946,0.15,0.0003,5000,20260882,0.020752532434431967,0.024672545080660913,0.049092271925535634,0.05858636605156345,0.049225573515947196,0.1369708895144334,-0.0003546803467142214,-0.0003471845709345856,0.030065055303081907,0.0707719555435893,0.030170204589289346,0.07028584064863404,0.9965147970443406,1.0069162563962974,0.0,0.9522,0.951,6.064048516572133,0.9145852127715576,0.0015659606963280858,0.00025967525332157857,-154.76572421565817,5000,False
0.33421052631578946,0.15,0.001,5000,20260883,0.06755555714626305,0.08367960238482805,0.16456151959065166,0.19283068930902184,0.15872114184931896,0.4510209437124167,-0.0006021307193538393,0.0013407224879453754,0.09944772364009408,0.23267181583807944,0.10056734863096453,0.23428613549544686,0.9888669135051082,0.9931096236063922,0.0,0.9566,0.9554,6.064048516572135,0.9165309552395559,0.0051756765473317135,0.0008450384610098801,-154.87792402599194,5000,False
0.33421052631578946,0.15,0.003,5000,20260884,0.20068715371676737,0.25359117594594593,0.49846085399226003,0.5980104162040493,0.4777704570130589,1.3708876418634546,-0.007889167010002548,-0.008378048925099822,0.3050045562139719,0.6994306172441395,0.3017020458928935,0.7028584064863405,1.0109462642565266,0.9951230728542655,0.0,0.9472,0.9512,6.064048516572137,0.9144915628410842,0.015812489791311283,0.0025796825011468083,-155.37193023497792,5000,False
0.381578947368421,0.01,0.0001,5000,20260885,0.09884046827386452,0.12268987235187465,0.24435592307800533,0.2916903437169352,0.015226587424752892,0.04231670480068099,0.0035020752961788977,0.0005667593534515115,0.14716209817105744,0.022012457399450108,0.14762183760853548,0.022004967156520287,0.996885694928841,1.0003403887348046,0.0,0.9474,0.9554,64.22097541285866,0.8748885152133687,0.006957397094702162,0.00010657083248049036,-178.41344717651413,5000,False
0.381578947368421,0.01,0.0003,5000,20260886,0.3038362712590251,0.38179869467642363,0.7442159032254767,0.8885681189310528,0.04453656805097203,0.12843547898063812,-0.00878779756566036,-0.00022044719792084112,0.4548875229586933,0.06626721826626296,0.44286551282560677,0.06601490146956093,1.0271459614373282,1.0038221188108318,0.0,0.9442,0.9512,64.22097541285869,0.8739753910492766,0.021505321812298715,0.0003219220887613428,-178.45643639374643,5000,False
0.381578947368421,0.01,0.001,5000,20260887,1.0042568446678333,1.262515465619796,2.611345251820743,3.4008953038989094,0.15065067128446993,0.4241070096140106,-0.2365550393463513,-0.004823944390440407,1.8198618910027637,0.21721381856338426,1.4762183760853569,0.22004967156520325,1.2327863685240679,0.9871126687822449,0.0118,0.9234,0.9552,64.22097541285868,0.8122686987532641,0.08602291491141673,0.0012667056365771928,-178.82450628286267,5000,False
0.381578947368421,0.01,0.003,5000,20260888,3.2490927751369574,5.062316030920983,8.074210526315706,8.07421052631579,0.3583559312312621,1.041746088585581,-0.5376948178793413,0.0884984759598063,5.0221916062495895,0.5510934334156876,4.428655128256065,0.660149014695609,1.134021832995438,0.8348015692635604,0.1274,0.963,0.9744,64.2209754128586,0.7056761187344522,0.23737551575436086,0.003904163210920477,-179.0610243701586,5000,False
0.381578947368421,0.05,0.0001,5000,20260889,0.02031759394599765,0.02419409230535095,0.04773131783954099,0.056956448486954935,0.015088093206013647,0.04308432559257919,-0.00018921414173657538,-7.558497541892171e-05,0.029303420857123452,0.022141442029090987,0.029524367521707107,0.022004967156520304,0.9925164640894946,1.0062020030114085,0.0,0.9534,0.9504,13.077293377983903,0.8685715953531882,0.0013982213000414516,0.00010867562263759959,-172.04552684818174,5000,False
0.381578947368421,0.05,0.0003,5000,20260890,0.05906220782071215,0.07294027520277095,0.1467159581805811,0.17283117126289033,0.04315199801671922,0.12864806615595487,-0.004168192439772538,-0.0034399071611693733,0.08789200222115524,0.06510306119933341,0.08857310256512138,0.06601490146956095,0.9923103027415643,0.9861873569462499,0.0,0.9504,0.9508,13.077293377983903,0.8638159133084604,0.004191815698221731,0.0003250106661734072,-172.24264590555185,5000,False
0.381578947368421,0.05,0.001,5000,20260891,0.20360914910164152,0.25633621942938467,0.4967270546653043,0.5943160284388601,0.1479511419120113,0.43309712707105463,-0.006552921576119334,-0.0049684669225796415,0.3042263748372217,0.2233952182308044,0.2952436752170711,0.22004967156520308,1.0304246978823381,1.015203597632319,0.0,0.9432,0.9492,13.077293377983906,0.8702929838457624,0.014509037997498708,0.0010903175696781102,-172.25486512673115,5000,False
0.381578947368421,0.05,0.003,5000,20260892,0.5977610518250676,0.7359665646166693,1.4723683675427226,1.7861185245843194,0.43794476947857863,1.308650771498662,-0.06304214535851844,-0.023633440225809283,0.9573475064673715,0.6638172395492571,0.885731025651213,0.6601490146956088,1.0808557888818495,1.005556661862685,0.001,0.9442,0.948,13.077293377983898,0.8546678557045803,0.045599625718742036,0.0034194409573736835,-172.81187598266771,5000,False
0.381578947368421,0.15,0.0001,5000,20260893,0.006556668664603046,0.008229798324285574,0.016228375604445826,0.019401479253230863,0.014594856093391728,0.041949520939670866,2.304269212257593e-05,-0.0002671643434319082,0.009815084109362979,0.02170178582693895,0.009841455840569035,0.0220049671565203,0.9973203424743983,0.9862221412363473,0.0,0.9488,0.9556,5.037326111911833,0.8669193532360489,0.0005022695879318441,9.989808957552481e-05,-156.9586969023358,5000,False
0.381578947368421,0.15,0.0003,5000,20260894,0.01968996502939775,0.024414209160630217,0.04911304755120232,0.05928712799379189,0.043856905851726025,0.13175064432907768,0.0001020768009398836,0.0010024212900795345,0.029905196269694394,0.06677015517664947,0.029524367521707118,0.06601490146956093,1.012898794451982,1.0114406549169324,0.0,0.9454,0.9456,5.037326111911831,0.874628804135622,0.0015343783083201082,0.00029815181410971353,-156.6134003712095,5000,False
0.381578947368421,0.15,0.001,5000,20260895,0.06439299968832325,0.08191568899732843,0.16102950262246457,0.18783980196093372,0.1481374521472359,0.41961428996609945,-0.0016898177746544707,-0.003814549837991302,0.09684940822658203,0.21732530120483698,0.0984145584056904,0.22004967156520314,0.9840963552093948,0.9876192936758876,0.0,0.9562,0.9568,5.03732611191183,0.8670773016467165,0.004967587535917615,0.0009975319017340866,-156.62422536834737,5000,False
0.381578947368421,0.15,0.003,5000,20260896,0.20001950685120956,0.2491917366199194,0.48596303379518785,0.575322412799903,0.4472338567795317,1.2772726763323945,-0.004055788533164341,-0.007750944921288082,0.2946174705690909,0.6545893031191908,0.2952436752170712,0.6601490146956093,0.9978790243431297,0.9915780960773197,0.0,0.9528,0.9526,5.037326111911833,0.8692811218579285,0.015092957828954237,0.0029849966267005154,-156.8110769370692,5000,False
0.4289473684210526,0.01,0.0001,5000,20260897,0.10306150451675668,0.12248877666616283,0.2472204203074357,0.2955765811232193,0.014155757185553303,0.04133520163875968,-0.00327165666521062,-0.00029541213514995974,0.1509330285755114,0.021031387761635892,0.15003237219172186,0.020976294006172017,1.006003080339479,1.0026264770815887,0.0,0.9492,0.9482,57.761909349923634,0.8067178150579144,0.007134958997120202,0.00012424706796184808,-178.63700756658304,5000,False
0.4289473684210526,0.01,0.0003,5000,20260898,0.3053038645064938,0.36349695529022663,0.7404080285224824,0.8945454843942884,0.04342669522800265,0.12585207159176176,-0.014323267688478416,-0.0017174928393845579,0.45883116500938337,0.06397403963269686,0.45009711657516543,0.06292888201851603,1.0194048086792384,1.0166085520774597,0.0,0.9472,0.9454,57.761909349923656,0.8184795958073836,0.02169021540261246,0.0003674464844002093,-178.61631476818812,5000,False
0.4289473684210526,0.01,0.001,5000,20260899,1.0180063277850986,1.2735947718595009,2.611889446286008,3.3495554310509563,0.14225192080994542,0.416896559943262,-0.15540210334292043,-0.007529762889815467,1.7489803925458358,0.21021197668014144,1.5003237219172185,0.20976294006172014,1.1657353456431834,1.0021406861397404,0.0048,0.9268,0.9472,57.76190934992364,0.7921063338579333,0.08267180225542675,0.001282838083590827,-178.84564296015606,5000,False
0.4289473684210526,0.01,0.003,5000,20260900,3.382420477786071,5.797230607266494,9.076526315789472,12.083473684185439,0.3745856657174639,1.1486309738665597,-0.26883789484935694,0.09510128661028638,5.616883437873966,0.5933359601842539,4.500971165751658,0.6292888201851605,1.2479269986471802,0.9428674738090407,0.148,0.831,0.9574,57.76190934992367,0.7070062820019068,0.26548133034122917,0.004195591020761672,-179.0943942559548,5000,False
0.4289473684210526,0.05,0.0001,5000,20260901,0.02010841048169242,0.024709765734463714,0.04911464624108266,0.0590561448196852,0.014343524750499992,0.04063077780662238,0.0002322423912942758,0.00047347495177359677,0.02996439407339834,0.020929883786992728,0.03000647443834437,0.020976294006172014,0.9985976238217357,0.9977874919580346,0.0,0.9484,0.9526,11.71299148860197,0.8097932785176345,0.0014262687198722112,0.00012192217775707092,-173.1243557559924,5000,False
0.4289473684210526,0.05,0.0003,5000,20260902,0.05988611860770211,0.07339893256644649,0.14714687703022716,0.17586981537539237,0.04166002018032751,0.12145103793660154,0.00033939309385181993,-0.00014801245901446686,0.08931360120548446,0.062479664858274574,0.0900194233150331,0.06292888201851603,0.9921592242700941,0.9928615105523522,0.0,0.9506,0.9532,11.71299148860197,0.8046031044937851,0.004250929417644082,0.00036838879705062194,-173.15631997459116,5000,False
0.4289473684210526,0.05,0.001,5000,20260903,0.20368537967787909,0.2504677493489472,0.495187602259983,0.5944132272050299,0.14319808082504626,0.4183942680669007,-0.003799661408577556,-0.00025088929520151033,0.3012881216140267,0.21332822626360862,0.30006474438344366,0.20976294006172014,1.0040770442162297,1.0169967402289435,0.0,0.9468,0.9452,11.71299148860197,0.8126574214674772,0.01434451316567493,0.001233971044207745,-173.00606372137904,5000,False
0.4289473684210526,0.05,0.003,5000,20260904,0.5827864014401725,0.743972386814418,1.499624753370018,1.813020077183643,0.41950759966112444,1.2481935526359111,-0.03515050396081761,-0.023801035902938236,0.9177055953325052,0.6357020542167688,0.9001942331503309,0.6292888201851604,1.0194528708775341,1.0101912410103226,0.0,0.9432,0.9474,11.712991488601975,0.8120455290219176,0.043678186524038896,0.0036837285137136045,-173.1633174001662,5000,False
0.4289473684210526,0.15,0.0001,5000,20260905,0.006805872082774113,0.008620210346583265,0.01644179498586553,0.019558059829715077,0.014360347239983362,0.041116485544755305,-0.0002182835248627486,-0.0004598334004475474,0.010060855904828882,0.02106765606566343,0.010002158146114791,0.020976294006172017,1.0058685093613413,1.0043554909873276,0.0,0.9514,0.9498,4.378050114193757,0.8120115745732314,0.0005071107664824733,0.00011528656331061864,-159.07949541482913,5000,False
0.4289473684210526,0.15,0.0003,5000,20260906,0.020536794681714193,0.02486741847972907,0.04982650230821604,0.05879597758409665,0.04341431871709572,0.12320872382838162,-0.0009781843310527445,-0.0027623709029564922,0.030296871840322835,0.06330597509156236,0.03000647443834437,0.06292888201851603,1.0096778247832865,1.0059923688606986,0.0,0.95,0.9502,4.378050114193755,0.8159081207034737,0.0015274468173167455,0.00034310336867572784,-159.0568954590024,5000,False
0.4289473684210526,0.15,0.001,5000,20260907,0.0667605204179236,0.08139635710674235,0.16216009235784784,0.19515128094937964,0.13878521462489385,0.4174241071323193,-0.0017572761525783997,-0.003598776812549277,0.09895275617583929,0.21084530396032453,0.1000215814611479,0.20976294006172014,0.9893140533303426,1.0051599386349463,0.0,0.9508,0.947,4.378050114193755,0.805193429201724,0.0049943693824359425,0.0011707365520296548,-158.82798358355967,5000,False
0.4289473684210526,0.15,0.003,5000,20260908,0.20454357788975217,0.2428853302736764,0.48552170519266574,0.5887151130447748,0.41663636489365635,1.2150839146647212,0.00029029458303493454,-0.0004494862874014395,0.29843783418163977,0.623992274852627,0.3000647443834437,0.6292888201851604,0.9945781361114353,0.991583283918861,0.0,0.9498,0.954,4.378050114193757,0.8036441977166056,0.015023396409337883,0.0034861543094225757,-159.2588222971249,5000,False
0.47631578947368414,0.01,0.0001,5000,20260909,0.10538816340275733,0.131514043756925,0.2543901108463029,0.30146108188989756,0.013997396842227363,0.039621259047294057,-0.002107960397721463,-0.00033465941391393807,0.155402850802107,0.020415494141263705,0.15707906603541746,0.02012816925292915,0.9893288439025189,1.014274765117684,0.0,0.9542,0.9484,54.47848554971564,0.7339737920494286,0.00734570912862664,0.00013862864022568463,-178.8307315396976,5000,False
0.47631578947368414,0.01,0.0003,5000,20260910,0.3241133409116438,0.3872761707890313,0.7739235254117204,0.9324783660359235,0.04013426743605378,0.11544840196110676,-0.007946237158553806,-0.001229578112653499,0.4753745734303037,0.06008627685189073,0.4712371981062523,0.06038450775878744,1.0087798147953475,0.9950611354142685,0.0,0.9478,0.9552,54.47848554971565,0.7317949119917474,0.022470021174800243,0.0004094245063405032,-178.87835400762776,5000,False
0.47631578947368414,0.01,0.001,5000,20260911,1.0843156023889216,1.3987653204492732,2.764808892204737,3.5226626852282923,0.1365600797609533,0.39314111438980986,-0.04305795179734063,-0.009912536075937277,1.801084821291461,0.20126702681445263,1.5707906603541746,0.20128169252929148,1.1466103451909757,0.9999271383569237,0.0014,0.9268,0.9504,54.47848554971561,0.7157833024940561,0.0851296241454908,0.0014052915372829,-179.03008152260898,5000,False
0.47631578947368414,0.01,0.003,5000,20260912,3.502086092446203,6.885233448113207,10.15204529764479,11.081157894736792,0.4083334021169316,1.3067171377701285,-0.13705713284878615,0.1070029520501938,5.99395726043689,0.6492104270416627,4.712371981062525,0.6038450775878745,1.2719618240080868,1.075127464208212,0.1718,0.7928,0.9404,54.47848554971567,0.6928503990546303,0.2833040216734181,0.004680745120039084,-179.0900203256577,5000,False
0.47631578947368414,0.05,0.0001,5000,20260913,0.02112193230634559,0.02589994074152783,0.05087008561126372,0.06084684975687541,0.013594810337453495,0.0389276331106127,-0.00018561510738051608,-0.0003283511836388974,0.030940518961362528,0.020084897909668817,0.03141581320708348,0.020128169252929148,0.9848708596976955,0.9978502096878963,0.0,0.9532,0.952,11.000639371635527,0.7238322157926748,0.001469491352976293,0.00013789500287992605,-174.27141466013333,5000,False
0.47631578947368414,0.05,0.0003,5000,20260914,0.06247263045414989,0.07861240202137895,0.15555745292388196,0.18568388327749163,0.03986648186232594,0.11968962912108758,5.148180003800693e-05,0.000325095176742423,0.0941826012913845,0.060483779613438225,0.09424743962125047,0.06038450775878744,0.9993120414716141,1.001643995427558,0.0,0.9488,0.947,11.000639371635526,0.7385079639438794,0.004473517489876529,0.0004057535948096754,-174.22156868166303,5000,False
0.47631578947368414,0.05,0.001,5000,20260915,0.21639860387363552,0.2541664024091634,0.5195486107016197,0.6177226136758727,0.1388786080067976,0.4000035876222977,0.0033866606970997452,-0.003518925229692764,0.3181407284518044,0.2057730338489867,0.3141581320708348,0.20128169252929146,1.0126770437381885,1.022313710021301,0.0,0.9496,0.9444,11.000639371635524,0.7474418988884957,0.01511411481071083,0.0013598511589874886,-174.11130184149997,5000,False
0.47631578947368414,0.05,0.003,5000,20260916,0.6435431067693353,0.8114678696928327,1.591530276139998,1.9252904183980664,0.41110507837757093,1.1864884181529207,-0.021269559113626366,-0.008966079285697601,0.9831230056042137,0.612418567075666,0.9424743962125046,0.6038450775878745,1.04312966968128,1.0141981607634183,0.0,0.9412,0.9484,11.000639371635527,0.7372049696027505,0.04668196004313897,0.004118371953760278,-174.4061617894928,5000,False
0.47631578947368414,0.15,0.0001,5000,20260917,0.007154012346103179,0.008437180550343228,0.01705907571861844,0.020519547086702804,0.013549601063893302,0.039433234713654744,7.519740344599737e-05,3.844492892359219e-06,0.010433765328737464,0.020139499006781816,0.010471937735694499,0.02012816925292915,0.9963547904962305,1.000562880494013,0.0,0.9502,0.95,3.9797266743675697,0.7369332256890592,0.0005165346237781841,0.00012995685334357966,-162.07580696893922,5000,False
0.47631578947368414,0.15,0.0003,5000,20260918,0.021468948734363516,0.025847162620846475,0.05084451757392791,0.06073186673824672,0.04050464608839899,0.11382652271768226,-0.0002581849989710769,0.0004929434172029136,0.031038658601215147,0.059767409462141395,0.0314158132070835,0.060384507758787447,0.987994752725888,0.9897805195479755,0.0,0.954,0.9576,3.97972667436757,0.7261390048287911,0.0015344599608960636,0.0003928250065386682,-162.321599763365,5000,False
0.47631578947368414,0.15,0.001,5000,20260919,0.0697025176160666,0.0913504998932978,0.1737596863452337,0.20681363854827736,0.1330504730924692,0.3957876797946694,-0.0004027966325275568,9.828793430818425e-05,0.10558617244878445,0.20138596355662983,0.10471937735694499,0.20128169252929148,1.0082773132701592,1.0005180353266512,0.0,0.9488,0.9492,3.979726674367568,0.7437148476964285,0.005225109547074409,0.0012856555726116574,-162.1775855025791,5000,False
0.47631578947368414,0.15,0.003,5000,20260920,0.21394754931345636,0.26021825277329025,0.5225513002827253,0.6204805234454105,0.4070764661489881,1.1994740226134746,-0.011833866051250667,-0.01952146973292797,0.31676687551738325,0.6043174457177861,0.31415813207083493,0.6038450775878745,1.0083039182508255,1.000782267087112,0.0,0.947,0.9464,3.9797266743675697,0.73663049337044,0.01566420914001448,0.003905864858169622,-162.30277188553322,5000,False
0.5236842105263158,0.01,0.0001,5000,20260921,0.11263435851915046,0.14107507374205153,0.279178202530509,0.33688264428598036,0.012797751842729375,0.03710246025958852,0.003091087510722237,0.0002124471279928426,0.16988113085669235,0.019144233793462043,0.16915305419063772,0.019355775526119563,1.0043042478277338,0.9890708728063075,0.0,0.9464,0.9554,53.92104518255293,0.6320863318784954,0.00802932103661337,0.00014833142592093657,-179.13618068923063,5000,False
0.5236842105263158,0.01,0.0003,5000,20260922,0.3349072098755006,0.4133395350598599,0.8288415628506336,0.9975131652373707,0.03982037899367295,0.11325897242621519,0.00391444638952482,0.00013644649202851006,0.5036099358045409,0.05869210836636656,0.5074591625719131,0.05806732657835866,0.9924147063423517,1.0107596100048586,0.0,0.949,0.9508,53.92104518255294,0.6501286630645532,0.023803151149857687,0.00044589948331764907,-179.0811634433596,5000,False
0.5236842105263158,0.01,0.001,5000,20260923,1.1649652867332632,1.5044605522630885,3.004700769814582,3.698257352046936,0.13082397425745168,0.3813112537497521,0.03223629845177736,-0.010729131093206981,1.8929362820597295,0.19647738258131903,1.691530541906377,0.1935577552611956,1.1190671614633487,1.01508401105491,0.0016,0.9278,0.9484,53.92104518255292,0.6340558127749196,0.08946691268067825,0.0015191872773966666,-179.2019326756749,5000,False
0.5236842105263158,0.01,0.003,5000,20260924,4.057640387290256,8.344303142369032,10.078842105263156,11.081157894726692,0.43623330238526714,1.5269372730498,0.17362595697717145,0.14022262143459036,6.389046778079839,0.7119791351010989,5.074591625719131,0.5806732657835867,1.2590267846773648,1.2261269410092819,0.2288,0.749,0.9086,53.92104518255292,0.672946291776708,0.3019778521230926,0.005265784932209518,-179.09061970593652,5000,False
0.5236842105263158,0.05,0.0001,5000,20260925,0.022663603441185374,0.027974737630104406,0.05649425510222443,0.06897422720374696,0.01306449187542108,0.0377593637320061,0.00018655207698092165,0.0001875173204186203,0.03427003161377493,0.01940402654821403,0.03383061083812754,0.01935577552611956,1.012988851361565,1.002492848815557,0.0,0.9416,0.951,10.847430982170836,0.647336216849556,0.001624470960495233,0.0001474518765408611,-175.5282514796066,5000,False
0.5236842105263158,0.05,0.0003,5000,20260926,0.06788772923268838,0.08325786879739064,0.16588934280763712,0.19884317890750552,0.0386592722897032,0.11090454053347805,-0.00010710597694066512,-0.0003584722705493685,0.10139547039678971,0.05712619865669327,0.1014918325143826,0.058067326578358676,0.9990505431303625,0.9837924702733576,0.0,0.95,0.9562,10.847430982170842,0.6445813396058427,0.004806091003837962,0.00043545573913146085,-175.56935176064565,5000,False
0.5236842105263158,0.05,0.001,5000,20260927,0.22860897084354814,0.28881094352356196,0.562248862788224,0.6692014277499644,0.13023311998369008,0.38002030271153014,-0.0015511585161223239,-0.005479926049247295,0.34289880079508106,0.19266496964480842,0.33830610838127534,0.19355775526119556,1.0135755527317576,0.995387497570519,0.0,0.9474,0.9496,10.847430982170836,0.6539557063379943,0.01625434970216677,0.0014531526747193716,-175.5182998705772,5000,False
0.5236842105263158,0.05,0.003,5000,20260928,0.6799211308576735,0.8423810839544431,1.6883433523975004,2.05842642652399,0.3892105421461848,1.1176032967480338,0.0014340507906313391,-0.01817457965454546,1.0358151502880844,0.5751820075973169,1.0149183251438263,0.5806732657835868,1.0205896618738228,0.9905432908490116,0.0,0.942,0.9538,10.847430982170838,0.6315440873221573,0.0490872789526767,0.0044472864285940205,-175.72086533085334,5000,False
0.5236842105263158,0.15,0.0001,5000,20260929,0.007937904229788555,0.00930301017926154,0.01879889250379464,0.02207888699706919,0.012855176327292162,0.03779701080940459,0.00010309204963440711,0.00011505505016274398,0.011408032266261523,0.019349658405861038,0.011276870279375845,0.01935577552611956,1.011631062842459,0.9996839640834713,0.0,0.9504,0.9514,3.8051266295171717,0.6466911541489929,0.0005545404560468167,0.00014348895626224833,-165.97485898814864,5000,False
0.5236842105263158,0.15,0.0003,5000,20260930,0.02315435972428921,0.027631056168300368,0.05616638496129928,0.06764785923944065,0.03982506832102134,0.11471486596462382,0.00014490577318307613,0.00016069553443072104,0.03425275793827151,0.05890950169652605,0.03383061083812753,0.05806732657835866,1.0124782582899217,1.0145034250376743,0.0,0.9458,0.9482,3.805126629517173,0.6513432204747417,0.0016670291885969137,0.0004340499976297661,-165.67296310469112,5000,False
0.5236842105263158,0.15,0.001,5000,20260931,0.07677076867445845,0.09184136892997155,0.18731855696512384,0.22651293641285372,0.12894054337392602,0.38073249063349884,0.0017752187904434532,-6.109735693252638e-05,0.11323286378540216,0.19256219542471803,0.11276870279375845,0.19355775526119556,1.0041160444355968,0.9948565231337071,0.0,0.9432,0.9492,3.8051266295171717,0.6492708530338782,0.005506197915212517,0.001423337725302153,-165.8870247376912,5000,False
0.5236842105263158,0.15,0.003,5000,20260932,0.22662033545752597,0.2781718145015849,0.5497237362212783,0.6624678443963897,0.3886576858660701,1.1255335872246959,0.0038920520416720946,-0.0019658360648681303,0.33791841018738894,0.5733176599741531,0.33830610838127534,0.5806732657835867,0.9988540017922186,0.9873326253456708,0.0,0.95,0.953,3.8051266295171726,0.6419819293510467,0.01642020740631633,0.004275132029014165,-166.05730351171349,5000,False
0.5710526315789474,0.01,0.0001,5000,20260933,0.1271933624243064,0.1538163567589616,0.30565466255720247,0.3545616030705833,0.01227988285087394,0.03546734163323439,0.002706774476164646,-0.000134000170045536,0.18467024182390454,0.018227029571191076,0.18734431014438208,0.018634834098781024,0.9857264503073689,0.9781160097574131,0.0,0.9572,0.9546,56.05440348228504,0.4939177193796477,0.008727791592356019,0.00015847716387905946,-179.40879282409247,5000,False
0.5710526315789474,0.01,0.0003,5000,20260934,0.3754913014873372,0.47549233063526986,0.9363306484525027,1.1304222311999652,0.03745172901157426,0.11191620290040938,0.008546388597713795,4.319120076245682e-05,0.5722928045602876,0.05675779889836082,0.5620329304331463,0.055904502296343084,1.0182549341356817,1.0152634683606432,0.0,0.9454,0.945,56.05440348228504,0.5426298937770542,0.027047727819875515,0.0004767186460568465,-179.3473723987717,5000,False
0.5710526315789474,0.01,0.001,5000,20260935,1.2515289070877733,1.615438469364705,3.400361179372663,4.24816584757757,0.12631067104123905,0.39238010435938925,0.10423956463735308,-0.004995645625460177,2.2141602890028715,0.21254730165305066,1.8734431014438206,0.18634834098781028,1.1818668457539316,1.1405913276520887,0.0096,0.92,0.9362,56.054403482285004,0.6143087072694833,0.10464710314650814,0.001677007446859618,-179.2849103064715,5000,False
0.5710526315789474,0.01,0.003,5000,20260936,4.445508325483447,7.234938968808962,9.891022936678544,12.080475625046757,0.4516696007411133,1.6860151575818978,0.29126659187575893,0.1875161852928269,6.456545615773017,0.7639037197314051,5.620329304331463,0.559045022963431,1.1487842199561331,1.3664440042450299,0.2618,0.9312,0.8908,56.054403482285025,0.6454455084825517,0.30516960352759126,0.005833983004477863,-179.0739013582526,5000,False
0.5710526315789474,0.05,0.0001,5000,20260937,0.025002578666210088,0.03141654636929542,0.0622339943223713,0.07475824159246074,0.01233819040104868,0.037277816308909265,0.00047093317419630943,0.00037264079158985067,0.0375423653805317,0.01876443414276768,0.037468862028876414,0.018634834098781028,1.0019617182822,1.0069547194946655,0.0,0.9462,0.9456,11.244696421539372,0.5136544708207238,0.0017768516211092093,0.00016075930364566567,-176.86476796072643,5000,False
0.5710526315789474,0.05,0.0003,5000,20260938,0.0777367728691122,0.0924217852641636,0.18664223860395987,0.22174341604105183,0.037946161997072514,0.11022967420997415,-0.000809799049873078,0.0005525685619857686,0.11295724622663024,0.05608686354416301,0.11240658608662923,0.055904502296343084,1.0048988245188464,1.0032620136183887,0.0,0.9484,0.948,11.244696421539377,0.5340290330983599,0.005346706853278121,0.0004734448887809989,-176.76318827149706,5000,False
0.5710526315789474,0.05,0.001,5000,20260939,0.25577968746688184,0.30310656150257637,0.6096546607583248,0.7282490338312035,0.12465324560636606,0.36553734896280965,0.008681184600901268,-0.0023025679679751286,0.3715358947269028,0.1860707628023978,0.37468862028876415,0.18634834098781028,0.9915857450930011,0.9985104338254847,0.0,0.9518,0.9494,11.24469642153937,0.5359350828106515,0.017586929906757785,0.0015683717785654034,-176.7233278570675,5000,False
0.5710526315789474,0.05,0.003,5000,20260940,0.7660974505781195,0.9338619291698513,1.8732021798053724,2.264825975223382,0.3850000249724976,1.079199442606016,0.02474814011488926,-0.021569944028701677,1.177721282586029,0.5600393571390335,1.1240658608662926,0.559045022963431,1.0477333433811302,1.0017786298683633,0.0,0.9442,0.9542,11.244696421539373,0.4992009871906986,0.05572861235198326,0.004846506961613983,-177.10249075457457,5000,False
0.5710526315789474,0.15,0.0001,5000,20260941,0.00832971395513631,0.010245617937521462,0.019896450147525065,0.024006510658089588,0.01240264394989088,0.036462039273544994,0.00017397886604267576,4.3917604270719555e-05,0.012292258643750237,0.018447328899407898,0.012489620676292142,0.01863483409878103,0.9841979162012071,0.9899379195768961,0.0,0.9544,0.9506,3.8491282606702377,0.5354203287570795,0.0005898769986537685,0.0001534376010321014,-169.64203915962003,5000,False
0.5710526315789474,0.15,0.0003,5000,20260942,0.026280182258041837,0.03187490356595394,0.06352062617472361,0.07467952549997164,0.03815592726549161,0.1107558118304508,-8.249713988278623e-05,-0.00017247776011464599,0.03862744524117479,0.05623318511399693,0.037468862028876414,0.055904502296343084,1.0309212276424482,1.0058793622007676,0.0,0.9444,0.9476,3.8491282606702373,0.5423408260999132,0.0018525407236850964,0.00046555018666767347,-169.86895468886712,5000,False
0.5710526315789474,0.15,0.001,5000,20260943,0.08469046475973147,0.10505555143907962,0.20280964488443978,0.24442968809976623,0.12512750668060013,0.36030123007137127,0.0016413383010602973,0.005469034924765568,0.1250052043647502,0.1866852688627449,0.12489620676292142,0.18634834098781028,1.0008727054620299,1.0018080540623469,0.0,0.9502,0.9548,3.8491282606702377,0.5219151487062794,0.005993446197985371,0.0015696165920756563,-169.9372532487136,5000,False
0.5710526315789474,0.15,0.003,5000,20260944,0.24825989522278136,0.3098658297211616,0.6024100610902889,0.7175952241594736,0.3657418714766894,1.122744170749297,-0.002424036010051201,-0.020783756775738908,0.37125285277251563,0.5576977310107779,0.3746886202887642,0.559045022963431,0.9908303392998679,0.9975900117212185,0.0,0.9546,0.9432,3.8491282606702377,0.5296737255683406,0.017810568477120196,0.004659874885054272,-169.73257563233136,5000,False
0.618421052631579,0.01,0.0001,5000,20260945,0.1464904770110818,0.1773690859179607,0.3529545114764139,0.42122526240624847,0.01198253737544168,0.03511786318231369,0.003232777217490383,3.8768885430790975e-05,0.21538950853066482,0.017866286867286255,0.21312334807289815,0.017997505028629845,1.0106330933624013,0.9927090915582547,0.0,0.9468,0.9508,61.06972600229765,0.39698519022136775,0.01017933546917542,0.0001639772685497786,-179.60067358062224,5000,False
0.618421052631579,0.01,0.0003,5000,20260946,0.4422194575726196,0.5373144523728022,1.0702903063549838,1.2731770752885319,0.036622650790329045,0.1023892427169775,0.012245252887990896,-0.0020165623763878007,0.6507286864066963,0.053059024033826147,0.6393700442186946,0.053992515085889536,1.017765364972458,0.9827107322083733,0.0,0.9476,0.9568,61.06972600229766,0.40351239103099384,0.03075351891385782,0.0004854646023608884,-179.60101580193867,5000,False
0.618421052631579,0.01,0.001,5000,20260947,1.4358369268870255,1.8896976958372695,4.023343849942603,5.583181609773326,0.12819553344578605,0.44090226308197694,0.35105708691535303,0.019986185128073437,2.5847461059579917,0.2436895666614549,2.1312334807289814,0.17997505028629845,1.2127934969724141,1.3540186057667518,0.029,0.9052,0.913,61.06972600229766,0.6308492321206574,0.12216213811346728,0.0018906508382558773,-179.27878618829115,5000,False
0.618421052631579,0.01,0.003,5000,20260948,5.049333797878967,6.005256963321849,10.525493475035404,12.720620509898927,0.45601883423982853,1.781178296995307,0.09289971431015116,0.22003551722140538,6.5273362414109,0.7783468864098894,6.3937004421869466,0.5399251508588954,1.020901166770685,1.4415829401014573,0.3026,0.9466,0.8664,61.06972600229765,0.6360213919419729,0.3085149829747453,0.006005506933461634,-179.08023992205653,5000,False
0.618421052631579,0.05,0.0001,5000,20260949,0.028711045988173867,0.034835995140914025,0.06879821335262513,0.08099395311107715,0.012002137024492293,0.03488646029260554,0.0002556954511167177,7.947086547022378e-05,0.042078709750233895,0.017765136593317386,0.042624669614579634,0.017997505028629845,0.987191458155983,0.9870888528747283,0.0,0.9556,0.953,12.22903960561737,0.40480986002389346,0.001989905519190566,0.00016233773535997983,-177.91499238615094,5000,False
0.618421052631579,0.05,0.0003,5000,20260950,0.08666542486678178,0.10535962203624566,0.2152399593014797,0.25227303860158784,0.036463890119859885,0.10829899730418066,0.0005806205782443236,0.0006520845022044028,0.12867674319830297,0.0551488904805379,0.1278740088437389,0.053992515085889536,1.0062775411658909,1.0214173278056937,0.0,0.948,0.9422,12.22903960561737,0.4226509581250851,0.006085627276796478,0.0004994410462739348,-177.79005843070414,5000,False
0.618421052631579,0.05,0.001,5000,20260951,0.28377300089663027,0.35628225345284087,0.7008769312793596,0.833873351187383,0.1238147323268865,0.3570392394351521,0.014794572909744579,0.0015115076339327288,0.4267851862344589,0.18221021662460998,0.42624669614579636,0.17997505028629845,1.0012633296481395,1.0124193122033076,0.0,0.9506,0.947,12.229039605617368,0.3996265803811218,0.02018266263570548,0.0016691860861598649,-177.91814945728083,5000,False
0.618421052631579,0.05,0.003,5000,20260952,0.8565083135362026,1.0722840126350812,2.188529068798492,2.7182210047614634,0.3580184482553206,1.0534649888422452,0.1054005947192016,-0.015842345687948064,1.3929618101014545,0.5609043750525838,1.2787400884373892,0.5399251508588954,1.0893236418384626,1.0388558009574391,0.0014,0.9328,0.9508,12.229039605617368,0.40587923644166796,0.06586954686997193,0.0051231735942970855,-178.00727235167398,5000,False
0.618421052631579,0.15,0.0001,5000,20260953,0.009760147899383745,0.01208017036869315,0.02329563665377412,0.027499565716102698,0.012035934079457355,0.03524374461544952,0.00013975315090699407,0.0003398247384173476,0.014290784415608703,0.018017965126497903,0.01420822320485988,0.017997505028629845,1.0058108047402141,1.0011368296791978,0.0,0.9528,0.9506,4.120917514740151,0.39950981539482483,0.0006794327692078805,0.00016418768823374958,-173.53713080154662,5000,False
0.618421052631579,0.15,0.0003,5000,20260954,0.02891339048309472,0.03500259227680834,0.0701985956513462,0.08317295017131288,0.03595101379241239,0.10336016840749757,-0.0006704633854491623,0.00022250415126558835,0.04245833159010515,0.05315705387623046,0.04262466961457964,0.053992515085889536,0.9960976114072305,0.9845263513224,0.0,0.9514,0.956,4.120917514740152,0.38600735235775,0.002017656673588831,0.0004876691110680363,-173.79741599687645,5000,False
0.618421052631579,0.15,0.001,5000,20260955,0.09616678036822185,0.11482482265359989,0.23057111582072698,0.27880212938484833,0.11910798593093297,0.3546225671349248,0.0015238984580322472,-0.0012902896510067208,0.14107125567679477,0.18114074925662185,0.14208223204859882,0.17997505028629845,0.9928845686246098,1.006477003164989,0.0,0.9494,0.9486,4.120917514740151,0.40083531806574607,0.006708865970750742,0.0016491363218046056,-173.3829189586558,5000,False
0.618421052631579,0.15,0.003,5000,20260956,0.2786048798568499,0.36336963396749267,0.7089505017060699,0.8380695108573272,0.3643664671784022,1.0381706450399988,0.01899802925138764,-0.014777174764026305,0.4245580292424746,0.5348073690890911,0.42624669614579647,0.5399251508588954,0.9960382874082282,0.9905213125158865,0.0,0.9488,0.9536,4.120917514740152,0.38348866784391117,0.020175374780309563,0.004911967697396064,-173.79431693427114,5000,False
0.6657894736842105,0.01,0.0001,5000,20260957,0.16366906524645652,0.2040364893768238,0.4085355844300416,0.4900114338601091,0.011862200473893199,0.03445762871543921,0.0009534083016060832,5.272471715227855e-06,0.24758404523099464,0.017635885114647504,0.24835773501685005,0.01752621009041262,0.996884776768467,1.0062577718553587,0.0,0.9482,0.9492,69.35342072749144,0.25466165416887776,0.011700655458830119,0.00017054308159746427,-179.7800284072761,5000,False
0.6657894736842105,0.01,0.0003,5000,20260958,0.514690957817486,0.6422425368870388,1.2533480564471862,1.5034111589999508,0.03492178995855508,0.10341918965116503,0.054846019448274726,-0.0008110451446152311,0.7732273814276569,0.05274066587670766,0.7450732050505502,0.05257863027123786,1.0377871277429664,1.0030817768480067,0.0,0.944,0.9482,69.35342072749145,0.24690681971291478,0.036542168810656334,0.0005110744949033792,-179.7957825327689,5000,False
0.6657894736842105,0.01,0.001,5000,20260959,1.7421447706048108,2.327322269653713,5.637929537987567,7.071894736842045,0.13792023486889748,0.802203513529991,0.5334222570947619,0.0746651040724813,2.97871481569237,0.31905392678944045,2.4835773501685003,0.1752621009041262,1.1993646243755107,1.8204387893533973,0.076,0.8776,0.858,69.35342072749145,0.6996886376659295,0.14078872593196182,0.0022791874514745637,-179.09122635138903,5000,False
0.6657894736842105,0.01,0.003,5000,20260960,6.041894699870127,4.532919973168221,10.15391923518203,13.316091791176603,0.4953907750409269,1.8855850750990377,-0.0685857350615292,0.2739710574603081,6.51767575266687,0.8183723298383325,7.450732050505502,0.5257863027123787,0.8747698492559091,1.5564732774828625,0.3544,1.0,0.8322,69.35342072749147,0.6278104760856486,0.3080615683197624,0.006369047597216416,-179.0439723386439,5000,False
0.6657894736842105,0.05,0.0001,5000,20260961,0.03348310151497696,0.04169481566647107,0.08229508409003983,0.09780699527942116,0.011750243950929204,0.03457892945695224,0.0011724914331522655,-0.00023582770072306004,0.049941691280281045,0.017497532668708002,0.04967154700337,0.01752621009041262,1.0054386121071024,0.9983637408454721,0.0,0.9492,0.9488,13.875725363997912,0.260066888359644,0.002360634245569907,0.00016892297564357814,-178.8897700039205,5000,False
0.6657894736842105,0.05,0.0003,5000,20260962,0.09848656584586638,0.12840289750446596,0.24577636505534278,0.2893879405738607,0.03516255686822657,0.10279124027656088,0.004008745758959451,0.0006750310384872181,0.1485635594729203,0.05299425687090361,0.14901464101011003,0.05257863027123786,0.9969729045808383,1.0079048578770815,0.0,0.9526,0.9508,13.875725363997915,0.25160425020997784,0.007022234939796633,0.0005128014621820932,-178.90618714797645,5000,False
0.6657894736842105,0.05,0.001,5000,20260963,0.344883645629261,0.41718216115064277,0.8211353043400931,0.9931513764574457,0.12025894653637272,0.34900843672443443,0.016165907416511742,-0.00626743638821103,0.5073441278670452,0.17726907470703213,0.49671547003370004,0.1752621009041262,1.0213978796203467,1.011451270939653,0.0,0.9466,0.9458,13.875725363997912,0.26790642556582217,0.023981292536475147,0.0017075532837930254,-178.85948048355976,5000,False
0.6657894736842105,0.05,0.003,5000,20260964,0.9845763419559448,1.2668433084829434,2.675224345366763,3.427226093478213,0.3656182255591327,1.1362223567309033,0.24062300974938688,0.0392427360005887,1.727353737162526,0.6957750240593472,1.4901464101011004,0.5257863027123787,1.1591839066641323,1.323303822237373,0.0074,0.9212,0.9314,13.875725363997919,0.49422396977800465,0.08170576618599278,0.0060432243838904574,-177.57463691969372,5000,False
0.6657894736842105,0.15,0.0001,5000,20260965,0.010993290703172625,0.013846311825039741,0.02719920256458832,0.03206640481829156,0.01152333411490597,0.034616900356280185,0.00013793081942735616,8.442988822117581e-05,0.016465551212131016,0.017409369005053892,0.016557182334456667,0.01752621009041262,0.9944657780246241,0.9933333513203382,0.0,0.952,0.9478,4.639926521416686,0.2536988124420409,0.0007794588690355978,0.00016811408911935482,-176.59270096719587,5000,False
0.6657894736842105,0.15,0.0003,5000,20260966,0.03372665407067253,0.04037444547497987,0.08092168920370973,0.09496599482673379,0.035061508059899826,0.10118511952457777,-0.0005845104667088761,0.0011584649764681998,0.04924588964081505,0.052112269855516605,0.04967154700337,0.05257863027123786,0.991430559581201,0.9911302288911781,0.0,0.9546,0.9542,4.639926521416686,0.2586032778423575,0.0023313994734666184,0.0005025130912456988,-176.52428804295945,5000,False
0.6657894736842105,0.15,0.001,5000,20260967,0.10997367938491559,0.13844273889771186,0.2684191477950674,0.3212485441071549,0.11766374057284035,0.3374329708501704,0.0034792261263561068,0.0026339355657089385,0.16395360826615196,0.17244897833527417,0.16557182334456666,0.1752621009041262,0.9902265068673727,0.983949053706763,0.0,0.952,0.9538,4.639926521416685,0.25180675691170945,0.007761027671058391,0.001666181262286884,-176.63714686769111,5000,False
0.6657894736842105,0.15,0.003,5000,20260968,0.34046818420651026,0.41471634312903916,0.8128623565230199,0.9819208072476053,0.353787302453637,1.0305348107314827,0.008066029304630545,-0.006213116124247362,0.5017920265378294,0.5221433492921153,0.4967154700337002,0.5257863027123787,1.0102202504459639,0.9930714181760336,0.0,0.947,0.95,4.639926521416687,0.2749739762970591,0.023759629901740638,0.0050105526468573434,-176.37381565530447,5000,False
0.7131578947368421,0.01,0.0001,5000,20260969,0.20335290209433898,0.24736544609721164,0.48185758780057036,0.5732204064007046,0.011776856257141293,0.03366825193429285,0.009615113857190391,-0.00010199739395839029,0.29731123961586636,0.017391480176846785,0.296038450423447,0.017322085213012085,1.0042994049948537,1.0040061553202941,0.0,0.9514,0.9528,81.61346184659958,0.1453271227238579,0.014050648426286332,0.00017206818473920884,-179.896919893718,5000,False
0.7131578947368421,0.01,0.0003,5000,20260970,0.5912313890890986,0.7588158048845606,1.509820681669092,1.8248930360874027,0.03507569807986652,0.10397315596317454,0.06263461575394846,0.0016394779839029785,0.9467895878591942,0.05791668108716103,0.8881153512703409,0.05196625563903626,1.0660660087734404,1.1145055647160176,0.0006,0.9386,0.9444,81.61346184659956,0.26952242557310313,0.044744581775151275,0.000557730834895744,-179.8000832809074,5000,False
0.7131578947368421,0.01,0.001,5000,20260971,2.0277042085086907,2.8458631502926393,6.069578947368382,6.069578947368419,0.15393841850456086,0.9950574414389308,0.5790691691938968,0.14150997354925607,3.1572121832433386,0.3734115609914995,2.96038450423447,0.17322085213012084,1.0664872008103439,2.155696363339666,0.143,0.8486,0.7872,81.61346184659959,0.7491287394102814,0.14923285209114354,0.0024731347007446395,-178.92564657090855,5000,False
0.7131578947368421,0.01,0.003,5000,20260972,6.069578947331378,3.155868132219261,9.91328791017335,13.593959585699693,0.5071769731123971,1.9687450380410003,-0.5551510536819831,0.30953548271032166,6.387369113907242,0.8446669443512167,8.88115351270341,0.5196625563903626,0.7192048988648702,1.6254142884920801,0.3798,1.0,0.819,81.61346184659958,0.6225748827480849,0.3019063681477609,0.006609024307609156,-179.0014779985427,5000,False
0.7131578947368421,0.05,0.0001,5000,20260973,0.03994790505417441,0.04882210709793332,0.09896697852075705,0.11832454247295074,0.011737735563987703,0.03387811087882418,0.0005235984506159469,0.0003442241053167423,0.05993311631722005,0.01748238282983097,0.059207690084689395,0.017322085213012085,1.0122522299298118,1.0092539445942956,0.0,0.9448,0.9506,16.323936541019798,0.14409900157791639,0.002832490347020119,0.0001729923722701165,-179.4885012191672,5000,False
0.7131578947368421,0.05,0.0003,5000,20260974,0.12174083184519784,0.14482687692397717,0.2883725964792643,0.34110877577931353,0.03575691861104381,0.10236954689554296,0.001436609546166192,-0.0005337761599798816,0.17745135272704932,0.05246983267414322,0.17762307025406818,0.05196625563903626,0.999033247613763,1.0096904621838616,0.0,0.955,0.9484,16.3239365410198,0.1522805128883857,0.008386551880832467,0.0005185553081733217,-179.4520215698251,5000,False
0.7131578947368421,0.05,0.001,5000,20260975,0.3942574609100733,0.48848871502998564,0.9966868000097845,1.1853590912957146,0.11675890561863127,0.33888196562428685,0.02117312885629491,-0.0020747317109090675,0.6051194653813033,0.1728285438951009,0.592076900846894,0.17322085213012087,1.0220284975072553,0.9977352135716012,0.0,0.9456,0.9508,16.323936541019798,0.15845139149272786,0.028598644082357474,0.0017063731118210916,-179.44938968088277,5000,False
0.7131578947368421,0.05,0.003,5000,20260976,1.1992195717123717,1.4919478457285869,3.2591371882025593,4.688114381139334,0.3916056803938698,1.7777074810336233,0.3092550077115372,0.228277945332729,2.0580156321309233,1.043631298743984,1.776230702540682,0.5196625563903626,1.1586420779615971,2.008286504213754,0.0358,0.9134,0.8848,16.323936541019794,0.6508835113529162,0.09749821502881169,0.007903634197052811,-175.97835795418402,5000,False
0.7131578947368421,0.15,0.0001,5000,20260977,0.013524627012336494,0.01653781426011411,0.03226519568109046,0.03868440625386038,0.011903725705741941,0.03380875951152579,0.00031531425678292215,0.00031630579847498124,0.019771059041111292,0.017419695074097092,0.019735896694896466,0.017322085213012085,1.0017816442170533,1.0056349948568364,0.0,0.9498,0.9512,5.44488840079209,0.16168588874347684,0.0009347993261960087,0.00017182413759701725,-178.2130148119352,5000,False
0.7131578947368421,0.15,0.0003,5000,20260978,0.039523353186385626,0.04846182610064154,0.0972072666056569,0.11498288697721196,0.035309574956197964,0.10166167413207279,0.0004452236928726011,0.0008498306435662308,0.058633152211631255,0.05229711292448139,0.059207690084689395,0.05196625563903626,0.9902962288811413,1.0063667716939875,0.0,0.9518,0.9504,5.444888400792091,0.1858896178657422,0.0027727083417812587,0.0005135288947439899,-177.91927193570385,5000,False
0.7131578947368421,0.15,0.001,5000,20260979,0.1284998665775376,0.17061427207068716,0.3308698046129657,0.38768393138621754,0.11515448277272106,0.339906525472105,0.0027173668054895073,-0.003038766807347211,0.19806271614993787,0.17244478244376593,0.19735896694896465,0.17322085213012084,1.0035658334245092,0.9955197675290736,0.0,0.9492,0.9498,5.44488840079209,0.12385095238387196,0.009362762231293042,0.0017107103655675418,-178.64774481674604,5000,False
0.7131578947368421,0.15,0.003,5000,20260980,0.4034070952457418,0.48736930395232425,0.9787024465970787,1.1653884842662428,0.34359585072439164,1.0067825520503964,0.0338786871700901,0.003719098745806416,0.6004848666563604,0.5133520981332248,0.5920769008468941,0.5196625563903626,1.0142008002633436,0.9878566231498938,0.0,0.9492,0.9534,5.444888400792089,0.16625829544285078,0.0283915546858799,0.005059710936490599,-178.2207977765872,5000,False
0.7605263157894736,0.01,0.0001,5000,20260981,0.2515378940584404,0.3020231054535689,0.6123690372775619,0.7297327627526113,0.01227205188475385,0.03495612743394496,0.014862204874791823,0.0006885665005055636,0.37623845845183534,0.017882330985720875,0.3626701106897974,0.017486269955660005,1.0374123683262206,1.0226498293269612,0.0,0.9432,0.9464,99.27950970612434,0.18949511914482214,0.01778067777751812,0.00017558300994497306,-179.89079586253717,5000,False
0.7605263157894736,0.01,0.0003,5000,20260982,0.7510324524621874,0.9506290826558179,1.917493548929535,2.4772553715880408,0.03898502191881821,0.13260060419768713,0.18589672028730841,0.021125751802704748,1.2441152194123921,0.10228806666503056,1.0880103320693921,0.05245880986698002,1.1434773942321752,1.9498739472817388,0.0068,0.9252,0.9028,99.27950970612434,0.5639583089431084,0.05879844568658478,0.0008446575285211215,-179.43775531085439,5000,False
0.7605263157894736,0.01,0.001,5000,20260983,2.361222909152544,3.645184392962128,5.067263157894736,5.067263157894736,0.17331696840408983,1.1352439411339998,0.5117404616691344,0.22232857103352352,3.1763145910037345,0.4319882950723924,3.626701106897974,0.17486269955660008,0.8758137208942843,2.4704427883578743,0.2182,0.998,0.7204,99.27950970612436,0.768622408069091,0.15014611565474753,0.0027627649298654178,-178.73241794002524,5000,False
0.7605263157894736,0.01,0.003,5000,20260984,5.0672631578945015,1.8970920265246436,9.994331977523816,14.349565804971785,0.524904592110808,2.0058422325581637,-1.013430869752412,0.3407261873306841,6.314119677464432,0.8527674655498643,10.880103320693925,0.5245880986698004,0.5803363710209437,1.6255943810243296,0.419,1.0,0.8034,99.27950970612436,0.6194212870230039,0.2984456230770172,0.006693676558284758,-178.98535195619561,5000,False
0.7605263157894736,0.05,0.0001,5000,20260985,0.048712518886834574,0.05877213257264017,0.11827111687433871,0.14075526342526942,0.011896587720819363,0.034732741166435196,-0.000809175880978184,0.00016602287724470365,0.07194862133437513,0.0175943354848585,0.07253402213795948,0.017486269955660005,0.9919292935049028,1.0061800217812327,0.0,0.9518,0.9466,19.857159091200973,0.15305233929129936,0.003400325309722922,0.00017386493832394735,-179.5450574688536,5000,False
0.7605263157894736,0.05,0.0003,5000,20260986,0.14759780949264725,0.18044887346799426,0.35404859095991204,0.4195919646137612,0.03493033628422654,0.10157544497041414,0.0007130629680235671,0.0007760101658551485,0.21619760408235578,0.05185610259766319,0.21760206641387847,0.05245880986698002,0.9935457307245813,0.9885108474468804,0.0,0.9548,0.9528,19.857159091200973,0.14003973193446517,0.010217536795528991,0.0005134380647927066,-179.59174707466548,5000,False
0.7605263157894736,0.05,0.001,5000,20260987,0.4872873259527245,0.6100546759383934,1.2015915902350907,1.4580344051369545,0.12281343410327668,0.36547501100081936,0.05579562262992114,0.016021900473377666,0.7468230773913861,0.1890885328822778,0.7253402213795949,0.17486269955660008,1.029617626844036,1.0813543046158514,0.0,0.9422,0.9336,19.857159091200966,0.3094734632657361,0.035298959724905966,0.001797810402599954,-179.04764800794635,5000,False
0.7605263157894736,0.05,0.003,5000,20260988,1.437946931434515,1.8879209183580876,4.9702438250744745,5.067263157894736,0.45574784102404564,4.447160928821232,0.4010853157576756,0.610451971382653,2.3431051714880806,1.4909364925384598,2.1760206641387847,0.5245880986698003,1.0767844304527427,2.8421088780302726,0.0968,0.8796,0.7994,19.857159091200977,0.7663775381985802,0.11132508916823394,0.0095266734079765,-174.0650413586894,5000,False
0.7605263157894736,0.15,0.0001,5000,20260989,0.016030259108476434,0.019966452369749473,0.03975488852269192,0.047048048376738,0.011784723335242497,0.034980189362378435,-0.00024465484561068187,-8.374966719583932e-05,0.02399619636951335,0.017602967074467724,0.02417800737931983,0.017486269955660008,0.9924803145704227,1.0066736427553518,0.0,0.9512,0.946,6.622626274208368,0.17735246712796554,0.0011344756435903082,0.00017317196825716627,-178.3854515216256,5000,False
0.7605263157894736,0.15,0.0003,5000,20260990,0.04827319193504256,0.05973447871431503,0.11809132398332964,0.14089418192122402,0.034726103923142515,0.10416615111284888,0.0009555651219298133,0.0005770787445238708,0.0718750854527382,0.05245088500879677,0.07253402213795948,0.05245880986698002,0.9909154812348889,0.9998489317961399,0.0,0.9538,0.9466,6.622626274208369,0.16295755731392336,0.0033978439071611645,0.000517330137800286,-178.5243488230893,5000,False
0.7605263157894736,0.15,0.001,5000,20260991,0.16152549673422834,0.20420382440352708,0.40127061008471004,0.4706765407761491,0.11638655247148133,0.34704507090994235,0.004208965602273853,0.00597550840701004,0.24407591148883945,0.17589315117337154,0.2417800737931983,0.17486269955660008,1.0094955620602748,1.0058929183833052,0.0,0.9502,0.9454,6.622626274208369,0.17731057456647092,0.011539090956637844,0.0017304141956545904,-178.41557482343575,5000,False
0.7605263157894736,0.15,0.003,5000,20260992,0.4901787319655917,0.6125261500998685,1.2296070734568691,1.4752328632799543,0.3707741467447567,1.0988150394478002,0.04598324689584147,0.05626368621063335,0.762713585446967,0.5803620551337211,0.7253402213795951,0.5245880986698004,1.051525288362319,1.106319523079816,0.0,0.943,0.9346,6.622626274208372,0.3418843521408852,0.0361009088007525,0.005445469708569835,-176.77579090206825,5000,False
0.8078947368421052,0.01,0.0001,5000,20260993,0.3126867070762316,0.38102780066872005,0.7669020745602488,0.9076231193365133,0.013969378258641644,0.04489409643524539,0.02467104932420525,0.0038167143347959736,0.4689616996112859,0.022596138715566295,0.4634840070203462,0.020407439873394228,1.0118185147879315,1.1072500448733669,0.0,0.9504,0.9244,125.17318057138228,0.597212485367628,0.022163062075727276,0.00018123644269084049,-179.65111065456733,5000,False
0.8078947368421052,0.01,0.0003,5000,20260994,0.9550053577706166,1.1504988495356394,2.5299880184812973,3.8199484651051403,0.04654874253513502,0.6829752260975964,0.2560162914902955,0.07757316153172841,1.5386135119256197,0.2099945399732842,1.3904520210610387,0.06122231962018268,1.1065563490292318,3.4300324011907737,0.0464,0.9112,0.8206,125.17318057138226,0.7760241308116329,0.07273156864675781,0.0013241097199616699,-178.71570948009767,5000,False
0.8078947368421052,0.01,0.001,5000,20260995,3.0875997297191797,2.664313231710259,4.064947368421052,4.787189035351449,0.21023036298020142,1.1774416666225525,0.25867999982384815,0.28523995684308395,3.1879217548951697,0.45788172809169364,4.634840070203462,0.20407439873394226,0.6878169918720032,2.2436999982964414,0.299,0.9998,0.6724,125.17318057138222,0.7806645110341675,0.15070034190250736,0.002860728027056705,-178.64036143029153,5000,False
0.8078947368421052,0.01,0.003,5000,20260996,4.064947368421052,1.6331149840509251,11.053703969886188,15.584774430176722,0.5340312394426765,2.0459626944383844,-1.635319065528126,0.351843145240079,6.335849654678186,0.8657030010240315,13.90452021061039,0.6122231962018267,0.45566834084957253,1.4140316903945633,0.4568,1.0,0.8386,125.1731805713823,0.5965477040635544,0.29947034352769514,0.006946904802176012,-179.0113598077021,5000,False
0.8078947368421052,0.05,0.0001,5000,20260997,0.06190125163847357,0.07832278309831579,0.15389150090974762,0.1815331342454587,0.013724038586010803,0.0407507154754122,0.00328120940821562,0.0008879048164144151,0.09299136660565178,0.020611519318028737,0.09269680140406925,0.020407439873394228,1.0031777277869438,1.0100002472578922,0.0,0.9502,0.9444,25.04846454867533,0.5275401103944479,0.004396024152107369,0.00017504740873887728,-178.5804135014853,5000,False
0.8078947368421052,0.05,0.0003,5000,20260998,0.1831309417327579,0.23132006374458122,0.46011171638215054,0.5450046932558802,0.04180824168642239,0.12615945404533166,0.012545928052781753,0.005300808037641248,0.27811161250135563,0.06306944801504082,0.27809040421220776,0.06122231962018268,1.0000762640092093,1.0301708332241826,0.0,0.95,0.941,25.04846454867533,0.5464744951455139,0.013147796459490779,0.0005280095241444366,-178.49543923053298,5000,False
0.8078947368421052,0.05,0.001,5000,20260999,0.6336429817525795,0.7786755226434197,1.604512430201413,2.0023777380940158,0.15106360537836988,0.7062884754200002,0.10375304494394898,0.12936653623520314,1.0162334606973142,0.47091407747941555,0.9269680140406925,0.2040743987339423,1.096298302966798,2.307560773918339,0.0048,0.9288,0.8704,25.048464548675334,0.6988248014767757,0.04813932625145878,0.003360496069981021,-176.0608606030262,5000,False
0.8078947368421052,0.05,0.003,5000,20261000,1.8451987433363795,2.4978536781949097,4.064947368421052,4.064947368421052,0.562528492405949,4.974704157974732,0.34805143780088293,0.9969348351794106,2.4628039249800766,1.839873572218254,2.7809040421220774,0.6122231962018267,0.885612695611294,3.0052333587368967,0.1888,0.9996,0.7254,25.048464548675334,0.8165784341556536,0.11736321142449181,0.010532281198087709,-172.58466178708753,5000,False
0.8078947368421052,0.15,0.0001,5000,20261001,0.020703696140917775,0.025418700425552936,0.05079877204873481,0.06024291070032121,0.013930292389255361,0.04031784608237457,0.000705905773031348,0.0005524121387404484,0.030724038271035415,0.020610528812884284,0.03089893380135642,0.020407439873394228,0.9943397551693733,1.0099517107853802,0.0,0.9518,0.948,8.388454398292836,0.5121096767171247,0.001455875342736239,0.000176555124196887,-175.78016892852784,5000,False
0.8078947368421052,0.15,0.0003,5000,20261002,0.06273930526355559,0.0763804592646832,0.1523193450236501,0.1793016527251385,0.04243739718234191,0.1206224734394877,0.0022858390165206265,0.0019539974979594084,0.09201946429827562,0.0617418785566569,0.09269680140406926,0.06122231962018269,0.9926929829774699,1.0084864301074756,0.0,0.9532,0.9482,8.38845439829284,0.5252356205760418,0.0043609981025767314,0.0005239206449484548,-175.67271470695567,5000,False
0.8078947368421052,0.15,0.001,5000,20261003,0.21147805458316166,0.25712060434583695,0.514022840598482,0.6108636792749381,0.14315702458781582,0.4285496008020666,0.012526233790575079,0.02817022084014565,0.3136723134996311,0.21601987060973232,0.3089893380135642,0.2040743987339423,1.0151557834201426,1.0585348870308993,0.0,0.9478,0.9364,8.388454398292838,0.5495098081505261,0.014871993345178166,0.0017989739626376382,-175.35354883241163,5000,False
0.8078947368421052,0.15,0.003,5000,20261004,0.6360178694919203,0.7581648432200194,1.590273266705839,1.968053775918667,0.44929273436148665,2.1714542386381335,0.12219501790074715,0.4119599833416397,1.0177459169121188,1.5176525775689282,0.9269680140406926,0.612223196201827,1.0979299193676828,2.4789204116804084,0.0052,0.934,0.871,8.388454398292838,0.7030942009088369,0.04932511546901298,0.010523413455587268,-166.88379625000425,5000,False
0.8552631578947368,0.01,0.0001,5000,20261005,0.43497210248474916,0.5388246717802285,1.0782939764373172,1.3339903407401508,0.0285803978940514,0.14531472256715225,0.08027686752092425,0.02151573293944635,0.6757428383152674,0.07374657079315934,0.6322950994569108,0.04300675151574378,1.0687143374915835,1.7147672910417897,0.0006,0.937,0.8778,164.10784280595232,0.8635383151139473,0.03194126664335441,0.00037181765911367416,-178.8574332281235,5000,False
0.8552631578947368,0.01,0.0003,5000,20261006,1.2559641158487769,1.607978307106976,3.0626315789473595,3.062631578947366,0.07561966474820772,0.840203137629479,0.2515109759569394,0.15851186455261082,1.7370040787521726,0.3074606196183948,1.8968852983707334,0.12902025454723137,0.9157138179330687,2.383041489860342,0.141,0.9992,0.77,164.10784280595232,0.863695741455117,0.08213199589227221,0.0015488327205850881,-178.1465074967474,5000,False
0.8552631578947368,0.01,0.001,5000,20261007,3.062631578947274,1.0960373818650093,4.653212661651656,5.6222689957651895,0.25139971210427464,1.1792248940798702,-0.23532281088360005,0.30596331219499573,3.1911804128425025,0.47379808741170965,6.322950994569112,0.4300675151574381,0.5046979512546373,1.101683039785655,0.375,1.0,0.828,164.10784280595234,0.7782466999830008,0.15085701662446901,0.0029743668643254033,-178.5988652441975,5000,False
0.8552631578947368,0.01,0.003,5000,20261008,3.062631578947366,3.248860013178725,11.154166401293972,15.850607215481944,0.5561600994787455,2.0123220578783765,-2.2319380561106392,0.35051386741213036,6.191129258858273,0.8765771997899716,18.968852983707333,1.2902025454723143,0.3263839550117204,0.6794105335368691,0.4794,1.0,0.9806,164.1078428059523,0.5796787428594714,0.2926305954744628,0.007141668895014227,-179.00445456640784,5000,False
0.8552631578947368,0.05,0.0001,5000,20261009,0.08450405079253245,0.10571675837834649,0.20414669294977486,0.2502181126266414,0.028846704678203716,0.08491387617938656,0.005201846440638856,0.004263461490974443,0.12615141772294275,0.04309783357021434,0.1264590198913822,0.04300675151574379,0.9975675743121871,1.0021178547846659,0.0,0.949,0.948,32.955583875926244,0.9053338478215879,0.005974553525423622,0.00018264566105044116,-176.25201293238604,5000,False
0.8552631578947368,0.05,0.0003,5000,20261010,0.25513119827409814,0.31240381085489666,0.6264384525743059,0.7544708309055203,0.08368685692005974,0.2943632514218262,0.02079730542758823,0.028590363872836134,0.3834764906126281,0.14983390911422848,0.3793770596741463,0.1290202545472313,1.010805690101565,1.1613208301288678,0.0,0.946,0.9224,32.955583875926244,0.8985457979803323,0.018172713005815102,0.0006557812296936997,-175.74578153682847,5000,False
0.8552631578947368,0.05,0.001,5000,20261011,0.8495524436472668,1.1268432852583823,2.357674869541382,3.0626315789470677,0.25706315429882276,3.756132461326076,0.21542941960325115,0.4873884107760573,1.3366743847664269,1.1465346363271183,1.264590198913822,0.4300675151574379,1.0570020121257613,2.665941034647544,0.0612,0.9102,0.8044,32.955583875926216,0.8629526466826598,0.06394634034974511,0.005722920077070457,-171.02583378710747,5000,False
0.8552631578947368,0.05,0.003,5000,20261012,2.4365013628153207,1.8663379687066353,3.244278442771195,3.8776226156277382,0.7293149160619163,4.9397459640920065,0.08424296763528723,1.262205109859454,2.494169525345726,2.0026535401336965,3.793770596741465,1.2902025454723136,0.6574381507115931,1.5522008905978175,0.2912,1.0,0.7034,32.95558387592625,0.8363062340248527,0.11906594011121259,0.010869691216325996,-171.84459536689891,5000,False
0.8552631578947368,0.15,0.0001,5000,20261013,0.02857860746511757,0.035167746109253564,0.06883327540404213,0.08373579230051133,0.029057304951059237,0.08634643272827486,0.0001400631674793978,0.0010949873681111056,0.042573702206954125,0.04340879001929787,0.042153006630460746,0.043006751515743805,1.0099802033145928,1.0093482648510872,0.0,0.9452,0.9446,11.36045257407348,0.9119339120651039,0.0020508530861577416,0.0001747469784139375,-168.7867481931371,5000,False
0.8552631578947368,0.15,0.0003,5000,20261014,0.08567566838469445,0.10328574842968344,0.20640927649542082,0.25044860324516255,0.08647108414092941,0.2556883573130464,-0.0020101017322710414,0.005260617919013855,0.12672339002926106,0.1300937022568567,0.12645901989138214,0.12902025454723134,1.0020905597568759,1.0083199937358083,0.0,0.9482,0.9474,11.360452574073479,0.905389853108005,0.00610448496961885,0.0005418875160504397,-168.78379592853202,5000,False
0.8552631578947368,0.15,0.001,5000,20261015,0.28967276948388304,0.35433931014358083,0.7049844295431068,0.8454195938739609,0.28569570560697255,1.0652340386310803,0.021003815909250777,0.10955768832119597,0.4364853015331181,0.532596349798138,0.42153006630460743,0.430067515157438,1.0354784543831415,1.2384017183980205,0.0,0.9452,0.9156,11.360452574073474,0.8996856167597055,0.021183683714982263,0.0022639828530348167,-166.76867902960223,5000,False
0.8552631578947368,0.15,0.003,5000,20261016,0.8386960700709257,1.0402077992026912,2.3616519810368444,3.0626315789472893,0.7636439621392808,11.313133873580439,0.18387653316560884,1.4140325641375038,1.3244566496634416,3.446450832351383,1.264590198913822,1.2902025454723138,1.0473405936571705,2.6712478939418896,0.0612,0.9104,0.8198,11.360452574073479,0.8592662831669495,0.06967641504466741,0.015837194489229225,-153.18394335085665,5000,False
0.9026315789473683,0.01,0.0001,5000,20261017,0.6250919563363713,0.7599161939889458,1.6224475959616715,2.0603157894633064,0.07395400454880677,0.6055263316506309,0.10809899899200681,0.07127165523542021,0.9281561151634843,0.19680662829502674,0.9433765913888935,0.12507841130701863,0.9838659594012177,1.5734660061514802,0.0532,0.927,0.8544,223.05820558063039,0.9234298192922413,0.04390135440334955,0.0007546319306998038,-177.626763757623,5000,False
0.9026315789473683,0.01,0.0003,5000,20261018,1.8805031801249932,1.1668510809971793,2.5222758470644058,2.9640936841028354,0.15324192268539472,0.7330040724260422,-0.018509148311408815,0.18187972641313405,1.815310808718694,0.33937393928115706,2.8301297741666853,0.3752352339210566,0.6414231691029791,0.9044298312150393,0.3006,1.0,0.9512,223.05820558063036,0.8962750469113107,0.08584365842427513,0.001504173352409598,-177.96877220762593,5000,False
0.9026315789473683,0.01,0.001,5000,20261019,2.0603157894736834,1.6445331963307073,5.632475359796666,6.668458328059738,0.2810860640246605,1.0531814783925817,-0.9826418072292173,0.23384992019356018,3.2760537663249223,0.45329940780850986,9.433765913888896,1.2507841130701813,0.34726892698299205,0.36241218853974627,0.4318,1.0,1.0,223.05820558063064,0.7634933384306198,0.15486164839630379,0.0029267473379010027,-178.71896637707061,5000,False
0.9026315789473683,0.01,0.003,5000,20261020,2.0603157894736834,5.392052273909975,13.09356131107774,17.635528573755565,0.5420083432184778,1.917912749204037,-3.3536327836617965,0.24780226142883147,6.463518331532975,0.8627449988427892,28.30129774166675,3.752352339210552,0.22838240106626,0.22992110570946545,0.5024,1.0,1.0,223.0582055806307,0.5392573108318878,0.3054947266276072,0.007264686757152182,-179.12690821420117,5000,False
0.9026315789473683,0.05,0.0001,5000,20261021,0.12861305359834108,0.15574232379110642,0.309979785050805,0.36203031411067077,0.08614905409266606,0.25364743622283026,0.006566093222531134,0.013834821766709277,0.1899738303239304,0.13074737336526962,0.1886753182777784,0.12507841130701844,1.0068822570859015,1.0453232656140483,0.0,0.9548,0.9436,45.43260512199978,0.9827414143136081,0.009069514746159064,0.00023942124126601476,-171.8495352263705,5000,False
0.9026315789473683,0.05,0.0003,5000,20261022,0.387654979121531,0.4711156849849348,0.9389209681201276,1.1793211554737018,0.24840460288258376,1.1471327316921478,0.047513662681978576,0.13651075758190287,0.5921786355472931,0.5408119339125365,0.566025954833334,0.3752352339210545,1.046204030911727,1.4412610677874602,0.0054,0.9378,0.898,45.43260512199978,0.9344645627125111,0.02844046588656175,0.0018948076162261284,-169.71764919289444,5000,False
0.9026315789473683,0.05,0.001,5000,20261023,1.2806531052611287,1.4482450868589145,2.0603157894736834,2.1967918009739704,0.614314281034879,3.486599887779832,0.14476274299407552,0.7983971426480201,1.4734951900904567,1.5276760849719573,1.8867531827777784,1.2507841130701807,0.7809687051493923,1.2213747112778048,0.2238,0.9996,0.7532,45.43260512199974,0.9163951486832232,0.07103946752192392,0.005994085210447442,-168.55020184858057,5000,False
0.9026315789473683,0.05,0.003,5000,20261024,2.0603157894736834,0.8178117172389774,4.03409605958309,4.713892465650698,1.1670912891872127,4.395833798545769,-0.4298860205020548,1.1048418226514083,2.52065355225842,1.9655786596829963,5.660259548333326,3.7523523392105367,0.4453247294994858,0.52382571837498,0.396,1.0,1.0,45.43260512199973,0.8412018320596363,0.1202744873986612,0.010526593494941875,-172.03637063197363,5000,False
0.9026315789473683,0.15,0.0001,5000,20261025,0.04286298079771894,0.05255406945076313,0.10283626192893355,0.12296670102431374,0.08538125621188469,0.2442589690484622,0.0003535000001272886,0.003560779972876434,0.062817917963368,0.12565157437202834,0.06289177275925954,0.12507841130701858,0.9988256843041418,1.0045824300054698,0.0,0.9504,0.9504,17.43328260284025,0.9861347070956522,0.0032179294984811,0.00019236593105861555,-157.25927978574427,5000,False
0.9026315789473683,0.15,0.0003,5000,20261026,0.1250019165994576,0.15543074598723952,0.31043451852224596,0.36944504166171005,0.251285465049457,0.7556259624546668,-0.000788105487355787,0.02689231685654493,0.18859195285245708,0.38545701030881385,0.18867531827777853,0.37523523392105557,0.9995581540496,1.0272409823591055,0.0,0.9504,0.9446,17.433282602840272,0.9817886078622674,0.009687071406425492,0.0006737382102469039,-156.8752593500333,5000,False
0.9026315789473683,0.15,0.001,5000,20261027,0.43270898214180126,0.543715177253645,1.0611310777326923,1.3061358522249833,0.810525921887413,4.026358019247687,0.042820624104706384,0.4837028010923608,0.660031607004487,1.849280205294097,0.6289177275925976,1.2507841130701902,1.0494720979339998,1.4784967173550283,0.008,0.9392,0.8884,17.433282602840308,0.931902487081283,0.03578788465292348,0.005846204300080737,-150.20438016600752,5000,False
0.9026315789473683,0.15,0.003,5000,20261028,1.2340313690198474,1.4769262905284104,2.0603157894736834,2.2069082340672206,1.7749971356986984,10.36101020308331,0.11750299017943816,2.2659298905030156,1.4567466959982467,4.519742655428316,1.8867531827777897,3.752352339210564,0.7720918185247411,1.204509131031975,0.2154,1.0,0.7632,17.43328260284027,0.9136353323035068,0.0808553824831528,0.015644828036797665,-147.68751288755374,5000,False
0.95,0.01,0.0001,5000,20261029,1.0579999728122482,0.5326413604638511,1.567051719413081,1.8953780728960932,0.19785423268751648,0.40346470956097846,-0.09940273260302619,0.06299887524379535,1.0434244674845243,0.23666171968754085,1.5705068367000474,0.3649585158414209,0.6643870902701513,0.6484619742107165,0.2824,0.9998,1.0,310.9186834857435,0.9536726614301502,0.049362809998844195,0.000711243106547419,-177.37885003709377,5000,False
0.95,0.01,0.0003,5000,20261030,1.0579999999999987,1.1334480568400394,3.410256630682189,3.956386285186518,0.2782367917056975,0.4856451207440439,-0.6446104345102068,0.06084730296646133,1.8586597246109633,0.2999515303108145,4.711520510100284,1.094875547524296,0.39449254664740957,0.2739594751102599,0.4246,1.0,1.0,310.91868348574326,0.8970101333852639,0.08787956909688754,0.0013251940015472073,-178.24511014133623,5000,False
0.95,0.01,0.001,5000,20261031,1.0579999999999987,3.7896539072581015,7.1200175486709165,8.312924218537376,0.30644661700124404,0.8031324504625217,-1.96887681065578,0.06158541422367596,3.507795655512702,0.4167553344375371,15.705068367000898,3.6495851584143084,0.22335437029253533,0.11419252225877947,0.473,1.0,1.0,310.91868348574405,0.7329590286063925,0.165802990960398,0.0028345917999858857,-178.94405159516796,5000,False
0.95,0.01,0.003,5000,20261032,1.0579999999999987,8.042564901782608,16.91864336623405,19.54798901465207,0.5462582142160585,1.6826287768645611,-4.5789613548672845,0.08656646930394928,6.896333955037925,0.8109179109767127,47.11520510100265,10.948755475242914,0.14637172734903714,0.07406484808345044,0.5338,1.0,1.0,310.9186834857435,0.5109389429292964,0.32594005053373765,0.00697022477779353,-179.27131273136985,5000,False
0.95,0.05,0.0001,5000,20261033,0.2093331766952886,0.26153333009091273,0.5169252188920115,0.6215048536742569,0.2409261313145901,0.8049840045199701,0.008659850534706625,0.05553070754334665,0.3175014794564057,0.4034322759435009,0.3141013673400225,0.3649585158414359,1.0108248879817914,1.1054195434058065,0.0032,0.9484,0.9318,65.76900863610493,0.9834716470916318,0.015521630812476579,0.0007061405766013632,-165.15713804247753,5000,False
0.95,0.05,0.0003,5000,20261034,0.6489003804467443,0.7532114962076302,1.0579999999999987,1.2354794819914645,0.6787338075019991,1.912911735665083,0.008548080870966274,0.2701817795223225,0.7691372477972022,0.9818654743910397,0.9423041020200605,1.0948755475243002,0.8162303932969913,0.8967827225762822,0.1764,0.9978,0.9998,65.76900863610506,0.9674116766029521,0.03757453130477913,0.002405056196952018,-165.29327274114232,5000,False
0.95,0.05,0.001,5000,20261035,1.0579999999999987,0.7115675685384316,2.6372423862356906,3.111358465502004,1.3021248126883027,2.2175184256885703,-0.41235156340058776,0.2844407478911337,1.514909103292299,1.3848424030329296,3.141013673400216,3.6495851584143493,0.48229942967818307,0.37945200424768494,0.376,1.0,1.0,65.76900863610504,0.922140945527735,0.07272917976416553,0.005273631174320823,-169.83237312432294,5000,False
0.95,0.05,0.003,5000,20261036,1.0579999999999987,2.5112135041462076,5.174622265343417,6.0738514391206655,1.4614427607306886,3.1274806938984008,-1.2703922394266538,0.29864464156645165,2.6611398078434223,1.743848870263379,9.423041020200547,10.948755475242933,0.2824077494875201,0.159273706879885,0.4632,1.0,1.0,65.7690086361051,0.8222435832554387,0.1265825388448645,0.009860590625546811,-173.45569344603112,5000,False
0.95,0.15,0.0001,5000,20261037,0.0705887182517005,0.08652882773524344,0.17164239366727033,0.2027490153142493,0.2478769986284282,0.7159110788856344,-0.0003478226349584792,0.012845326643155767,0.10477482620313552,0.36812969147693153,0.10470045578000305,0.3649585158414205,1.0007103161354785,1.008689139992253,0.0,0.9534,0.9498,31.896256740826068,0.996409334824196,0.006164993098317198,0.00025033512389159763,-143.3990178413913,5000,False
0.95,0.15,0.0003,5000,20261038,0.20954161082408865,0.25973988613281296,0.5256796627670117,0.6355531132001996,0.71992214154568,2.438153247324154,0.017827832251597335,0.19861724454903176,0.3192655116322332,1.2111848888169838,0.31410136734001165,1.0948755475242706,1.0164410118171545,1.1062306501918977,0.0018,0.9444,0.9264,31.896256740825933,0.9839275110444612,0.019273892813708792,0.0016930969044309466,-141.34337552473232,5000,False
0.95,0.15,0.001,5000,20261039,0.6849989246306785,0.7305271597202501,1.078768239579197,1.3652033879842886,2.1521737825534517,5.788661291107748,0.01648824448728995,0.9147213197332698,0.810046415490259,3.051655268738279,1.047004557800056,3.6495851584142938,0.7736799323895127,0.8361649711618706,0.1984,0.9978,1.0,31.896256740825937,0.9631843197287198,0.04852712106059725,0.006472054105132117,-141.67730661374043,5000,False
0.95,0.15,0.003,5000,20261040,1.0579999999999987,0.6076074921890382,2.583297189158598,3.0929954319062065,3.9757570949617147,6.64899168188637,-0.36633742192578767,1.0041503784022694,1.505464460994951,4.193861497712437,3.141013673400127,10.948755475242738,0.4792925525106981,0.3830445850394204,0.395,1.0,1.0,31.896256740826008,0.9253606139879184,0.08141042664519076,0.01389405354548961,-150.4425720718808,5000,False
