xi_d,s_bar,sigma_rel,n_real,seed,abs_err_xi_mm_median,abs_err_xi_mm_iqr,abs_err_xi_mm_p90,abs_err_xi_mm_p95,abs_err_s_pp_median,abs_err_s_pp_p95,bias_xi_mm,bias_s_pp,std_xi_mm,std_s_pp,crlb_xi_mm,crlb_s_pp,ratio_std_over_crlb_xi,ratio_std_over_crlb_s,boundary_hit_prob,coverage95_xi,coverage95_s,cond2,mass_coupling,n_starts,free_w,truth_model,corr_xi_s,ellipse_major,ellipse_minor,ellipse_angle_deg,n_real_requested,reduced,surrogate_half_xi,loo_xi_resid_rel_median,loo_xi_resid_rel_p95,width_transfer_resid_rel_median
0.2,0.12,0.0001,1000,20260808,2.7517682468149642,0.07041500499832498,2.817924109599174,2.834512040587594,5.314669792808696,5.466125697570899,-2.7511559300832524,5.317369963009366,0.050531353034231466,0.08761396399592872,0.022027151672569103,0.03396439017505771,2.294048444636592,2.579583014573582,0.0,0.0,0.0,17.958349736414206,exact,4,False,3d_rail_surrogate,-0.9968023875601291,0.002542858494141351,6.574713862382351e-05,159.89799735458706,1000,False,0.1,0.014496241614285168,0.16178862724753038,0.06845739741129697
0.2,0.12,0.0003,1000,20260809,2.7661314533508343,0.20812758643186724,2.965211029831265,3.0287377755609812,5.33784141173585,5.889458483311651,-2.7654464842606665,5.3678572287050885,0.15462959222701317,0.2819583778638171,0.06608145501770722,0.10189317052517297,2.3399846777825717,2.767196038856781,0.0,0.0,0.0,17.958349736414224,exact,4,False,3d_rail_surrogate,-0.9881153862657861,0.007822254529763841,0.000404895859761539,159.07168674919927,1000,False,0.1,0.014496241614285168,0.16178862724753038,0.06845739741129697
0.2,0.12,0.001,1000,20260810,2.7579313110798136,0.6821035229856025,3.510257882803617,3.7971084667204478,5.337421937439659,8.722729806925644,-2.7913205207421408,5.7586168199075125,0.5435467744468608,1.3517623391617348,0.22027151672569226,0.33964390175057896,2.4676216994671556,3.9799399671083027,0.016,0.0,0.0,17.958349736414203,exact,4,False,3d_rail_surrogate,-0.9123832715863347,0.028598438701486546,0.004970044331172333,153.48998482710826,1000,False,0.1,0.014496241614285168,0.16178862724753038,0.06845739741129697
0.2,0.12,0.003,1000,20260811,2.6842820849018993,1.6636618839707993,4.231999999999996,4.232,5.4254499655039865,11.430405379455882,-2.664657689124154,6.542793758020338,1.0725039575031774,2.404101939248894,0.6608145501770736,1.018931705251732,1.6230029396534724,2.359433833354856,0.156,0.121,0.0,17.95834973641421,exact,4,False,3d_rail_surrogate,-0.8166543200361213,0.05459933044015653,0.012880131310149054,157.50581663215166,1000,False,0.1,0.014496241614285168,0.16178862724753038,0.06845739741129697
0.2,0.135,0.0001,1000,20260812,4.2319999999999975,4.440892098500626e-15,4.232,4.232,13.697998821642363,13.71019823274939,-4.231999999999997,13.698101362871705,5.724173778807047e-15,0.007654506140007056,0.019604731547249458,0.0340405630631524,2.9197919721630407e-13,0.2248642634320219,1.0,0.0,0.0,16.379985758801503,exact,4,False,3d_rail_surrogate,0.01914820943933593,7.654506140007057e-05,2.706634737908221e-16,89.99999999999612,1000,False,0.1,0.014496241614285168,0.16178862724753038,0.06845739741129697
0.2,0.135,0.0003,1000,20260813,4.231999999999999,2.6645352591003757e-15,4.232,4.232,13.698435558326587,13.737690247245462,-4.231999999999998,13.699180509849324,8.336029917830425e-15,0.02361507962489953,0.058814194641748384,0.10212168918945724,1.417350006849064e-13,0.2312445065522622,1.0,0.0,0.0,16.379985758801507,exact,4,False,3d_rail_surrogate,-0.029405698651988686,0.00023615079624899525,3.9460031845149383e-16,90.00000000000283,1000,False,0.1,0.014496241614285168,0.16178862724753038,0.06845739741129697
0.2,0.135,0.001,1000,20260814,4.2319999999999975,8.881784197001252e-15,4.232,4.232,13.675463022378457,13.823858245039624,-3.9068379015638537,12.585483331729167,0.8118093634126079,2.6324088921851154,0.19604731547249574,0.340405630631526,4.140884874939793,7.733153201083742,0.826,0.0,0.0,16.379985758801517,exact,4,False,3d_rail_surrogate,-0.9826358016354402,0.04635201234028615,0.0040427044249160505,145.71384738326773,1000,False,0.1,0.014496241614285168,0.16178862724753038,0.06845739741129697
0.2,0.135,0.003,1000,20260815,3.7724335116213537,2.8398811118504526,4.232,4.232,10.507412294481977,14.009561622322833,-2.9457976120520724,10.133225386981083,1.427153579007975,3.516180133906366,0.5881419464174847,1.0212168918945739,2.4265461555685897,3.443127666428535,0.447,0.181,0.0,16.37998575880151,exact,4,False,3d_rail_surrogate,-0.9066020037167628,0.07487766564621806,0.013365114048326797,153.8046304647398,1000,False,0.1,0.014496241614285168,0.16178862724753038,0.06845739741129697
0.2,0.15,0.0001,1000,20260816,4.231999999999999,4.440892098500626e-15,4.232,4.232,16.671046824939342,16.685204315132054,-4.2319999999999975,16.67119591551101,4.183045543988981e-15,0.008258203156248421,0.01766961943304832,0.034126231691299164,2.367365952525969e-13,0.24198989302278973,1.0,0.0,0.0,15.164527583165933,exact,4,False,3d_rail_surrogate,-0.02949942455344129,8.258203156248421e-05,1.9922953872969176e-16,90.00000000000408,1000,False,0.1,0.014496241614285168,0.16178862724753038,0.06845739741129697
0.2,0.15,0.0003,1000,20260817,4.231999999999999,4.440892098500626e-15,4.232,4.232,16.670868856229795,16.707164392056384,-4.231999999999985,16.6704990287654,3.19219683909611e-13,0.022732487155077183,0.053008858299144895,0.1023786950738974,6.022006399537197e-12,0.22204314226381547,1.0,0.0,0.0,15.16452758316593,exact,4,False,3d_rail_surrogate,0.10978700583405183,0.00022732487155077184,1.4994663123925568e-14,89.99999999958256,1000,False,0.1,0.014496241614285168,0.16178862724753038,0.06845739741129697
0.2,0.15,0.001,1000,20260818,4.231999999999999,6.217248937900877e-15,4.232,4.232,16.66718454949941,16.801378173313285,-4.036228821119254,16.013419563758045,0.6996940635255986,2.354378520352035,0.17669619433048214,0.3412623169129897,3.959870591309578,6.899028705101131,0.927,0.0,0.0,15.164527583165933,exact,4,False,3d_rail_surrogate,-0.9959134913014853,0.04055513804294321,0.0017336842329180836,144.58522658615334,1000,False,0.1,0.014496241614285168,0.16178862724753038,0.06845739741129697
0.2,0.15,0.003,1000,20260819,4.231999999999993,2.8181913000932832,4.232,4.232,16.455137837944154,17.002769441048095,-3.1475665754584443,13.522942429396025,1.4639890580656303,4.0324390578027565,0.5300885829914499,1.0237869507389756,2.7617819078537744,3.938748247271678,0.599,0.144,0.0,15.164527583165935,exact,4,False,3d_rail_surrogate,-0.952018508030998,0.07935411336157845,0.010759680514844366,150.3764818828921,1000,False,0.1,0.014496241614285168,0.16178862724753038,0.06845739741129697
0.25,0.12,0.0001,1000,20260820,1.9150176955562932,0.035408551176326464,1.947804251430806,1.956727107008411,3.1427932779633876,3.1959279614191614,-1.914732467830789,3.1427899003565765,0.02558077422588521,0.03200225937727656,0.01634340669219025,0.03153547292410423,1.5652045321804946,1.0148019487228155,0.0,0.0,0.0,12.016764367998958,exact,4,False,3d_rail_surrogate,0.983205865895554,0.001249284166450514,5.651713444652537e-05,-165.38061192412331,1000,False,0.1,0.014496241614285168,0.16178862724753038,0.06845739741129697
0.25,0.12,0.0003,1000,20260821,1.9125786979000767,0.10563167190077949,2.014568176362282,2.050497242403305,3.1450119576603264,3.303941496521106,-1.9145760870321997,3.1450815434441513,0.07922291337846746,0.09699026462283744,0.04903022007657072,0.09460641877231264,1.6157976295995544,1.0251975064848606,0.0,0.0,0.0,12.016764367998963,exact,4,False,3d_rail_surrogate,0.9823320513136442,0.0038635816473969716,0.00017589539183606777,-165.69221285460924,1000,False,0.1,0.014496241614285168,0.16178862724753038,0.06845739741129697
0.25,0.12,0.001,1000,20260822,1.904276556775352,0.35454967314038566,2.258402930021437,2.3977147029821917,3.155295397614967,3.6969177083539155,-1.9337263348207994,3.160482903843643,0.26730983332057706,0.3084424399323036,0.16343406692190246,0.3153547292410423,1.6355820934708305,0.9780809080448091,0.0,0.0,0.0,12.016764367998961,exact,4,False,3d_rail_surrogate,0.9590697733157926,0.012976055827265178,0.0008503108549390059,-166.76283040459418,1000,False,0.1,0.014496241614285168,0.16178862724753038,0.06845739741129697
0.25,0.12,0.003,1000,20260823,1.89803866570618,1.1209873460732969,3.7581390181655006,5.289999999999996,3.4004597585264085,8.156300136277174,-2.221380781079567,3.747276521553126,1.1235563383779363,1.4222015155228096,0.4903022007657074,0.946064187723127,2.291558831723114,1.5032822655993274,0.06,0.048,0.0,12.016764367998956,exact,4,False,3d_rail_surrogate,-0.43233330044073626,0.05347451604548831,0.01273392297888509,172.99550625026365,1000,False,0.1,0.014496241614285168,0.16178862724753038,0.06845739741129697
0.25,0.135,0.0001,1000,20260824,1.7176065879421007,0.02814208121479478,1.7434505521189985,1.7503285151284793,4.706674784732122,4.762835640871633,-1.7172289982190536,4.706438092719167,0.020320961005101952,0.035235185154036446,0.01454995307566149,0.03164038633512082,1.3966341265453248,1.1136142517616923,0.0,0.0,0.0,11.089010325172573,exact,4,False,3d_rail_surrogate,0.984656295648238,0.0010213114477065069,5.781688655339376e-05,-160.07012415826335,1000,False,0.1,0.014496241614285168,0.16178862724753038,0.06845739741129697
0.25,0.135,0.0003,1000,20260825,1.7177857603181244,0.0781977559365079,1.7998339080858075,1.8209394387429458,4.70586065283411,4.888814353924191,-1.7191031697052177,4.70600924492067,0.061788642904806484,0.10567459228173369,0.043649859226984444,0.0949211590053624,1.4155519398928231,1.1132880528330231,0.0,0.0,0.0,11.089010325172566,exact,4,False,3d_rail_surrogate,0.9845569068845513,0.0031005085326577344,0.00017423265989390197,-160.3242118105128,1000,False,0.1,0.014496241614285168,0.16178862724753038,0.06845739741129697
0.25,0.135,0.001,1000,20260826,1.7181821210628268,0.27800435898699205,2.021839259515493,2.157813158787834,4.699372374702887,5.293749607788587,-1.737466478017476,4.702794215651377,0.22421218943254448,0.36522352510679185,0.14549953075661476,0.3164038633512079,1.5409822166890474,1.1542954034710828,0.0,0.0,0.0,11.089010325172575,exact,4,False,3d_rail_surrogate,0.9777979668673158,0.011184325763074536,0.0007250698193909254,-161.2932704582414,1000,False,0.1,0.014496241614285168,0.16178862724753038,0.06845739741129697
0.25,0.135,0.003,1000,20260827,1.718424807066,0.9391197216324256,4.4661903889071874,5.289999999999999,5.009988137846056,10.619636893844637,-2.076250164235299,5.48852877503995,1.2037673713077617,1.8591238468983706,0.4364985922698445,0.9492115900536242,2.7577806495274784,1.9585979210318558,0.092,0.034,0.0,11.089010325172572,exact,4,False,3d_rail_surrogate,-0.6022447164296545,0.05805569985854255,0.014543293323603799,168.1086597098256,1000,False,0.1,0.014496241614285168,0.16178862724753038,0.06845739741129697
0.25,0.15,0.0001,1000,20260828,1.7399851431507702,0.02423614113329675,1.7648998872966104,1.7726439399131448,6.474656638566056,6.536413415546979,-1.7400320722542029,6.47331659687413,0.01891543698456406,0.038165739716154626,0.013117970700516662,0.031759674454219476,1.441948409277897,1.2017043742425408,0.0,0.0,0.0,10.394999358056246,exact,4,False,3d_rail_surrogate,0.9886034330244939,0.0009705474790650619,5.291986525383143e-05,-157.04419830644142,1000,False,0.1,0.014496241614285168,0.16178862724753038,0.06845739741129697
0.25,0.15,0.0003,1000,20260829,1.7446158200527886,0.07780680157335795,1.8152054899824799,1.8368698132251655,6.461816713675766,6.661158212812406,-1.7443360821031648,6.466332261147758,0.05751947243342799,0.11500017295419035,0.039353912101549836,0.09527902336265806,1.4615947783031906,1.2069831206861579,0.0,0.0,0.0,10.394999358056243,exact,4,False,3d_rail_surrogate,0.9882501544212565,0.0029471065014777353,0.0001621263052774782,-157.2381001100635,1000,False,0.1,0.014496241614285168,0.16178862724753038,0.06845739741129697
0.25,0.15,0.001,1000,20260830,1.7223654963298758,0.24807433224430353,2.001831625594617,2.097071266884697,6.504165154995347,7.098500749846925,-1.7473574301654198,6.485966151216812,0.19508905907407362,0.3722173633124884,0.1311797070051663,0.31759674454219394,1.4871893185917116,1.1719810410809735,0.0,0.0,0.0,10.394999358056245,exact,4,False,3d_rail_surrogate,0.979927844334534,0.009918765051276375,0.0006897281731151625,-158.30524926036065,1000,False,0.1,0.014496241614285168,0.16178862724753038,0.06845739741129697
0.25,0.15,0.003,1000,20260831,1.7007837402611148,0.7582428438473645,5.289999999999989,5.289999999999999,6.93216208337071,13.562676973896838,-2.1061733350179974,7.648110344360373,1.2730986119892393,2.3633938156128584,0.3935391210154992,0.9527902336265828,3.2349988705166095,2.4804975242211804,0.124,0.01,0.0,10.39499935805624,exact,4,False,3d_rail_surrogate,-0.7625480723457662,0.06296832687416339,0.014608938386366064,162.34329215738322,1000,False,0.1,0.014496241614285168,0.16178862724753038,0.06845739741129697
0.3,0.12,0.0001,1000,20260832,1.787294517730258,0.021928814884434766,1.8070268940250553,1.8129126065319012,3.0226643937230513,3.0801213220670345,-1.7868994485821277,3.0238905744482727,0.015782189165875846,0.033542761516451435,0.013970176851154105,0.02968996139798406,1.1297057534795663,1.1297677712281895,0.0,0.0,0.0,8.833953538064184,exact,4,False,3d_rail_surrogate,0.9786894296009602,0.0008153737851217894,6.30057238147429e-05,-156.0920628490001,1000,False,0.1,0.014496241614285168,0.16178862724753038,0.06845739741129697
0.3,0.12,0.0003,1000,20260833,1.784664587364119,0.0644055542313966,1.846752846461841,1.8617095774271142,3.0258820178746677,3.18201224204642,-1.7869235268796362,3.0250914058486704,0.04673951196901873,0.09959185171840934,0.04191053055346222,0.089069884193952,1.1152211950501683,1.1181315954284334,0.0,0.0,0.0,8.833953538064188,exact,4,False,3d_rail_surrogate,0.9805633822097106,0.0024164061540850905,0.00017861877401601308,-156.0099474109832,1000,False,0.1,0.014496241614285168,0.16178862724753038,0.06845739741129697
0.3,0.12,0.001,1000,20260834,1.7885559408080636,0.19972257593519016,2.000552404452768,2.0781657394836324,3.0071241856386433,3.5263610918730475,-1.799327324016809,3.005110332618485,0.15615378390014384,0.3274357659423438,0.139701768511541,0.29689961397984055,1.1177652621286873,1.102850089810412,0.0,0.0,0.0,8.83395353806419,exact,4,False,3d_rail_surrogate,0.9782170950246568,0.008049385301339577,0.0006231536201278345,-156.38736726234615,1000,False,0.1,0.014496241614285168,0.16178862724753038,0.06845739741129697
0.3,0.12,0.003,1000,20260835,1.7936043705367506,0.6548769164118622,2.5588183126660042,2.8005192000717214,3.008274789538307,4.71730080985196,-1.8588207909239005,3.025063539594993,0.59314824924941,1.0182960176253542,0.41910530553462233,0.8906988419395202,1.4152725852343333,1.1432551269607445,0.003,0.008,0.11,8.833953538064193,exact,4,False,3d_rail_surrogate,0.7929978964835321,0.02922418972237507,0.005950540639362398,-163.21332161079945,1000,False,0.1,0.014496241614285168,0.16178862724753038,0.06845739741129697
0.3,0.135,0.0001,1000,20260836,1.7246702950395214,0.01848046218936794,1.7405171457971376,1.7454648896055542,4.666208435139062,4.723823403769707,-1.724249719816866,4.668004754179324,0.013185096444748677,0.03449011750407364,0.012438638769821783,0.029839754891807478,1.0600112028928699,1.155844531200989,0.0,0.0,0.0,8.197423220003582,exact,4,False,3d_rail_surrogate,0.981653730532065,0.0007098561169662408,5.772710270532793e-05,-151.27457322045385,1000,False,0.1,0.014496241614285168,0.16178862724753038,0.06845739741129697
0.3,0.135,0.0003,1000,20260837,1.7294547720561357,0.052388622035554944,1.775745463375575,1.7931280470631672,4.655249309358443,4.818896992003987,-1.7292747586730917,4.65471002914585,0.03856176474112838,0.10033112186684315,0.037315916309465326,0.08951926467542239,1.0333865158591062,1.1207768766937733,0.0,0.0,0.0,8.197423220003582,exact,4,False,3d_rail_surrogate,0.97858281745818,0.002072378147874711,0.0001816210521598989,-151.44670755312785,1000,False,0.1,0.014496241614285168,0.16178862724753038,0.06845739741129697
0.3,0.135,0.001,1000,20260838,1.7261011949505676,0.18224879183494913,1.9094708281922381,1.9553366566408807,4.664560343612574,5.211429269980708,-1.7303018030507806,4.658958469394205,0.13531020161928095,0.35056858660736395,0.12438638769821757,0.2983975489180742,1.0878216187736427,1.174837353317582,0.0,0.0,0.0,8.19742322000358,exact,4,False,3d_rail_surrogate,0.9809994804040428,0.0072679381494714715,0.0005984137614859424,-151.51755983481516,1000,False,0.1,0.014496241614285168,0.16178862724753038,0.06845739741129697
0.3,0.135,0.003,1000,20260839,1.729611053493945,0.5436491717407912,2.30523272445366,2.467521864503798,4.690147075374769,6.361671407201628,-1.7556842446245424,4.694720645636878,0.42761591352432204,1.0151005673525224,0.3731591630946537,0.8951926467542248,1.1459343781834324,1.133946498592295,0.001,0.001,0.001,8.197423220003586,exact,4,False,3d_rail_surrogate,0.8782539318343952,0.022178149916383172,0.0044230981513774135,-155.1392856207451,1000,False,0.1,0.014496241614285168,0.16178862724753038,0.06845739741129697
0.3,0.15,0.0001,1000,20260840,1.8547296493533576,0.015140149114639456,1.8699712527444678,1.8747725044266879,6.40513553179809,6.467629056737407,-1.8546848683128432,6.406249174293948,0.011901302931989828,0.03565052126846029,0.011216152618351008,0.030011600697126807,1.061086036981864,1.1878913633511503,0.0,0.0,0.0,7.731723167635485,exact,4,False,3d_rail_surrogate,0.9818434268145932,0.0006634392563672256,5.7331747260013054e-05,-147.8351767425518,1000,False,0.1,0.014496241614285168,0.16178862724753038,0.06845739741129697
0.3,0.15,0.0003,1000,20260841,1.852406202160601,0.04709995300273584,1.8995098268058304,1.9131228777416234,6.410467267766009,6.596677440644141,-1.853208327640827,6.411295723251406,0.03637591716361259,0.10953279263216846,0.03364845785505306,0.09003480209138057,1.0810574832376734,1.2165605975453633,0.0,0.0,0.0,7.7317231676354865,exact,4,False,3d_rail_surrogate,0.9835511556502745,0.00203149667210198,0.00016742323619897134,-147.67942197843865,1000,False,0.1,0.014496241614285168,0.16178862724753038,0.06845739741129697
0.3,0.15,0.001,1000,20260842,1.8531896275009472,0.16772678650063488,2.0084141048133177,2.0499071876509483,6.405847608531941,6.982361299274982,-1.856517438196833,6.408868738521438,0.11996167208200914,0.3549132158984674,0.11216152618351026,0.3001160069712686,1.0695438637821035,1.182586758634453,0.0,0.0,0.0,7.731723167635483,exact,4,False,3d_rail_surrogate,0.9806407975177049,0.0066623710028654495,0.0005913802229804959,-148.17359664150138,1000,False,0.1,0.014496241614285168,0.16178862724753038,0.06845739741129697
0.3,0.15,0.003,1000,20260843,1.8688660688116825,0.4645456692297061,2.344596922693789,2.5425957978856633,6.421456679746699,8.118887790857597,-1.9051470742379892,6.399569789711624,0.4368839062268746,1.0532528229457434,0.33648457855053043,0.9003480209138048,1.2983772038196604,1.1698285534928463,0.003,0.0,0.0,7.7317231676354785,exact,4,False,3d_rail_surrogate,0.6768999341740177,0.022007198967016323,0.0072734480659895516,-158.48398792454023,1000,False,0.1,0.014496241614285168,0.16178862724753038,0.06845739741129697
0.35,0.12,0.0001,1000,20260844,1.7863488563074665,0.01658840121946059,1.8017958014300945,1.8053980496377056,3.0767471159314805,3.1279156089842237,-1.7862580431757729,3.0767697334817687,0.012174058238950184,0.030714747963000458,0.012912736536024053,0.029310332802508086,0.9427945970234041,1.0479153604278486,0.0,0.0,0.0,6.882374863142965,exact,4,False,3d_rail_surrogate,0.9644908162444316,0.0006482004344348319,7.200334888201595e-05,-152.3861145651241,1000,False,0.1,0.014496241614285168,0.16178862724753038,0.06845739741129697
0.35,0.12,0.0003,1000,20260845,1.7876451870782635,0.050837052421962126,1.8374574724773423,1.8503532792226995,3.073732567157464,3.2280230093186217,-1.7876227381769614,3.0736455713439153,0.03816011384181183,0.09562250704506378,0.038738209608072144,0.08793099840752423,0.9850768589434279,1.0874720949021022,0.0,0.0,0.0,6.882374863142966,exact,4,False,3d_rail_surrogate,0.9681334651380048,0.0020301214862831415,0.000212729044836803,-152.49945516307596,1000,False,0.1,0.014496241614285168,0.16178862724753038,0.06845739741129697
0.35,0.12,0.001,1000,20260846,1.7789728052080962,0.16576258309498293,1.9507581592844125,1.9921893329065143,3.0838432534660036,3.592349083842171,-1.7863516302626958,3.0823768701389116,0.12430027563626873,0.3130953258425271,0.1291273653602406,0.293103328025081,0.9626176085099759,1.068208020537165,0.0,0.0,0.0,6.882374863142967,exact,4,False,3d_rail_surrogate,0.9637634769982406,0.0066151524798518865,0.0007416704947476506,-152.43550192898863,1000,False,0.1,0.014496241614285168,0.16178862724753038,0.06845739741129697
0.35,0.12,0.003,1000,20260847,1.7885465147879662,0.5217572146964584,2.2972618620359446,2.473996272456926,3.0664772437221943,4.626608804376474,-1.8019006748857764,3.0730101808955497,0.38286140880654734,0.9528635242389059,0.38738209608072194,0.8793099840752435,0.9883301594990785,1.0836491584262147,0.0,0.001,0.079,6.882374863142967,exact,4,False,3d_rail_surrogate,0.9661002829006454,0.02033180174248241,0.002189180826090052,-152.69110730703093,1000,False,0.1,0.014496241614285168,0.16178862724753038,0.06845739741129697
0.35,0.135,0.0001,1000,20260848,1.8442554581313226,0.014397239386866545,1.858505275142281,1.8624026504209452,4.659465979824207,4.714362171808334,-1.844425760713811,4.659002123978983,0.010823636792014278,0.03265415689756844,0.011492915027888096,0.029530593490480646,0.9417660154756403,1.1057738107462924,0.0,0.0,0.0,6.405822270123968,exact,4,False,3d_rail_surrogate,0.970992891426351,0.0006032351312253068,6.620703594835319e-05,-147.7715881883962,1000,False,0.1,0.014496241614285168,0.16178862724753038,0.06845739741129697
0.35,0.135,0.0003,1000,20260849,1.8467649993713398,0.042599052708754304,1.8864307789049062,1.9004061605925837,4.652654131085466,4.811837810089071,-1.8463367970127933,4.653212770676735,0.031988397249650996,0.09877328995680132,0.034478745083664226,0.08859178047144178,0.9277715059532968,1.1149261187796267,0.0,0.0,0.0,6.405822270123968,exact,4,False,3d_rail_surrogate,0.9703578349016978,0.0017945851581740338,0.0002010850478044286,-147.16068993730755,1000,False,0.1,0.014496241614285168,0.16178862724753038,0.06845739741129697
0.35,0.135,0.001,1000,20260850,1.8441581746948936,0.14249944281545202,1.974148223596107,2.0164976666017496,4.667167648054327,5.14913263541024,-1.848267271101744,4.650095283146546,0.10137931588502133,0.30950351405015714,0.11492915027888079,0.29530593490480606,0.8821027184053812,1.048077527293611,0.0,0.0,0.0,6.405822270123968,exact,4,False,3d_rail_surrogate,0.9685163216752202,0.005666507058129775,0.0006514724976010496,-147.4846607686895,1000,False,0.1,0.014496241614285168,0.16178862724753038,0.06845739741129697
0.35,0.135,0.003,1000,20260851,1.8440530895986336,0.38678637363653934,2.2400043839089983,2.371919464019795,4.667367274324148,6.213170681424972,-1.8560718177672635,4.668559355055822,0.3027258773788703,0.9149725142561957,0.3447874508366428,0.8859178047144192,0.8780072379209042,1.0327961684336422,0.0,0.0,0.001,6.405822270123969,exact,4,False,3d_rail_surrogate,0.9679253690845524,0.016869898321819735,0.001949461273531648,-147.7584100024601,1000,False,0.1,0.014496241614285168,0.16178862724753038,0.06845739741129697
0.35,0.15,0.0001,1000,20260852,2.0798040203371935,0.01219794831376797,2.0927060012078886,2.0962265542377434,6.280363773098471,6.333604146800914,-2.0799763482638376,6.280280528700856,0.009591152001896083,0.033300858973160194,0.010359169264597902,0.02978544223714526,0.9258611146236898,1.1180246614445386,0.0,0.0,0.0,6.064358119442351,exact,4,False,3d_rail_surrogate,0.9742239327538955,0.0005591405917757083,6.089702252144751e-05,-143.9115743701132,1000,False,0.1,0.014496241614285168,0.16178862724753038,0.06845739741129697
0.35,0.15,0.0003,1000,20260853,2.0783188601603166,0.035685604439957164,2.112670678762202,2.1231463986632217,6.288116156326369,6.4399523230915,-2.0785494833861855,6.285727289847031,0.026977388823794315,0.09418927920649738,0.0310775077937937,0.08935632671143577,0.8680679610088233,1.0540862933037631,0.0,0.0,0.0,6.06435811944235,exact,4,False,3d_rail_surrogate,0.9688494103830402,0.001573812770624532,0.00018896094061109079,-143.80159263396212,1000,False,0.1,0.014496241614285168,0.16178862724753038,0.06845739741129697
0.35,0.15,0.001,1000,20260854,2.0727996382279823,0.1252960377868817,2.196976791724358,2.2319714469661305,6.293919812321928,6.8507678312679925,-2.0752396414717342,6.3007732627725,0.09547876265852015,0.3368434838931882,0.10359169264597899,0.29785442237145254,0.9216835850420506,1.130899723466629,0.0,0.0,0.0,6.06435811944235,exact,4,False,3d_rail_surrogate,0.9725869956375718,0.005595315361219075,0.0006316712353079794,-143.47778048683878,1000,False,0.1,0.014496241614285168,0.16178862724753038,0.06845739741129697
0.35,0.15,0.003,1000,20260855,2.0924274804887526,0.38320201036598367,2.460603736555957,2.602168945778965,6.223227154743172,7.830404638040534,-2.1056154964832365,6.221856658190276,0.28438051826132366,0.9798240340878154,0.31077507793793707,0.8935632671143579,0.9150686089381835,1.0965357128567124,0.0,0.0,0.0,6.064358119442352,exact,4,False,3d_rail_surrogate,0.973121811959897,0.016530611938373845,0.0018345108216821578,-144.1355031236028,1000,False,0.1,0.014496241614285168,0.16178862724753038,0.06845739741129697
0.4,0.12,0.0001,1000,20260856,1.8512216981370957,0.01456208104072676,1.8649089409775057,1.8686559005948902,2.916582270351005,2.967266956477552,-1.8508939713813406,2.91790293310701,0.010993642115647819,0.029641207791513906,0.012255078701188905,0.030189490921752465,0.8970682591031659,0.9818386096122109,0.0,0.0,0.0,5.478439317256466,exact,4,False,3d_rail_surrogate,0.9476110219021334,0.0005923633743276974,8.304332017721379e-05,-150.97830869564572,1000,False,0.1,0.014496241614285168,0.16178862724753038,0.06845739741129697
0.4,0.12,0.0003,1000,20260857,1.8489546909172319,0.0475087427398555,1.8930396286633613,1.9094364206243446,2.9208228015002557,3.0672549548709958,-1.850084774715702,2.9197644429136593,0.03439351308136841,0.09264030028408911,0.036765236103566704,0.09056847276525738,0.9354900641595987,1.0228758137967242,0.0,0.0,0.0,5.478439317256468,exact,4,False,3d_rail_surrogate,0.9544430116913862,0.0018551263537992008,0.00024220122927693782,-150.911032457756,1000,False,0.1,0.014496241614285168,0.16178862724753038,0.06845739741129697
0.4,0.12,0.001,1000,20260858,1.852245284342585,0.1461017090294603,1.9987172755697664,2.0333152091550613,2.9040499053811173,3.4456417658812164,-1.8525358894194885,2.9188833876019,0.11270483517606575,0.30802275838044146,0.12255078701188901,0.30189490921752454,0.9196581917106083,1.0202979546054605,0.0,0.0,0.0,5.478439317256467,exact,4,False,3d_rail_surrogate,0.9512500250622101,0.006096603867855262,0.0008299756907858731,-150.5856381889731,1000,False,0.1,0.014496241614285168,0.16178862724753038,0.06845739741129697
0.4,0.12,0.003,1000,20260859,1.8495683450549643,0.4441870102539607,2.302971740612834,2.4461464365701437,2.9124116709710948,4.34134012811294,-1.8737517807606108,2.9025932239026555,0.3324453991027225,0.8993450994696167,0.36765236103566695,0.9056847276525736,0.9042384446171721,0.9930001820839042,0.0,0.0,0.11,5.47843931725647,exact,4,False,3d_rail_surrogate,0.9465778769292701,0.017923618078073168,0.0025421537789251,-150.9077134525385,1000,False,0.1,0.014496241614285168,0.16178862724753038,0.06845739741129697
0.4,0.135,0.0001,1000,20260860,1.998333663290284,0.012531987770150632,2.0107936015304855,2.0148444684457383,4.466927877373033,4.5173343178177054,-1.9985954735777487,4.466230891710675,0.009514169542759505,0.030916393034941248,0.0108910802020124,0.03051340831487753,0.8735744633485961,1.0132068078369088,0.0,0.0,0.0,5.115182236293534,exact,4,False,3d_rail_surrogate,0.952635132700119,0.000540019467543402,7.828405950700318e-05,-145.96076001810204,1000,False,0.1,0.014496241614285168,0.16178862724753038,0.06845739741129697
0.4,0.135,0.0003,1000,20260861,1.9987734629097853,0.03771690780240555,2.033906342408943,2.0432373268892925,4.466968130274661,4.619705607758821,-1.9987205119416254,4.466388403013711,0.028529509928136805,0.09273058405207528,0.03267324060603715,0.09154022494463246,0.8731766240189015,1.0130036725184235,0.0,0.0,0.0,5.115182236293531,exact,4,False,3d_rail_surrogate,0.9543144110369127,0.001620051399671776,0.00023060020067406192,-145.93623663299152,1000,False,0.1,0.014496241614285168,0.16178862724753038,0.06845739741129697
0.4,0.135,0.001,1000,20260862,1.9977715809198195,0.11997841083085481,2.1149821237110547,2.1464714735458656,4.455250767749508,4.919368730995411,-2.0000866596039,4.462159549034861,0.08864928484960183,0.2919856931631036,0.10891080202012393,0.30513408314877516,0.8139622811079998,0.9569094679624474,0.0,0.0,0.0,5.115182236293531,exact,4,False,3d_rail_surrogate,0.9444143913819009,0.00504396338376333,0.0007973056030376061,-145.66905555916483,1000,False,0.1,0.014496241614285168,0.16178862724753038,0.06845739741129697
0.4,0.135,0.003,1000,20260863,1.9884922537521326,0.385239354107062,2.3631279897970976,2.4652991698105904,4.501746837043367,5.941467100210789,-1.9967042879344077,4.513548528950718,0.2715463586137178,0.8860907641326987,0.3267324060603722,0.9154022494463263,0.8310971105925213,0.9679796665003212,0.0,0.0,0.0,5.115182236293533,exact,4,False,3d_rail_surrogate,0.9434030060567966,0.015401490672421178,0.002448622806781689,-145.94088437957603,1000,False,0.1,0.014496241614285168,0.16178862724753038,0.06845739741129697
0.4,0.15,0.0001,1000,20260864,2.313742862207447,0.011004954496511843,2.324540819304061,2.327914894338687,6.025690933433115,6.079441229178562,-2.313714218686525,6.025825224412398,0.008420176889016397,0.03210906801708333,0.00979957763816138,0.030891520304487847,0.8592387549670161,1.039413654640319,0.0,0.0,0.0,4.862883724746036,exact,4,False,3d_rail_surrogate,0.9598589850802877,0.0005063973849681082,7.076986777901283e-05,-141.34676691789366,1000,False,0.1,0.014496241614285168,0.16178862724753038,0.06845739741129697
0.4,0.15,0.0003,1000,20260865,2.313909429242976,0.034171968766623984,2.34271160849487,2.3531247284265393,6.02505103852771,6.1865016438626075,-2.313277897852386,6.027464506049626,0.024787627492915125,0.09430079851758004,0.02939873291448414,0.09267456091346354,0.843152919719978,1.0175478317683644,0.0,0.0,0.0,4.862883724746039,exact,4,False,3d_rail_surrogate,0.9600289193632281,0.0014894413672165985,0.00020759430765342093,-141.4143095113868,1000,False,0.1,0.014496241614285168,0.16178862724753038,0.06845739741129697
0.4,0.15,0.001,1000,20260866,2.3191608184318646,0.1059747707147971,2.427813408351584,2.4608070404969764,6.01286934872741,6.53925406121986,-2.3201901158393365,6.008924674667774,0.08355335453839567,0.31511066778521163,0.09799577638161386,0.30891520304487863,0.8526219968197741,1.0200555514240357,0.0,0.0,0.0,4.86288372474604,exact,4,False,3d_rail_surrogate,0.9624626151889765,0.005006625067519401,0.00067452642237119,-141.65060854881582,1000,False,0.1,0.014496241614285168,0.16178862724753038,0.06845739741129697
0.4,0.15,0.003,1000,20260867,2.3123220266619313,0.3523058627961362,2.6575490853376853,2.7395612851896742,6.029966508240744,7.594354827187693,-2.322039102131558,6.023711045093726,0.25292490757381436,0.9683306103963726,0.29398732914484144,0.9267456091346357,0.8603258797225357,1.044872078002687,0.0,0.0,0.0,4.862883724746037,exact,4,False,3d_rail_surrogate,0.9604474336046673,0.015236981884005123,0.0021152688856393097,-141.2275441316878,1000,False,0.1,0.014496241614285168,0.16178862724753038,0.06845739741129697
0.44999999999999996,0.12,0.0001,1000,20260868,1.8679890125775773,0.014335074021818661,1.8823706628786363,1.8860837061486377,2.698882575386799,2.7494344585240627,-1.8678918756641174,2.6996431435268944,0.010802332595320053,0.030305454680084835,0.011488237437928827,0.03194863669253517,0.940295032522201,0.9485680084485649,0.0,0.0,0.0,4.307249673257177,exact,4,False,3d_rail_surrogate,0.9323914007943918,0.0005859625393331413,9.543360952760582e-05,-150.163895751127,1000,False,0.1,0.014496241614285168,0.16178862724753038,0.06845739741129697
0.44999999999999996,0.12,0.0003,1000,20260869,1.8678256971155558,0.043003912301732505,1.9094311483227555,1.9211343083854417,2.702096807140694,2.8527346483170684,-1.8670423084260461,2.701703571280527,0.03229811330256647,0.09212376129334472,0.03446471231378647,0.09584591007760547,0.9371357291047712,0.9611652830960972,0.0,0.0,0.0,4.3072496732571794,exact,4,False,3d_rail_surrogate,0.9333428330721345,0.0017596031945655826,0.0002868773575801291,-149.71753998422523,1000,False,0.1,0.014496241614285168,0.16178862724753038,0.06845739741129697
0.44999999999999996,0.12,0.001,1000,20260870,1.8676472662128432,0.137199696543151,2.00392092915272,2.0472651163873734,2.700630396257922,3.1771524963922375,-1.8678833320291512,2.703483230395723,0.10262728467004155,0.2977605338941461,0.11488237437928822,0.31948636692535154,0.8933248918690863,0.9319976209304676,0.0,0.0,0.0,4.307249673257181,exact,4,False,3d_rail_surrogate,0.9168545809970682,0.005597160877418862,0.0010300546484336408,-149.4817434480623,1000,False,0.1,0.014496241614285168,0.16178862724753038,0.06845739741129697
0.44999999999999996,0.12,0.003,1000,20260871,1.8506845014089868,0.4391524010891745,2.2846671291292022,2.4354837613914126,2.720205490785277,4.234008764906158,-1.8784568931840318,2.7175762080693726,0.3196054278345557,0.9143140130190069,0.34464712313786466,0.9584591007760548,0.927341058079014,0.9539416051020811,0.0,0.0,0.181,4.307249673257179,exact,4,False,3d_rail_surrogate,0.929525947409911,0.017412085647022877,0.0029247112714284452,-149.68964854660246,1000,False,0.1,0.014496241614285168,0.16178862724753038,0.06845739741129697
0.44999999999999996,0.135,0.0001,1000,20260872,2.1171370041810245,0.011829686414789542,2.12837622089189,2.1311658749318996,4.134124868630989,4.1789929247015225,-2.117323696763375,4.1326189043199415,0.008566972482033941,0.029242371034969853,0.010170562475671939,0.032411475760854645,0.8423302548434468,0.902222757480475,0.0,0.0,0.0,4.041967143818942,exact,4,False,3d_rail_surrogate,0.9308231186990729,0.0004916114964979723,8.801445333111592e-05,-144.79105498623267,1000,False,0.1,0.014496241614285168,0.16178862724753038,0.06845739741129697
0.44999999999999996,0.135,0.0003,1000,20260873,2.1148989815131003,0.032615220330181494,2.147548232426886,2.1577371623615402,4.139417278027487,4.278178602273413,-2.115603066088654,4.139431211326845,0.02556711441199178,0.08811302614621828,0.030511687427015818,0.0972344272825639,0.8379449505422637,0.9061916505165526,0.0,0.0,0.0,4.041967143818942,exact,4,False,3d_rail_surrogate,0.9276954142189472,0.0014708129400685154,0.0002702407606620953,-144.5437491331939,1000,False,0.1,0.014496241614285168,0.16178862724753038,0.06845739741129697
0.44999999999999996,0.135,0.001,1000,20260874,2.112330736531488,0.11524817361933426,2.2242629551502118,2.2567208676626374,4.148856261559557,4.61958244910026,-2.115716038422637,4.13826022691189,0.08487289870444485,0.29731146837636774,0.10170562475671942,0.3241147576085464,0.8344956231030627,0.9173030890973787,0.0,0.0,0.0,4.04196714381894,exact,4,False,3d_rail_surrogate,0.9292407222635977,0.004911498169762154,0.000897089870487699,-144.05568214675176,1000,False,0.1,0.014496241614285168,0.16178862724753038,0.06845739741129697
0.44999999999999996,0.135,0.003,1000,20260875,2.129015627503771,0.34042591300665115,2.467800027656111,2.552359823501744,4.116576001239897,5.666140460313638,-2.130165863175505,4.133555458933694,0.25500077913629676,0.8933025888980588,0.30511687427015827,0.9723442728256393,0.8357478744702679,0.9187101871872142,0.0,0.0,0.006,4.041967143818939,exact,4,False,3d_rail_surrogate,0.9294340199461045,0.014757444633701206,0.0026916955022238745,-144.05295283907896,1000,False,0.1,0.014496241614285168,0.16178862724753038,0.06845739741129697
0.44999999999999996,0.15,0.0001,1000,20260876,2.5154030844628865,0.010624963132891185,2.525537445549988,2.527922106969176,5.5503305826712435,5.600397262018227,-2.5154883801758277,5.550077411128577,0.007577204719222982,0.0298594319121366,0.009110064775272774,0.03295670667094261,0.8317399388629599,0.9060198948356444,0.0,0.0,0.0,3.86922494598196,exact,4,False,3d_rail_surrogate,0.9452910075399746,0.0004600419826227122,7.58226711488952e-05,-140.46952634734333,1000,False,0.1,0.014496241614285168,0.16178862724753038,0.06845739741129697
0.44999999999999996,0.15,0.0003,1000,20260877,2.515445729210556,0.032924287792737594,2.5472186759186624,2.554333128758419,5.5481384587208655,5.708990554884657,-2.5158343633900584,5.548184930468463,0.024293947495512176,0.09514980948332248,0.02733019432581832,0.09887012001282781,0.8889050405529733,0.962371740531693,0.0,0.0,0.0,3.8692249459819594,exact,4,False,3d_rail_surrogate,0.9456504308392363,0.0014714672518709514,0.00024141831101052443,-140.64939009605283,1000,False,0.1,0.014496241614285168,0.16178862724753038,0.06845739741129697
0.44999999999999996,0.15,0.001,1000,20260878,2.5150925997787907,0.10570659289311735,2.6116418278978997,2.639150601156994,5.552035573364536,6.06314734765049,-2.5146245294268956,5.554507544494563,0.075972820119727,0.30455917440175073,0.09110064775272772,0.32956706670942604,0.8339437972596877,0.9241189583735793,0.0,0.0,0.0,3.8692249459819603,exact,4,False,3d_rail_surrogate,0.9367639093390597,0.004635189025633128,0.0008255961705289822,-140.00400094361962,1000,False,0.1,0.014496241614285168,0.16178862724753038,0.06845739741129697
0.44999999999999996,0.15,0.003,1000,20260879,2.5243192359752955,0.317288832883341,2.822445457898816,2.907134937705438,5.539891006873178,7.070900729556782,-2.526630478158801,5.535496365524528,0.23055587994127097,0.9177057967936593,0.2733019432581834,0.9887012001282789,0.8435940015379582,0.928193266757026,0.0,0.0,0.0,3.8692249459819608,exact,4,False,3d_rail_surrogate,0.9413678073829663,0.014041560700949498,0.0024025399175613953,-140.19249720524994,1000,False,0.1,0.014496241614285168,0.16178862724753038,0.06845739741129697
0.5,0.12,0.0001,1000,20260880,1.7904618498396156,0.013293090840948096,1.8033429186219971,1.8065837130043225,2.342351776450724,2.3932171646670795,-1.7903395095460415,2.342407238461963,0.010065359320408107,0.031173107364620263,0.010323576115328137,0.034208580242351384,0.9749876600864464,0.9112657451368559,0.0,0.0,0.0,3.2535614414044716,exact,4,False,3d_rail_surrogate,0.8933838134633764,0.0005559549285573536,0.00011983537324168969,-147.98862165410168,1000,False,0.1,0.014496241614285168,0.16178862724753038,0.06845739741129697
0.5,0.12,0.0003,1000,20260881,1.7894329814546461,0.03760296355548998,1.8275179098044405,1.839611567181657,2.34248790723902,2.4988687443151987,-1.7901860543401216,2.3454878699272603,0.02856095614905441,0.08949556688744668,0.030970728345984397,0.1026257407270541,0.9221919429853372,0.8720576948182157,0.0,0.0,0.0,3.2535614414044693,exact,4,False,3d_rail_surrogate,0.8775505810195501,0.0015773272031754065,0.0003672070378213865,-147.85620062613424,1000,False,0.1,0.014496241614285168,0.16178862724753038,0.06845739741129697
0.5,0.12,0.001,1000,20260882,1.7850903650252683,0.12387108319030937,1.9117000385640566,1.9488178039511874,2.370096798470624,2.856345939661085,-1.7843649615336235,2.360959407467357,0.09806053553789487,0.3097446354105347,0.10323576115328131,0.34208580242351366,0.9498698362120618,0.9054589030475474,0.0,0.0,0.0,3.2535614414044702,exact,4,False,3d_rail_surrogate,0.8886851697673902,0.005441253866052123,0.001209594215452397,-147.4862910409845,1000,False,0.1,0.014496241614285168,0.16178862724753038,0.06845739741129697
0.5,0.12,0.003,1000,20260883,1.7923469069115225,0.4151482932365729,2.1963171280552904,2.3133012457688467,2.3452415339802357,3.853223246878444,-1.7991076436953448,2.3479807734160487,0.3015410519333888,0.926266546401025,0.30970728345984405,1.0262574072705413,0.9736324201509647,0.9025674648863637,0.0,0.0,0.37,3.2535614414044716,exact,4,False,3d_rail_surrogate,0.8917315604777045,0.016611502600682337,0.00359615610848078,-148.24100266302352,1000,False,0.1,0.014496241614285168,0.16178862724753038,0.06845739741129697
0.5,0.135,0.0001,1000,20260884,2.152696958183853,0.011402156532345664,2.1636009724134553,2.1673155206375734,3.615585557735322,3.666548862814766,-2.1526456061164634,3.6158363172616523,0.008635425471571461,0.031334887914897275,0.009066957797501095,0.03483584822832883,0.9524060511179874,0.8995012180991033,0.0,0.0,0.0,3.0832950437109443,exact,4,False,3d_rail_surrogate,0.9025046484715731,0.0005027251951241799,0.00010955201985185078,-143.2485026149209,1000,False,0.1,0.014496241614285168,0.16178862724753038,0.06845739741129697
0.5,0.135,0.0003,1000,20260885,2.151566849417215,0.03330367107492416,2.1848935306796804,2.195678912984018,3.6140997350279775,3.7748823058177687,-2.1522775647965258,3.616034639754943,0.025280637172731428,0.09434902798348992,0.027200873392503287,0.10450754468498645,0.9294053469510619,0.9027963317661226,0.0,0.0,0.0,3.083295043710947,exact,4,False,3d_rail_surrogate,0.909686944687121,0.0014895648003717182,0.00031427275922864235,-142.33947935208465,1000,False,0.1,0.014496241614285168,0.16178862724753038,0.06845739741129697
0.5,0.135,0.001,1000,20260886,2.1510932312542614,0.11155444209945431,2.264880491288438,2.2993807912605586,3.6165635046086497,4.151438352374707,-2.152635910441807,3.621326484745303,0.08751098941735223,0.317594271538018,0.09066957797501096,0.34835848228328825,0.9651637447950924,0.9116880675801873,0.0,0.0,0.0,3.0832950437109465,exact,4,False,3d_rail_surrogate,0.9116798330812368,0.005106201509768423,0.001056961483089919,-143.16540972959496,1000,False,0.1,0.014496241614285168,0.16178862724753038,0.06845739741129697
0.5,0.135,0.003,1000,20260887,2.144896594493244,0.3534280322055081,2.4927661307820035,2.6076453874522922,3.650149465663248,5.285153974029187,-2.158174458803879,3.63621734348526,0.2599197874453229,0.9471987089112344,0.2720087339250328,1.0450754468498646,0.9555567708975048,0.9063448115314002,0.0,0.0,0.044,3.0832950437109465,exact,4,False,3d_rail_surrogate,0.9057353411637796,0.015166809134538686,0.003251444159023039,-143.09177119546445,1000,False,0.1,0.014496241614285168,0.16178862724753038,0.06845739741129697
0.5,0.15,0.0001,1000,20260888,2.6336653449410456,0.009842720057929188,2.6439943747039742,2.6463055424033173,4.839685914140075,4.892554806043833,-2.633752360317961,4.839527224610143,0.007553102225190635,0.03215320066252827,0.00804415849445327,0.03558125236000623,0.9389549236752067,0.9036556762310273,0.0,0.0,0.0,2.9921549258777196,exact,4,False,3d_rail_surrogate,0.9191345200220998,0.00047071359628745186,9.605311646772297e-05,-138.24914209857664,1000,False,0.1,0.014496241614285168,0.16178862724753038,0.06845739741129697
0.5,0.15,0.0003,1000,20260889,2.6333858460617363,0.03148899757000567,2.662215915296136,2.6717492138279226,4.843964898085849,5.0051077161655835,-2.6329335677705727,4.845054811481805,0.023180038490133916,0.09711561750341013,0.024132475483359797,0.10674375708001865,0.9605329758282518,0.9098013800526907,0.0,0.0,0.0,2.992154925877719,exact,4,False,3d_rail_surrogate,0.9185767032262296,0.0014343093968836218,0.00029316265508188405,-138.7440341724687,1000,False,0.1,0.014496241614285168,0.16178862724753038,0.06845739741129697
0.5,0.15,0.001,1000,20260890,2.6392604803605044,0.10059477347543977,2.7336628932310907,2.762256913314879,4.8259529790137785,5.343072214240182,-2.6393333968778214,4.821906831217355,0.07542436945852303,0.31515373278790176,0.0804415849445327,0.3558125236000624,0.9376290821535999,0.8857297365455815,0.0,0.0,0.0,2.9921549258777214,exact,4,False,3d_rail_surrogate,0.9212048781505052,0.004664737367044495,0.0009369745377384132,-138.8160036388163,1000,False,0.1,0.014496241614285168,0.16178862724753038,0.06845739741129697
0.5,0.15,0.003,1000,20260891,2.6296219277498603,0.3264755281842846,2.9607580905847004,3.0533170555603037,4.837797676941655,6.414938668963817,-2.6391373887659255,4.836607317320016,0.24187898244965508,0.9854648418658873,0.24132475483359808,1.0674375708001869,1.0022966049066917,0.9232060673367062,0.0,0.0,0.004,2.992154925877719,exact,4,False,3d_rail_surrogate,0.9200448223703465,0.014794615243450963,0.002983313606774197,-139.59732993288316,1000,False,0.1,0.014496241614285168,0.16178862724753038,0.06845739741129697
0.55,0.12,0.0001,1000,20260892,1.6067123606757372,0.013285771456158058,1.6181589929714313,1.6218763533412792,1.9603706526518687,2.0174317439354854,-1.606615284549746,1.960235353520308,0.00950847546913305,0.03388664151686436,0.008703990016409846,0.03654726333719785,1.0924272030650872,0.9272005185234894,0.0,0.0,0.0,2.3204891707631643,exact,4,False,3d_rail_surrogate,0.8342981871085816,0.000540994929862888,0.00015517764575146624,-144.46037110698998,1000,False,0.1,0.014496241614285168,0.16178862724753038,0.06845739741129697
0.55,0.12,0.0003,1000,20260893,1.605174762711822,0.03884896741974697,1.6423169319620914,1.6532726441212147,1.9682450452625249,2.127915036248451,-1.6056293426963488,1.9660123802817155,0.029193815703931845,0.10172513638661879,0.026111970049229532,0.10964179001159355,1.1180242489897176,0.9277952902434587,0.0,0.0,0.0,2.3204891707631634,exact,4,False,3d_rail_surrogate,0.8441955144498802,0.001652590160347397,0.0004552309447060106,-145.0663665685951,1000,False,0.1,0.014496241614285168,0.16178862724753038,0.06845739741129697
0.55,0.12,0.001,1000,20260894,1.6129905029488452,0.12202159255190659,1.7341772055149143,1.7682759061374609,1.9779069288736446,2.550284202335415,-1.6104582128650788,1.9636078620423774,0.09738804458140161,0.3532651341995685,0.08703990016409846,0.36547263337197844,1.1188896632210463,0.9665980485056316,0.0,0.0,0.0,2.3204891707631634,exact,4,False,3d_rail_surrogate,0.8531269154068344,0.005600765367750858,0.0015144923003699992,-143.7087067304689,1000,False,0.1,0.014496241614285168,0.16178862724753038,0.06845739741129697
0.55,0.12,0.003,1000,20260895,1.591396532791757,0.34393200123220735,1.9698069097490511,2.1063556326615998,2.007014988103163,3.6750176217925166,-1.60542075873034,2.0167016997220375,0.27502971854746583,1.017066300973081,0.26111970049229544,1.0964179001159358,1.0532706572079604,0.9276265015971883,0.0,0.0,0.554,2.3204891707631634,exact,4,False,3d_rail_surrogate,0.8265265472233146,0.015819436871578593,0.004703831020253278,-143.3422251687569,1000,False,0.1,0.014496241614285168,0.16178862724753038,0.06845739741129697
0.55,0.135,0.0001,1000,20260896,2.055020825100105,0.010596280675065017,2.065207037662583,2.067929333068716,2.973972484588569,3.025890644966383,-2.055084424504188,2.9743137722630553,0.00779819358536418,0.03222102377925169,0.007541778845794396,0.03733596953034447,1.0339992387489287,0.8630021982706073,0.0,0.0,0.0,2.251743375001651,exact,4,False,3d_rail_surrogate,0.8526457516529232,0.0004715112801345422,0.0001315840109103788,-139.4898084975111,1000,False,0.1,0.014496241614285168,0.16178862724753038,0.06845739741129697
0.55,0.135,0.0003,1000,20260897,2.054770862756519,0.03480756299293608,2.087061331483273,2.0954870205144327,2.9759237224358044,3.145418136720521,-2.05478740974376,2.9759743052562535,0.024460715101786126,0.10210738088796989,0.022625336537383186,0.11200790859103339,1.081120497870624,0.9116086727481663,0.0,0.0,0.0,2.251743375001651,exact,4,False,3d_rail_surrogate,0.8625376741969917,0.0014893233164768357,0.00040101997962412744,-139.10410443620844,1000,False,0.1,0.014496241614285168,0.16178862724753038,0.06845739741129697
0.55,0.135,0.001,1000,20260898,2.0588279127961906,0.11297725738599729,2.1664550424319144,2.199969882535397,2.9615302381018545,3.540035242916679,-2.0594054243412403,2.9577378152151494,0.08547425231188845,0.3540132495827489,0.07541778845794397,0.37335969530344476,1.1333433936418378,0.9481828221844563,0.0,0.0,0.0,2.2517433750016504,exact,4,False,3d_rail_surrogate,0.8751179392166679,0.005203967073339731,0.0013297467772022764,-139.29911689564153,1000,False,0.1,0.014496241614285168,0.16178862724753038,0.06845739741129697
0.55,0.135,0.003,1000,20260899,2.0571698907616693,0.3524415865264863,2.3944642952355792,2.4807003071048066,2.990569818078771,4.808832009416794,-2.065830142766224,3.0282498593250042,0.25016777756041486,1.0494005170084109,0.22625336537383195,1.1200790859103342,1.1056974871824328,0.9368985906522127,0.0,0.0,0.205,2.25174337500165,exact,4,False,3d_rail_surrogate,0.870259932940441,0.015294891953540606,0.003995752791064905,-138.90926815223975,1000,False,0.1,0.014496241614285168,0.16178862724753038,0.06845739741129697
0.55,0.15,0.0001,1000,20260900,2.5898794498438615,0.010229664438980102,2.6003119534123025,2.602620181569489,3.9132592248828075,3.964743854972484,-2.590242444421907,3.911497460085756,0.007538763377546681,0.034021509956082864,0.006582799552377532,0.038279881955423464,1.1452214696137724,0.8887569192533188,0.0,0.0,0.0,2.257506814949177,exact,4,False,3d_rail_surrogate,0.8942221015334604,0.00047944923707854414,0.00011316400745384534,-136.47683379666026,1000,False,0.1,0.014496241614285168,0.16178862724753038,0.06845739741129697
0.55,0.15,0.0003,1000,20260901,2.5897192546493644,0.029095494628043284,2.6174696135629603,2.6261023340113665,3.914910852563866,4.082734769302265,-2.5898467203693625,3.91453214033863,0.021593248898652793,0.09911072588577877,0.019748398657132592,0.11483964586627037,1.0934177131801972,0.8630358021235299,0.0,0.0,0.0,2.2575068149491764,exact,4,False,3d_rail_surrogate,0.8799554982996552,0.0013792419660903046,0.00034835932667185386,-135.95044374001807,1000,False,0.1,0.014496241614285168,0.16178862724753038,0.06845739741129697
0.55,0.15,0.001,1000,20260902,2.5880424058465508,0.09908122059628521,2.683782104375403,2.708665746399232,3.931273461478109,4.453266348864617,-2.5892262202907763,3.9177008750048854,0.07171198187390848,0.3238295658636646,0.06582799552377534,0.38279881955423467,1.089384255183769,0.8459523627600546,0.0,0.0,0.0,2.257506814949177,exact,4,False,3d_rail_surrogate,0.873328225141308,0.004536912913811217,0.0011783626880240523,-136.49164437729692,1000,False,0.1,0.014496241614285168,0.16178862724753038,0.06845739741129697
0.55,0.15,0.003,1000,20260903,2.5928680614384767,0.28986700073939,2.86260912180455,2.9410734732201473,3.9392432167672533,5.698798918563752,-2.5928417329590703,3.9488713834845357,0.21823409470768593,1.0271231059618633,0.19748398657132593,1.1483964586627038,1.1050723580003567,0.8943976605064926,0.0,0.0,0.042,2.2575068149491773,exact,4,False,3d_rail_surrogate,0.8808973916374655,0.014115600273096038,0.003552002592691335,-135.13362347121418,1000,False,0.1,0.014496241614285168,0.16178862724753038,0.06845739741129697
0.6,0.12,0.0001,1000,20260904,1.2692937273043527,0.010081336372165461,1.2792581850289848,1.2822489985810355,1.7281330497653957,1.789191784159572,-1.2695492919073321,1.727317731702097,0.0075584643066353395,0.036635312035317114,0.007003754463134068,0.03846416236862176,1.0792017833322283,0.9524531350565277,0.0,0.0,0.0,1.590073834211007,exact,4,False,3d_rail_surrogate,0.6890655171097205,0.0004702544037579637,0.0002016706132353782,46.050945803359426,1000,False,0.1,0.014496241614285168,0.16178862724753038,0.06845739741129697
0.6,0.12,0.0003,1000,20260905,1.2706606119532633,0.03216669024103247,1.3002950021095923,1.3089343239380309,1.7254029285396753,1.917502394604496,-1.2705040312424833,1.7262338952488023,0.023133265315374074,0.11182172166910187,0.0210112633894022,0.11539248710586529,1.100993542684453,0.969055477299077,0.0,0.0,0.0,1.5900738342110066,exact,4,False,3d_rail_surrogate,0.7369016427268473,0.0014574256957135695,0.0005670321832166918,45.87749161725929,1000,False,0.1,0.014496241614285168,0.16178862724753038,0.06845739741129697
0.6,0.12,0.001,1000,20260906,1.2757134517998654,0.10584434092199335,1.3682682360704468,1.402673993676909,1.7127070516751761,2.3195277634006706,-1.274502833971102,1.7123359518078656,0.0760847709506806,0.3773982216222917,0.07003754463134068,0.3846416236862177,1.0863426373835767,0.9811684393526922,0.0,0.0,0.004,1.5900738342110075,exact,4,False,3d_rail_surrogate,0.7092186863493025,0.004820010457717067,0.00198479659496921,46.9525904874527,1000,False,0.1,0.014496241614285168,0.16178862724753038,0.06845739741129697
0.6,0.12,0.003,1000,20260907,1.2862031574147723,0.31328960911114345,1.5810420440871231,1.6933748191281686,1.706919699956111,3.649106764026555,-1.2918270250352943,1.744542125548554,0.233465396885561,1.1353156653859,0.21011263389402204,1.1539248710586532,1.1111440209888463,0.9838731219514487,0.0,0.0,0.673,1.5900738342110066,exact,4,False,3d_rail_surrogate,0.6939659857134135,0.014571081475365875,0.006189689924793345,46.17909216986328,1000,False,0.1,0.014496241614285168,0.16178862724753038,0.06845739741129697
0.6,0.135,0.0001,1000,20260908,1.774381422081794,0.009679704170228343,1.7834119483664306,1.785853102798852,2.424205196368881,2.482856007687462,-1.7745610229782587,2.4242246483363914,0.006981679127925952,0.037144484492589044,0.00600838669085053,0.03936573674065042,1.1619889809285302,0.943573969853646,0.0,0.0,0.0,1.6596891179977573,exact,4,False,3d_rail_surrogate,0.763615587290711,0.0004670433215461456,0.00016943096053818337,49.41947592329016,1000,False,0.1,0.014496241614285168,0.16178862724753038,0.06845739741129697
0.6,0.135,0.0003,1000,20260909,1.77470108746363,0.02790697885971527,1.8013018602884636,1.809332873587157,2.4180234562983363,2.6044252932406047,-1.7751161955442512,2.418876834018312,0.020705670026377736,0.1114976393429546,0.01802516007255159,0.11809721022195126,1.1487093564238566,0.9441174701197983,0.0,0.0,0.0,1.6596891179977578,exact,4,False,3d_rail_surrogate,0.7659479375507614,0.0013957579399191148,0.0005025443270799148,49.84939798722695,1000,False,0.1,0.014496241614285168,0.16178862724753038,0.06845739741129697
0.6,0.135,0.001,1000,20260910,1.7747013299544487,0.09900108921119277,1.8736887579113095,1.9017608012682332,2.4199868582847897,3.0384584257226694,-1.7772993143516533,2.415571490396471,0.07362510496094817,0.3773605393040193,0.06008386690850531,0.3936573674065043,1.2253722796014979,0.9586014909111142,0.0,0.0,0.0,1.6596891179977575,exact,4,False,3d_rail_surrogate,0.7810726117645499,0.004846048889513757,0.0016918810143948314,47.96925197010933,1000,False,0.1,0.014496241614285168,0.16178862724753038,0.06845739741129697
0.6,0.135,0.003,1000,20260911,1.7580552720653266,0.29324327929548444,2.0535170854343137,2.129755879479713,2.4370528701317227,4.32641234987903,-1.7739807568460702,2.4763453420467125,0.2088748966407851,1.097383543619259,0.1802516007255159,1.1809721022195125,1.1587963479939145,0.9292205476800361,0.0,0.0,0.449,1.6596891179977575,exact,4,False,3d_rail_surrogate,0.7380780776255912,0.013773417636116078,0.005306496440548151,49.089743618794905,1000,False,0.1,0.014496241614285168,0.16178862724753038,0.06845739741129697
0.6,0.15,0.0001,1000,20260912,2.330954693895314,0.008249287478454548,2.3383652025092716,2.3406376264310214,2.973395934729563,3.034223002483698,-2.3306622175427867,2.97442001305871,0.006253156375530486,0.034943883389670735,0.005200734842941723,0.040449053490869746,1.2023601595488138,0.8638986669381115,0.0,0.0,0.0,1.807743811112814,exact,4,False,3d_rail_surrogate,0.7790744280293106,0.0004324676010847716,0.00014969981681139838,51.09801130798779,1000,False,0.1,0.014496241614285168,0.16178862724753038,0.06845739741129697
0.6,0.15,0.0003,1000,20260913,2.33075987908797,0.02661016495180757,2.352930255732635,2.361191532257879,2.9747092332146825,3.171856552611278,-2.3296242359513633,2.9777725672832878,0.019120570612886297,0.10627875491996767,0.01560220452882517,0.12134716047260921,1.22550442006839,0.8758239954362771,0.0,0.0,0.0,1.8077438111128137,exact,4,False,3d_rail_surrogate,0.7861038501984768,0.0013206098179344824,0.000449481641820272,50.85564376770001,1000,False,0.1,0.014496241614285168,0.16178862724753038,0.06845739741129697
0.6,0.15,0.001,1000,20260914,2.327856661159192,0.09048074739735945,2.4117721473390725,2.4418808679317014,3.005302894773208,3.6265070619136206,-2.330285519470849,2.9910305712063607,0.06575066149003124,0.37006055233564283,0.05200734842941723,0.4044905349086974,1.2642571381862697,0.9148806224085659,0.0,0.0,0.0,1.8077438111128135,exact,4,False,3d_rail_surrogate,0.817428505474447,0.004613998789633376,0.001435571846346384,51.0630143534869,1000,False,0.1,0.014496241614285168,0.16178862724753038,0.06845739741129697
0.6,0.15,0.003,1000,20260915,2.317053799878221,0.2740790503973587,2.602599615221248,2.6813022280148355,2.9932402415836306,5.02785093134566,-2.332487768290902,3.001766705668267,0.2029540197679604,1.1478620127480996,0.15602204528825167,1.2134716047260925,1.3008034819246321,0.9459323220069888,0.0,0.0,0.293,1.807743811112814,exact,4,False,3d_rail_surrogate,0.8069963235758272,0.014245044965093127,0.004564248470108851,51.30681909130729,1000,False,0.1,0.014496241614285168,0.16178862724753038,0.06845739741129697
0.6499999999999999,0.12,0.0001,1000,20260916,0.8653723635189949,0.00826977323113487,0.8736308434077793,0.875314415080074,1.7245294472122752,1.7916843978800336,-0.8655422873782888,1.7240305391937891,0.006090970894598233,0.04085180798648752,0.00625934393111812,0.03948927711459285,0.9731005296445165,1.0345038190479097,0.0,0.0,0.0,1.3571987337040712,exact,4,False,3d_rail_surrogate,0.26661666415310864,0.00042106506849135813,0.0002691665242358791,71.63415279676778,1000,False,0.1,0.014496241614285168,0.16178862724753038,0.06845739741129697
0.6499999999999999,0.12,0.0003,1000,20260917,0.864055734638753,0.0218204503827808,0.8853005154644958,0.8912428627184212,1.735784624811869,1.9271795192341419,-0.8640508047114663,1.7314413277446057,0.016590083393593653,0.11874893224547917,0.01877803179335436,0.11846783134377854,0.8834836140529363,1.0023728036422386,0.0,0.0,0.0,1.3571987337040714,exact,4,False,3d_rail_surrogate,0.25502194918858456,0.0012147481387858744,0.0007410948171375143,74.58153282550664,1000,False,0.1,0.014496241614285168,0.16178862724753038,0.06845739741129697
0.6499999999999999,0.12,0.001,1000,20260918,0.8679539253329611,0.07482206999932572,0.9344793363666212,0.9575759704841591,1.7221361865090796,2.3806869286032812,-0.8669383732416422,1.735084878540226,0.056115581918433556,0.38908454461229147,0.06259343931118119,0.3948927711459285,0.89650900375448,0.9852916362161244,0.0,0.0,0.007,1.3571987337040712,exact,4,False,3d_rail_surrogate,0.21999032048461925,0.003966240456739478,0.0025378207023802465,75.37379753670727,1000,False,0.1,0.014496241614285168,0.16178862724753038,0.06845739741129697
0.6499999999999999,0.12,0.003,1000,20260919,0.8687752146245775,0.2383683761664913,1.104809990347038,1.1670822665607927,1.7619120455800092,3.6799230339030107,-0.8760484751337828,1.7248084614460386,0.17374355566669406,1.2039015713847971,0.18778031793354363,1.1846783134377858,0.9252490227872694,1.0162265635565049,0.0,0.0,0.686,1.3571987337040712,exact,4,False,3d_rail_surrogate,0.32983538240971405,0.01252309731677393,0.007451813154444852,69.9644769458063,1000,False,0.1,0.014496241614285168,0.16178862724753038,0.06845739741129697
0.6499999999999999,0.135,0.0001,1000,20260920,1.2884560672675758,0.007028426695325551,1.295270708199166,1.2972371662940436,2.174062741235354,2.2439191537919454,-1.2884961570482332,2.173744829761996,0.005196487444548069,0.04203891526253982,0.00555644732937286,0.04041298835517319,0.9352176195530647,1.0402327809336203,0.0,0.0,0.0,1.611048425567669,exact,4,False,3d_rail_surrogate,0.40182225493304413,0.0004358862283070149,0.00021688732545498566,72.2617025841749,1000,False,0.1,0.014496241614285168,0.16178862724753038,0.06845739741129697
0.6499999999999999,0.135,0.0003,1000,20260921,1.2879139747006887,0.021081578862329975,1.307153013946008,1.312131069889245,2.178034372581064,2.3733929566933494,-1.2876833811104043,2.1803940450009205,0.015661454452584395,0.11851547385393307,0.016669341988118577,0.1212389650655196,0.9395364534333404,0.9775361723838975,0.0,0.0,0.0,1.6110484255676691,exact,4,False,3d_rail_surrogate,0.34647443981746107,0.0012253371826622048,0.0006715312370733221,72.32302347309066,1000,False,0.1,0.014496241614285168,0.16178862724753038,0.06845739741129697
0.6499999999999999,0.135,0.001,1000,20260922,1.287671610462247,0.06332334688914631,1.3516403513177915,1.3717113816926279,2.203542967621922,2.875190510745951,-1.2887249166221695,2.2092429523981068,0.04934536842488443,0.4221023741020513,0.0555644732937286,0.40412988355173196,0.8880740786299129,1.0444720652488415,0.0,0.0,0.0,1.6110484255676694,exact,4,False,3d_rail_surrogate,0.3671968048686121,0.00433533809160228,0.0021119099911426674,74.85789969241425,1000,False,0.1,0.014496241614285168,0.16178862724753038,0.06845739741129697
0.6499999999999999,0.135,0.003,1000,20260923,1.2976005335744265,0.20597554749073788,1.506740011753524,1.554913318822541,2.147488574876805,4.213259805140062,-1.305101125662812,2.1331508110903648,0.15602047448103498,1.2229187627042604,0.16669341988118583,1.2123896506551959,0.9359726052308589,1.0086845941347111,0.0,0.0,0.592,1.6110484255676691,exact,4,False,3d_rail_surrogate,0.3660781824909733,0.01264436126295421,0.0066362428549609,72.6279342507415,1000,False,0.1,0.014496241614285168,0.16178862724753038,0.06845739741129697
0.6499999999999999,0.15,0.0001,1000,20260924,1.723482679216523,0.006947698478469766,1.7296810861408052,1.7310734554961171,2.400207619082212,2.4719772588732645,-1.7234587146532405,2.3998816073547293,0.004842814559254324,0.04352561446847147,0.00506864129248202,0.04152274021706551,0.955446298091236,1.048235599118355,0.0,0.0,0.0,1.9046492522598335,exact,4,False,3d_rail_surrogate,0.5190410912149561,0.0004547133006703912,0.00018725273813432824,71.48388573183901,1000,False,0.1,0.014496241614285168,0.16178862724753038,0.06845739741129697
0.6499999999999999,0.15,0.0003,1000,20260925,1.7243695790417386,0.018270807951566992,1.7425386166714716,1.7467698538018,2.395335746424211,2.6056952353034286,-1.7241825930394898,2.399898821178593,0.014562161302937972,0.1305819368768277,0.015205923877446062,0.12456822065119652,0.95766369872054,1.0482764881299076,0.0,0.0,0.0,1.9046492522598337,exact,4,False,3d_rail_surrogate,0.5122778036246164,0.0013631677937073932,0.0005661689038345343,71.60892203187541,1000,False,0.1,0.014496241614285168,0.16178862724753038,0.06845739741129697
0.6499999999999999,0.15,0.001,1000,20260926,1.7227367810930532,0.06594693420142783,1.7861990637168574,1.8085387968026574,2.396944513587412,3.0484897117963174,-1.725022148639623,2.391294648529022,0.04849756504509707,0.41450328105209144,0.0506864129248202,0.4152274021706552,0.9568158850978525,0.9982560854250507,0.0,0.0,0.001,1.9046492522598335,exact,4,False,3d_rail_surrogate,0.49791484773660893,0.004339288037043055,0.0018986548214481086,70.7906660594739,1000,False,0.1,0.014496241614285168,0.16178862724753038,0.06845739741129697
0.6499999999999999,0.15,0.003,1000,20260927,1.7285045978061295,0.1899443968914405,1.9206790720528937,1.974504632895404,2.3355675119323127,4.586744140738809,-1.7303263332567147,2.389519701462103,0.14600453701980282,1.2739945725666701,0.15205923877446062,1.2456822065119655,0.9601819540630586,1.0227284020809626,0.0,0.0,0.537,1.9046492522598337,exact,4,False,3d_rail_surrogate,0.5073725385517371,0.013326980414293537,0.005684026773416888,71.06340579708791,1000,False,0.1,0.014496241614285168,0.16178862724753038,0.06845739741129697
0.7,0.12,0.0001,1000,20260928,0.5136947929082789,0.008057749800067904,0.5211293672447257,0.5233795733175922,2.052156984027217,2.1192593766217467,-0.5135206550283418,2.0513171490920548,0.005829383920053378,0.040558034187868755,0.0072784389057903905,0.03935636183921885,0.8009112936863135,1.0305331156766742,0.0,0.0,0.0,1.933619742787324,exact,4,False,3d_rail_surrogate,-0.5219004954912961,0.0004398042988658279,0.00021670887531648347,116.38830736632792,1000,False,0.1,0.014496241614285168,0.16178862724753038,0.06845739741129697
0.7,0.12,0.0003,1000,20260929,0.5131562616000163,0.022903277411060463,0.5349909646386244,0.5404707684842764,2.0556611837405843,2.2465873571741706,-0.512952342537636,2.052233270557029,0.017202460249301683,0.12476076627712224,0.021835316717371173,0.11806908551765655,0.7878273748883247,1.056675976866654,0.0,0.0,0.0,1.9336197427873234,exact,4,False,3d_rail_surrogate,-0.49588507772792234,0.0013349696938444611,0.000659774335674803,114.16015782486362,1000,False,0.1,0.014496241614285168,0.16178862724753038,0.06845739741129697
0.7,0.12,0.001,1000,20260930,0.5160525812013737,0.07884865231661259,0.5887803339450767,0.6134052439043941,2.0272921590742756,2.7044013622124248,-0.515504752557424,2.0466061287863004,0.05940499190282625,0.41392902124927067,0.07278438905790394,0.39356361839218856,0.8161776539137582,1.0517461520967821,0.0,0.0,0.001,1.9336197427873232,exact,4,False,3d_rail_surrogate,-0.5422129511550002,0.004508262516547733,0.002165847534430692,116.85713546879086,1000,False,0.1,0.014496241614285168,0.16178862724753038,0.06845739741129697
0.7,0.12,0.003,1000,20260931,0.5175540711592899,0.2539977860007376,0.7270094200303989,0.7870154753119982,2.0743918201294287,4.1596800814018975,-0.5075137562485927,2.086207306664349,0.1788017189002934,1.2543760595686941,0.21835316717371178,1.1806908551765658,0.8188647832071376,1.0624085501035825,0.0,0.332,0.571,1.9336197427873238,exact,4,False,3d_rail_surrogate,-0.4924377376666162,0.01349011046136891,0.00683850313404551,115.26799113934712,1000,False,0.1,0.014496241614285168,0.16178862724753038,0.06845739741129697
0.7,0.135,0.0001,1000,20260932,0.7980914356039923,0.006920573743742775,0.8047230628906064,0.8065898097639985,2.4410463244636764,2.509705876347815,-0.798095452181995,2.4390015644894465,0.005133015923432875,0.0432911197088012,0.006804773250994142,0.04019415801224236,0.7543257848721068,1.077050045322894,0.0,0.0,0.0,2.215006139242737,exact,4,False,3d_rail_surrogate,-0.4918510641655773,0.0004534233571107639,0.00020165552402473373,109.39111946776433,1000,False,0.1,0.014496241614285168,0.16178862724753038,0.06845739741129697
0.7,0.135,0.0003,1000,20260933,0.7986473854473571,0.021140268530677075,0.8184539796020042,0.824446013967985,2.4447468073847514,2.6401592787636834,-0.7983332816812263,2.4385884737150505,0.01612843600843007,0.12551911785816855,0.020414319752982423,0.12058247403672709,0.7900550301742868,1.0409399778937847,0.0,0.0,0.0,2.215006139242737,exact,4,False,3d_rail_surrogate,-0.5028224648867318,0.0013304569532388397,0.0006215774215382452,112.02550100036166,1000,False,0.1,0.014496241614285168,0.16178862724753038,0.06845739741129697
0.7,0.135,0.001,1000,20260934,0.7997357637078104,0.06962929352206382,0.8642373890053159,0.8781592021593542,2.4384258301271524,3.1369528895180117,-0.7993295253747104,2.4281098141973643,0.0507944140398331,0.43423159925121396,0.06804773250994141,0.40194158012242354,0.7464527055682907,1.080335105213438,0.0,0.0,0.001,2.2150061392427367,exact,4,False,3d_rail_surrogate,-0.4885626742415455,0.004539078935714228,0.0020037048658626665,108.93959639762862,1000,False,0.1,0.014496241614285168,0.16178862724753038,0.06845739741129697
0.7,0.135,0.003,1000,20260935,0.8058771807108691,0.20849721281462452,0.9980752397204977,1.0490179414109628,2.4340613860562756,4.648436598581327,-0.8016980608467802,2.4772673447599796,0.15625501335690822,1.2831555373035592,0.20414319752982424,1.2058247403672706,0.765418663211054,1.0641310418898315,0.0,0.01,0.48,2.2150061392427367,exact,4,False,3d_rail_surrogate,-0.5061825968671341,0.013513318352090157,0.00604724549312136,110.5297511251192,1000,False,0.1,0.014496241614285168,0.16178862724753038,0.06845739741129697
0.7,0.15,0.0001,1000,20260936,1.0354651766097742,0.0062171781232340795,1.0414011883147516,1.0436482816214883,2.618989950514017,2.692513815229526,-1.0353152321064587,2.6192000251144125,0.0048434173722116634,0.04643663891887722,0.006556167471758309,0.04119567442360911,0.7387574208675147,1.1272212330201477,0.0,0.0,0.0,2.567185955772798,exact,4,False,3d_rail_surrogate,-0.5767461920702719,0.000485894684537732,0.00017870479026107608,108.4544338999112,1000,False,0.1,0.014496241614285168,0.16178862724753038,0.06845739741129697
0.7,0.15,0.0003,1000,20260937,1.0358654526320978,0.019617556747133502,1.055533511697252,1.060738873566878,2.621909540978637,2.8494543927624156,-1.035960159410309,2.6222005238799166,0.014962403495743163,0.13551259242160785,0.019668502415274923,0.12358702327082731,0.7607291688930562,1.0964953183203303,0.0,0.0,0.0,2.5671859557727985,exact,4,False,3d_rail_surrogate,-0.5400170818102943,0.001418909380070232,0.0005683872324792798,108.87749998401598,1000,False,0.1,0.014496241614285168,0.16178862724753038,0.06845739741129697
0.7,0.15,0.001,1000,20260938,1.036940892120004,0.06630586215640788,1.097624997558001,1.1144239459155554,2.6386439193213485,3.372407871208435,-1.0362756760433267,2.626972593555992,0.047705767840432435,0.45912580774767897,0.06556167471758309,0.41195674423609113,0.7276471817709401,1.1145000395588995,0.0,0.0,0.0,2.5671859557728,exact,4,False,3d_rail_surrogate,-0.5633489533457662,0.004793709802472805,0.0017840639153527968,108.04711599875336,1000,False,0.1,0.014496241614285168,0.16178862724753038,0.06845739741129697
0.7,0.15,0.003,1000,20260939,1.036045943691799,0.18594258515423234,1.2218487798749162,1.268254097982011,2.5876355472831056,4.890119702107395,-1.0383825258097508,2.6131199233445033,0.1450476922346552,1.385699385224052,0.19668502415274922,1.235870232708273,0.7374618014740587,1.1212337254757283,0.0,0.0,0.45,2.5671859557727994,exact,4,False,3d_rail_surrogate,-0.6158859132564529,0.014583291036636588,0.005131497314981804,109.44755187707351,1000,False,0.1,0.014496241614285168,0.16178862724753038,0.06845739741129697
0.75,0.12,0.0001,1000,20260940,0.31929744995138104,0.011481685426792954,0.3296025473076133,0.33276203211215266,2.736129754882968,2.7999547609963837,-0.3193785255495169,2.7360976157079198,0.007977563862001345,0.04027204417098241,0.00942562279937738,0.0378780133688928,0.8463699462414634,1.0632037055052022,0.0,0.0,0.0,2.9165726811226547,exact,4,False,3d_rail_surrogate,-0.8185200573347743,0.0005261562080869236,0.00016577420968286606,132.69449994137557,1000,False,0.1,0.014496241614285168,0.16178862724753038,0.06845739741129697
0.75,0.12,0.0003,1000,20260941,0.31858838752058205,0.034146604110178,0.34965196961396905,0.35838194630829323,2.7376960918154642,2.932490932406567,-0.31933762789182024,2.740174759833571,0.024312663425539123,0.12190234871377072,0.02827686839813214,0.11363404010667838,0.8598074964745787,1.0727626035238222,0.0,0.0,0.0,2.9165726811226547,exact,4,False,3d_rail_surrogate,-0.8285848528753879,0.0016020655307547608,0.0004894753530503374,132.95666620760218,1000,False,0.1,0.014496241614285168,0.16178862724753038,0.06845739741129697
0.75,0.12,0.001,1000,20260942,0.32334963674067396,0.10679766485661873,0.4193246635266521,0.45296289346643603,2.7375121009350702,3.4203747589266404,-0.3202453790508764,2.7442595697837,0.08189170551426445,0.4107514264601021,0.09425622799377378,0.3787801336889279,0.8688201008815449,1.0844059387692981,0.0,0.052,0.0,2.916572681122654,exact,4,False,3d_rail_surrogate,-0.8297465743612571,0.005398964092867491,0.001643373557694336,132.94686944418845,1000,False,0.1,0.014496241614285168,0.16178862724753038,0.06845739741129697
0.75,0.12,0.003,1000,20260943,0.3264476132458787,0.315678106876517,0.6407149045751358,0.7116108503605988,2.754307561093973,4.792624920377764,-0.3161872682248335,2.744614839884631,0.250817019483164,1.2192258645284821,0.2827686839813215,1.1363404010667841,0.8870042324054946,1.0729406992692383,0.0,0.811,0.333,2.916572681122654,exact,4,False,3d_rail_surrogate,-0.8246337757240321,0.016242587498589957,0.005033048578661569,134.02092190586188,1000,False,0.1,0.014496241614285168,0.16178862724753038,0.06845739741129697
0.75,0.135,0.0001,1000,20260944,0.5001193742996196,0.009552298836241757,0.5087970891478345,0.5118775827097897,3.4678831739167606,3.536561447217393,-0.4998238906657826,3.466532610196926,0.007617273908297831,0.042915417010056085,0.008932202930552809,0.038507370633917966,0.8527878248536839,1.1144727958199108,0.0,0.0,0.0,3.204171861550264,exact,4,False,3d_rail_surrogate,-0.8682003198883043,0.0005419934952424607,0.0001414399424460908,129.2492430556102,1000,False,0.1,0.014496241614285168,0.16178862724753038,0.06845739741129697
0.75,0.135,0.0003,1000,20260945,0.4997570039412423,0.031786799764518536,0.5305044439657635,0.5407951955757309,3.4598043745420455,3.6907583399977346,-0.49917050440615574,3.464705936834824,0.024169547587043087,0.13462104965867913,0.026796608791658443,0.11552211190175395,0.9019629228071151,1.1653271174021465,0.0,0.0,0.0,3.204171861550265,exact,4,False,3d_rail_surrogate,-0.8759044461886178,0.0017114462435630423,0.0004334969387874475,129.66423587842644,1000,False,0.1,0.014496241614285168,0.16178862724753038,0.06845739741129697
0.75,0.135,0.001,1000,20260946,0.4981434938571845,0.11072134055559735,0.597376364571754,0.6248318972706648,3.4441062568211693,4.214093363106088,-0.4980914637177762,3.465327646310513,0.07611440640267265,0.42525793897157554,0.08932202930552813,0.3850737063391798,0.852134764452356,1.1043546520338128,0.0,0.0,0.0,3.2041718615502637,exact,4,False,3d_rail_surrogate,-0.858946402637494,0.00537591525449622,0.0014570576486558826,129.46075576142513,1000,False,0.1,0.014496241614285168,0.16178862724753038,0.06845739741129697
0.75,0.135,0.003,1000,20260947,0.49436298216680785,0.33124232153638855,0.8197575322000699,0.8811917617880641,3.450871887208605,5.642707604718562,-0.4969890427658172,3.4989637793797255,0.23991261446617404,1.3092583199941803,0.2679660879165844,1.1552211190175394,0.8953096129867628,1.1333400146870949,0.0,0.548,0.17,3.2041718615502646,exact,4,False,3d_rail_surrogate,-0.8681802119883689,0.016751997992359654,0.004397398648043008,130.2789839581711,1000,False,0.1,0.014496241614285168,0.16178862724753038,0.06845739741129697
0.75,0.15,0.0001,1000,20260948,0.6268772462532574,0.010885990975497695,0.6372436479450952,0.6401120227620173,4.20253741964028,4.281932796417027,-0.6269171005741164,4.203204951530145,0.008268930376998924,0.04711426316240282,0.00867683925592215,0.03925021698147291,0.9529887708078929,1.2003567568719922,0.0,0.0,0.0,3.590246508587301,exact,4,False,3d_rail_surrogate,-0.9166631662228734,0.000599691325527009,0.00012270145283493856,129.2017658075648,1000,False,0.1,0.014496241614285168,0.16178862724753038,0.06845739741129697
0.75,0.15,0.0003,1000,20260949,0.6287150232679046,0.03402240652935784,0.6609506577972335,0.6713183344030411,4.208885142298538,4.4487254691920235,-0.6281158891403948,4.208275563855547,0.02587769133521058,0.14416800560228538,0.02603051776776644,0.11775065094441865,0.9941289514899658,1.2243499670361602,0.0,0.0,0.0,3.590246508587301,exact,4,False,3d_rail_surrogate,-0.9225030770920877,0.0018545619175306062,0.0003669553038151981,129.9210760945991,1000,False,0.1,0.014496241614285168,0.16178862724753038,0.06845739741129697
0.75,0.15,0.001,1000,20260950,0.6264846717323488,0.12091208755241856,0.7515590514386212,0.7785619125276544,4.195443539364712,5.035032603090394,-0.6280208911777664,4.2036328541192,0.08852331429423527,0.49761319197303355,0.08676839255922146,0.3925021698147289,1.0202253572211337,1.2677973021344562,0.0,0.0,0.0,3.5902465085872994,exact,4,False,3d_rail_surrogate,-0.9309430659286824,0.006391325874711071,0.001189409236311531,129.69553981795124,1000,False,0.1,0.014496241614285168,0.16178862724753038,0.06845739741129697
0.75,0.15,0.003,1000,20260951,0.6398791899385512,0.33120862377098453,0.9707984757289732,1.0748201915104214,4.2300272646189185,6.788562966676725,-0.6539110267833579,4.372952703456176,0.29595060144694785,1.5459301789999513,0.2603051776776645,1.1775065094441872,1.1369370524524218,1.3128846138860577,0.0,0.294,0.068,3.5902465085872985,exact,4,False,3d_rail_surrogate,-0.9355550448384548,0.02051212707266293,0.003722887964358494,131.9404227540636,1000,False,0.1,0.014496241614285168,0.16178862724753038,0.06845739741129697
0.8,0.12,0.0001,1000,20260952,0.2152500090297474,0.013220411562038292,0.22869985766779055,0.23170441587447332,3.551881937445958,3.609593618355486,-0.21513151115299536,3.55165140784661,0.010224662469369303,0.03654968656997932,0.012044332094133643,0.03428391456755179,0.8489190093279945,1.0660884858397117,0.0,0.0,0.0,4.1527597352012515,exact,4,False,3d_rail_surrogate,-0.8990348958844069,0.0005915990047143639,0.0001307198860393512,143.73156611352854,1000,False,0.1,0.014496241614285168,0.16178862724753038,0.06845739741129697
0.8,0.12,0.0003,1000,20260953,0.21679034009165743,0.041285287782678065,0.2554091857706192,0.2638414558553521,3.5546013078141856,3.722372957582065,-0.21591132893744155,3.552804495007427,0.030664499109194693,0.10819356770771199,0.03613299628240094,0.10285174370265542,0.8486564155801893,1.0519371263213564,0.0,0.0,0.0,4.1527597352012515,exact,4,False,3d_rail_surrogate,-0.8962509581391019,0.001765062965657776,0.0003940047022143152,144.1503518201477,1000,False,0.1,0.014496241614285168,0.16178862724753038,0.06845739741129697
0.8,0.12,0.001,1000,20260954,0.21890551789338497,0.13907949967308794,0.34504541780826037,0.37927955019017556,3.5678914031335633,4.125973205555662,-0.21696670958809255,3.5535153569951485,0.10197390973648487,0.3587681212865642,0.12044332094133647,0.34283914567551804,0.8466547496324235,1.0464619510693864,0.0,0.564,0.0,4.152759735201251,exact,4,False,3d_rail_surrogate,-0.9042125898709364,0.00587505582943789,0.0012568608176948273,144.1602876577316,1000,False,0.1,0.014496241614285168,0.16178862724753038,0.06845739741129697
0.8,0.12,0.003,1000,20260955,0.27824044949279125,0.3083661025124912,0.6404477910973196,0.7434776632471124,3.5875389197287264,5.429554721385366,-0.2050708128272642,3.5936165152694666,0.32816423889952306,1.115653324810386,0.3613299628240096,1.0285174370265544,0.9082120849727584,1.0847198935544948,0.0,0.938,0.073,4.1527597352012515,exact,4,False,3d_rail_surrogate,-0.9098954218553518,0.018715777684474962,0.003835086805297497,145.1163023557257,1000,False,0.1,0.014496241614285168,0.16178862724753038,0.06845739741129697
0.8,0.135,0.0001,1000,20260956,0.39330338017140276,0.014101635474910168,0.4066188609886723,0.4100560690440037,4.687449256504787,4.753516787854221,-0.393378166046053,4.686974382669843,0.010350023898842218,0.039609608958606095,0.011319659820406362,0.03452933699694443,0.9143405423000303,1.1471291488194875,0.0,0.0,0.0,4.389930609705251,exact,4,False,3d_rail_surrogate,-0.9442949784424052,0.0006209658379681685,0.00010268021900888987,141.3424115939821,1000,False,0.1,0.014496241614285168,0.16178862724753038,0.06845739741129697
0.8,0.135,0.0003,1000,20260957,0.39120668583710994,0.03957051029672781,0.4310909395965863,0.44297586494571817,4.677807551914764,4.883179991930053,-0.3924523636877855,4.683582073840367,0.030593965019814876,0.11492308213623913,0.033958979461219056,0.10358801099083322,0.9009094355957603,1.109424546692078,0.0,0.0,0.0,4.389930609705254,exact,4,False,3d_rail_surrogate,-0.9366890509946961,0.0018190312448919368,0.00031985752234468134,141.94460227066813,1000,False,0.1,0.014496241614285168,0.16178862724753038,0.06845739741129697
0.8,0.135,0.001,1000,20260958,0.3959288093075323,0.13010686372544072,0.5218864677095104,0.5532441556365281,4.6981219074296945,5.343664067228319,-0.39467434872515905,4.698662209766201,0.10086012679368327,0.3862163779155977,0.11319659820406348,0.34529336996944376,0.8910172955185381,1.1185166339851105,0.0,0.05,0.0,4.389930609705252,exact,4,False,3d_rail_surrogate,-0.9329968333729932,0.006035848319890259,0.0010976388015272059,141.39937076747313,1000,False,0.1,0.014496241614285168,0.16178862724753038,0.06845739741129697
0.8,0.135,0.003,1000,20260959,0.3983313091119949,0.42517279061514557,0.8169472979325014,0.9538055591454713,4.687062720934486,6.918868856859491,-0.4083812238164727,4.7903945671390025,0.3257405671662877,1.2459142603040623,0.3395897946121907,1.0358801099083321,0.9592177748989226,1.2027591305081788,0.0,0.797,0.004,4.389930609705253,exact,4,False,3d_rail_surrogate,-0.946017242537446,0.01954729492003898,0.003180230148903123,141.34771933066125,1000,False,0.1,0.014496241614285168,0.16178862724753038,0.06845739741129697
0.8,0.15,0.0001,1000,20260960,0.6002230057384947,0.01755469333232651,0.61797748049047,0.6227091372517547,6.135256727577991,6.219116983936498,-0.6003265120072755,6.134899832554772,0.013185662796220125,0.050068526231331255,0.010861213425412056,0.03480801716641428,1.2140137827850375,1.4384193730989538,0.0,0.0,0.0,4.7478728311764655,exact,4,False,3d_rail_surrogate,-0.9763039875021274,0.0007948426584764489,8.494434095173479e-05,141.36466782407155,1000,False,0.1,0.014496241614285168,0.16178862724753038,0.06845739741129697
0.8,0.15,0.0003,1000,20260961,0.5979358958476597,0.050967444275727636,0.6497011247833103,0.661231616122066,6.123719006840298,6.367423546137763,-0.5985209294278131,6.128999528630977,0.037653009034543945,0.14017834652105088,0.03258364027623614,0.10442405149924275,1.155580184268269,1.3423952098053522,0.0,0.0,0.0,4.747872831176467,exact,4,False,3d_rail_surrogate,-0.9725657067412983,0.002250541033866773,0.0002578342752904546,141.95383952284644,1000,False,0.1,0.014496241614285168,0.16178862724753038,0.06845739741129697
0.8,0.15,0.001,1000,20260962,0.6019772885621788,0.1703068590190795,0.7694957261557847,0.8248659722722064,6.148600402092923,6.9818261615692645,-0.6072973018589327,6.159788641040855,0.12831059908960826,0.48406469139684727,0.10861213425412053,0.3480801716641427,1.1813652311573133,1.3906701122404468,0.0,0.001,0.0,4.7478728311764655,exact,4,False,3d_rail_surrogate,-0.9749157657847981,0.007712608484675837,0.0008470785822535983,141.55929854271966,1000,False,0.1,0.014496241614285168,0.16178862724753038,0.06845739741129697
0.8,0.15,0.003,1000,20260963,0.6217127544232929,0.5489083045260825,2.196458462301461,2.3794517701289686,6.27908666610119,11.367028310642223,-0.7553643441942232,6.5941892396296335,0.633179354701394,2.009709546571707,0.32583640276236164,1.044240514992428,1.9432431408321897,1.9245657659493123,0.0,0.515,0.001,4.7478728311764655,exact,4,False,3d_rail_surrogate,-0.985655315366893,0.03593503254044354,0.002824384173936423,146.25968134650427,1000,False,0.1,0.014496241614285168,0.16178862724753038,0.06845739741129697
0.8499999999999999,0.12,0.0001,1000,20260964,0.303476898078204,0.01666189386563477,0.3187423960302556,0.3233090776215091,4.155722245527962,4.190380462070674,0.3031335158598591,4.155549974081054,0.012455445232760626,0.020795147519741902,0.015097052265551247,0.026577256637638182,0.8250249792922627,0.7824414612564724,0.0,0.0,0.0,5.4966680798384475,exact,4,False,3d_rail_surrogate,-0.8596575226509866,0.0006159745032700784,0.00010152053962290588,162.6193587392805,1000,False,0.1,0.014496241614285168,0.16178862724753038,0.06845739741129697
0.8499999999999999,0.12,0.0003,1000,20260965,0.3003533333881664,0.05495984743306048,0.351445163761967,0.3650784266966398,4.16299254171621,4.266122905278659,0.3010437438750175,4.160965610176986,0.03868655831838802,0.06522923951683061,0.045291156796653756,0.07973176991291457,0.8541746569221276,0.8181085104228333,0.0,0.0,0.0,5.4966680798384475,exact,4,False,3d_rail_surrogate,-0.8669526110046022,0.001916222701451793,0.0003101777143475305,162.3345656916286,1000,False,0.1,0.014496241614285168,0.16178862724753038,0.06845739741129697
0.8499999999999999,0.12,0.001,1000,20260966,0.2996562678979735,0.17599806004080074,0.4749026250340833,0.5347824505140125,4.1587020003921875,4.539765603546086,0.30897269495420215,4.156829846062703,0.13199886187806625,0.22647586199602832,0.15097052265551247,0.26577256637638186,0.8743353308729271,0.8521416077056564,0.0,0.486,0.0,5.496668079838448,exact,4,False,3d_rail_surrogate,-0.8713091476183518,0.006551609808815235,0.0010582177189625468,161.9594608204877,1000,False,0.1,0.014496241614285168,0.16178862724753038,0.06845739741129697
0.8499999999999999,0.12,0.003,1000,20260967,0.36529089728557096,0.4193600772435133,0.8210049360636745,1.0019866815830967,4.128958533764536,5.3971373512142025,0.32474396512272846,4.2133002921116365,0.3918289265951528,0.6359789152760806,0.4529115679665372,0.7973176991291454,0.8651334041971358,0.7976480591998849,0.0,0.925,0.0,5.4966680798384475,exact,4,False,3d_rail_surrogate,-0.8347121394383471,0.019288269742210595,0.0033622865568685096,163.48729745240286,1000,False,0.1,0.014496241614285168,0.16178862724753038,0.06845739741129697
0.8499999999999999,0.135,0.0001,1000,20260968,0.1389676880484856,0.01621153963551758,0.15428117946940614,0.15842825108048608,5.295675712053205,5.335126756673531,0.13882378749596888,5.295715077922285,0.01220882153448293,0.023984953537835613,0.01388705539786442,0.026281282019537153,0.8791512084239561,0.9126249442476024,0.0,0.0,0.0,5.561925078850097,exact,4,False,3d_rail_surrogate,-0.9248221748273332,0.0006190296703979381,8.504047623365125e-05,158.5458477167213,1000,False,0.1,0.014496241614285168,0.16178862724753038,0.06845739741129697
0.8499999999999999,0.135,0.0003,1000,20260969,0.13764562682746456,0.049034940952514455,0.18592282636422053,0.1996599616994722,5.297016637455528,5.410834054175673,0.13849521552409239,5.296727626508613,0.036840002259274286,0.07010199473977283,0.041661166193593266,0.07884384605861143,0.884276788798572,0.8891244941001479,0.0,0.062,0.0,5.561925078850099,exact,4,False,3d_rail_surrogate,-0.9207038103421281,0.0018592888325657281,0.00025617919606438975,159.24707969272387,1000,False,0.1,0.014496241614285168,0.16178862724753038,0.06845739741129697
0.8499999999999999,0.135,0.001,1000,20260970,0.14082811342085244,0.15097385262522278,0.29537013212134255,0.3367458058399737,5.299398060056597,5.691739573908041,0.14046543252019422,5.301194046476643,0.11822992754138996,0.23098881717097589,0.13887055397864417,0.26281282019537144,0.8513678685228807,0.8789100052244861,0.0,0.86,0.0,5.561925078850097,exact,4,False,3d_rail_surrogate,-0.9193535000957129,0.005986267995619752,0.0008482362056239925,158.74225508858814,1000,False,0.1,0.014496241614285168,0.16178862724753038,0.06845739741129697
0.8499999999999999,0.135,0.003,1000,20260971,0.26930223139324605,0.34066027984811575,0.6231724072076847,0.7436336437554141,5.262720861803652,6.655581549906075,0.14272664683656494,5.368392448148027,0.36596127419229363,0.7128456631108678,0.41661166193593263,0.7884384605861146,0.8784230198735336,0.9041234018200329,0.0,0.968,0.0,5.5619250788501,exact,4,False,3d_rail_surrogate,-0.9079049405347738,0.018496600061842887,0.002793956278991027,158.98129805480258,1000,False,0.1,0.014496241614285168,0.16178862724753038,0.06845739741129697
0.8499999999999999,0.15,0.0001,1000,20260972,0.09062510953356206,0.017371425883358618,0.1068537007550352,0.11155743912395721,6.69771951974727,6.7419947623221805,-0.09051499472061685,6.698371540056318,0.012826728037530271,0.026859856585455123,0.012989002066951742,0.02594546963671799,0.9875068131804868,1.035242643958277,0.0,0.0,0.0,5.762497963975852,exact,4,False,3d_rail_surrogate,-0.9668501753976005,0.0006600222012101206,6.299000246955645e-05,156.58307019312142,1000,False,0.1,0.014496241614285168,0.16178862724753038,0.06845739741129697
0.8499999999999999,0.15,0.0003,1000,20260973,0.09105190271526048,0.04950295985980269,0.14166423918919654,0.1574557263732014,6.6994835298235245,6.841319886801464,-0.09097993894713914,6.700485750976923,0.038831444770164064,0.08020195444112094,0.038967006200855234,0.077836408910154,0.9965211227674915,1.0303912470280772,0.0,0.349,0.0,5.762497963975851,exact,4,False,3d_rail_surrogate,-0.9659598852569196,0.001993609569790373,0.00019098337404094043,156.8881105501622,1000,False,0.1,0.014496241614285168,0.16178862724753038,0.06845739741129697
0.8499999999999999,0.15,0.001,1000,20260974,0.11278641491939939,0.1391561958485402,0.2720065681666693,0.3146362882746403,6.698790800072324,7.162194984943094,-0.09645761777511332,6.715473361228788,0.13111714329221802,0.26405864637806853,0.12989002066951744,0.25945469636717994,1.0094473972394136,1.0177447164200606,0.0,0.883,0.0,5.762497963975852,exact,4,False,3d_rail_surrogate,-0.9656561220899917,0.006705737157744075,0.0006339808192164653,157.41942996604556,1000,False,0.1,0.014496241614285168,0.16178862724753038,0.06845739741129697
0.8499999999999999,0.15,0.003,1000,20260975,0.2720695737632306,0.3152770221009436,0.6661065152219305,1.911055230842656,6.679953630679618,10.444776390918504,-0.1568550310326885,6.871329709729737,0.5709791092742003,1.1361418441801916,0.3896700620085522,0.77836408910154,1.4652886247690968,1.4596534707705129,0.0,0.927,0.0,5.762497963975852,exact,4,False,3d_rail_surrogate,-0.9813317198831553,0.02920851317376369,0.0020186378446009996,157.43664255155386,1000,False,0.1,0.014496241614285168,0.16178862724753038,0.06845739741129697
0.9,0.12,0.0001,1000,20260976,0.6382875634057059,0.01738548941526552,0.6545088603316694,0.658491124852338,7.122030335863679,7.1412570401312125,0.6383881498783958,7.122342157015613,0.012560588379685485,0.01104884564970839,0.01910102801756827,0.013953722993396441,0.6575870350084203,0.7918206241400395,0.0,0.0,0.0,7.013454536613774,exact,4,False,3d_rail_surrogate,0.7190935771427411,0.0005989821839226091,7.60900580605242e-05,-172.25063191130175,1000,False,0.1,0.014496241614285168,0.16178862724753038,0.06845739741129697
0.9,0.12,0.0003,1000,20260977,0.6367898061469979,0.05465817097458081,0.6892245869468907,0.7033598818767396,7.123281835366168,7.1851198214517105,0.6380107831401054,7.124603368904225,0.03909600180885663,0.03430254075223341,0.05730308405270479,0.041861168980189316,0.6822669748961138,0.8194358062114078,0.0,0.0,0.0,7.013454536613775,exact,4,False,3d_rail_surrogate,0.7169761861185805,0.001864205419214253,0.00023699699036531467,-172.29254100631164,1000,False,0.1,0.014496241614285168,0.16178862724753038,0.06845739741129697
0.9,0.12,0.001,1000,20260978,0.6411205358415251,0.17675363101673058,0.8059358739025951,0.8576992446968391,7.131842260349501,7.334464007868235,0.6379904334847175,7.136164300256329,0.1325798207530954,0.11656650960630524,0.19101028017568264,0.1395372299339644,0.694097828824472,0.8353792723380707,0.0,0.029,0.0,7.013454536613776,exact,4,False,3d_rail_surrogate,0.7280103143755323,0.006323718618716494,0.0007917943566383871,-172.16311346636468,1000,False,0.1,0.014496241614285168,0.16178862724753038,0.06845739741129697
0.9,0.12,0.003,1000,20260979,0.6654365621283354,0.503007689290088,1.1792781791092728,1.2983972163062045,7.214578066266627,8.03468139082641,0.6614377864034282,7.282873190648197,0.39279427479308127,0.4301437957971439,0.573030840527048,0.4186116898018933,0.6854679486915691,1.0275484566632818,0.0,0.879,0.0,7.013454536613775,exact,4,False,3d_rail_surrogate,0.6400732114153732,0.018772581497848058,0.0032679684399672445,-171.29774639560728,1000,False,0.1,0.014496241614285168,0.16178862724753038,0.06845739741129697
0.9,0.135,0.0001,1000,20260980,0.32138737329118583,0.014413762580813838,0.3350437869352885,0.33850232570913036,7.9761496949313155,7.986314589173379,0.3214888580991326,7.976338029946159,0.010473760326397564,0.006136146205606994,0.01701719198483901,0.013155244405286924,0.615481116727652,0.4664410646100164,0.0,0.0,0.0,6.777034135457241,exact,4,False,3d_rail_surrogate,-0.08405768324476746,0.0004950065109202002,6.114092625759536e-05,179.3937245371208,1000,False,0.1,0.014496241614285168,0.16178862724753038,0.06845739741129697
0.9,0.135,0.0003,1000,20260981,0.32010524596539236,0.04569298534077049,0.36427424264335667,0.3773075469475331,7.977402883847463,8.0072971125015,0.3211477372970687,7.977277998136098,0.033864543836599786,0.018282971089579013,0.05105157595451703,0.03946573321586078,0.6633398323838318,0.4632619135587558,0.0,0.0,0.0,6.7770341354572405,exact,4,False,3d_rail_surrogate,-0.06299462814208369,0.0016004457602427312,0.0001824617996398291,179.58224877223188,1000,False,0.1,0.014496241614285168,0.16178862724753038,0.06845739741129697
0.9,0.135,0.001,1000,20260982,0.32277533620889365,0.1391064157148587,0.46280935579571636,0.5016196697441428,7.993729876211127,8.09504717649127,0.32068942670480155,7.992082079371965,0.1083879410323758,0.06396300364098602,0.1701719198483901,0.13155244405286928,0.6369319987042573,0.4862167639795434,0.0,0.546,0.0,6.777034135457241,exact,4,False,3d_rail_surrogate,-0.048501629072783325,0.005122398880317266,0.0006388653559165732,179.64751076880358,1000,False,0.1,0.014496241614285168,0.16178862724753038,0.06845739741129697
0.9,0.135,0.003,1000,20260983,0.3446304124720594,0.3849790577527401,0.7460004952315934,0.8742421513594062,8.056238313733896,8.437043850905871,0.3186209287771712,8.062313825543253,0.3340418328429094,0.21439282964056416,0.5105157595451704,0.3946573321586078,0.6543222742830005,0.5432379235625157,0.0,0.989,0.0,6.7770341354572405,exact,4,False,3d_rail_surrogate,-0.07251628271982018,0.01578725587454732,0.0021381781986655724,179.42520925166832,1000,False,0.1,0.014496241614285168,0.16178862724753038,0.06845739741129697
0.9,0.15,0.0001,1000,20260984,0.1125161212546542,0.013814612813759036,0.1259201549914573,0.1297327974285194,8.876765615186324,8.889878867778464,-0.11245422180945686,8.87677655306943,0.010681313152771021,0.007913525655473486,0.015354525591218214,0.01234997796619612,0.695645924669925,0.6407724513463977,0.0,0.0,0.0,6.692799456098432,exact,4,False,3d_rail_surrogate,-0.8847945936568011,0.0005096462156088806,3.6524025654595925e-05,172.06193776149397,1000,False,0.1,0.014496241614285168,0.16178862724753038,0.06845739741129697
0.9,0.15,0.0003,1000,20260985,0.11275626798503166,0.04289101707936077,0.15223768505816704,0.1595592897513337,8.876965618344558,8.915510168038336,-0.11206222635137221,8.877008850295873,0.03118827576310339,0.023187823406508403,0.04606357677365464,0.037049933898588364,0.6770702135519152,0.6258533003048591,0.0,0.243,0.0,6.692799456098432,exact,4,False,3d_rail_surrogate,-0.8677988087921409,0.0014876805437552111,0.00011415862636546516,172.17957607222579,1000,False,0.1,0.014496241614285168,0.16178862724753038,0.06845739741129697
0.9,0.15,0.001,1000,20260986,0.11862227254218533,0.12894751722080267,0.24541607589617118,0.28776870535319365,8.880262326473218,9.021859352396522,-0.11330409711818507,8.883305708907065,0.10635574934653409,0.07775284727355761,0.15354525591218218,0.12349977966196121,0.6926671144262678,0.6295788339572724,0.0,0.966,0.0,6.692799456098434,exact,4,False,3d_rail_surrogate,-0.8602068421156023,0.005070840539647852,0.00039301147680753705,172.37420988622551,1000,False,0.1,0.014496241614285168,0.16178862724753038,0.06845739741129697
0.9,0.15,0.003,1000,20260987,0.22619545373683303,0.28289520401659907,0.6006883124029,0.7206103770163806,8.907589883188091,9.436655333563099,-0.14511688845603696,8.956608437007791,0.3473624913383129,0.27029123616702433,0.4606357677365464,0.3704993389858836,0.754093615103249,0.729532303368894,0.0,0.975,0.0,6.6927994560984345,exact,4,False,3d_rail_surrogate,-0.8666203934062622,0.016583374623291833,0.0013350546065609677,171.82594188647326,1000,False,0.1,0.014496241614285168,0.16178862724753038,0.06845739741129697
0.2,0.12,0.0001,1000,20260808,0.015360126421497833,0.017746807879105223,0.03657798324032713,0.04322990434346614,0.022941156929271594,0.06899187134998915,-0.001037997182864017,-0.0014344335444908998,0.022184982255898055,0.03446227880383349,0.022027151672569103,0.03396439017505771,1.0071652742794475,1.0146591364134492,0.0,0.948,0.935,17.958349736414206,exact,4,False,self_consistent_linear,0.982654562134953,0.0011019497275260117,6.0805350007707934e-05,-162.04304612509338,1000,False,0.1,0.014496241614285168,0.16178862724753038,0.06845739741129697
0.2,0.12,0.0003,1000,20260809,0.0487605955299515,0.05932305549222941,0.11004708034537172,0.12781270281220503,0.07423806126657939,0.1989015487537756,-0.0031736873930556537,-0.002963301932655929,0.06765064635119673,0.10404090581631731,0.06608145501770722,0.10189317052517297,1.0237463193428327,1.0210783046604064,0.0,0.952,0.951,17.958349736414224,exact,4,False,self_consistent_linear,0.9832495254515071,0.0033572745624653243,0.00018058255311890884,-162.20358789610108,1000,False,0.1,0.014496241614285168,0.16178862724753038,0.06845739741129697
0.2,0.12,0.001,1000,20260810,0.15156589908616697,0.19124645300030071,0.3741459726176323,0.4433621916740874,0.2299287958910795,0.6705770928132733,-0.018785205986465478,-0.013353673104014212,0.22551652855617693,0.33771291444136403,0.22027151672569226,0.33964390175057896,1.0238115754068027,0.9943146710444017,0.0,0.945,0.948,17.958349736414203,exact,4,False,self_consistent_linear,0.9781124782759298,0.011159785276011316,0.0006710862351440022,-162.7153734432029,1000,False,0.1,0.014496241614285168,0.16178862724753038,0.06845739741129697
0.2,0.12,0.003,1000,20260811,0.45166061948610503,0.5696179391242674,1.299296595221242,2.2950523997227408,0.7022956968671584,1.9447101260337842,-0.26255568603566304,0.11785121904122144,1.0354846120589036,1.0248538793126463,0.6608145501770736,1.018931705251732,1.566982161305971,1.0058121403332434,0.034,0.899,0.952,17.95834973641421,exact,4,False,self_consistent_linear,0.17280705947066138,0.04896940360088803,0.010087459777524321,-177.8354431062521,1000,False,0.1,0.014496241614285168,0.16178862724753038,0.06845739741129697
0.2,0.135,0.0001,1000,20260812,0.012638646453705618,0.016080531677443423,0.03156183086712822,0.037340252174137674,0.022126743046307906,0.06504586835354584,-0.0006377283254378841,-0.0007102535038273295,0.018913864901909765,0.03281041817459627,0.019604731547249458,0.0340405630631524,0.9647602088467964,0.9638623812927549,0.0,0.957,0.955,16.379985758801503,exact,4,False,self_consistent_linear,0.9818534672023591,0.0009503658638436323,5.852186469959883e-05,-160.10181812952368,1000,False,0.1,0.014496241614285168,0.16178862724753038,0.06845739741129697
0.2,0.135,0.0003,1000,20260813,0.040020050673669816,0.04805169287353919,0.09356001771097183,0.10915525099168674,0.06837508544526305,0.19091037183476314,0.0016961374119311772,0.005314258434664807,0.05755287262024734,0.09943429792528247,0.058814194641748384,0.10212168918945724,0.9785541223647781,0.9736844221290827,0.0,0.957,0.959,16.379985758801507,exact,4,False,self_consistent_linear,0.9810622860380033,0.002890271705430464,0.00018124320097125503,-160.18801540932535,1000,False,0.1,0.014496241614285168,0.16178862724753038,0.06845739741129697
0.2,0.135,0.001,1000,20260814,0.12714329736680802,0.16572764039544358,0.3188571995738536,0.38075278710606764,0.2158206987757469,0.6426188097182084,-0.005380018642492055,0.004423791638016877,0.19456393178095044,0.33183911948987777,0.19604731547249574,0.340405630631526,0.9924335424437197,0.9748344023400685,0.0,0.95,0.961,16.379985758801517,exact,4,False,self_consistent_linear,0.9803655070326327,0.00975589192216476,0.0006167225019883749,-160.43438414682544,1000,False,0.1,0.014496241614285168,0.16178862724753038,0.06845739741129697
0.2,0.135,0.003,1000,20260815,0.39672684615940734,0.5053672915497989,1.0074713889647409,1.3817632044985013,0.6956715989396456,1.9926433924029259,-0.12688329478695687,0.196759307786364,0.8919627123465311,1.0396681626055189,0.5881419464174847,1.0212168918945739,1.5165772782908826,1.0180679254890836,0.025,0.928,0.952,16.37998575880151,exact,4,False,self_consistent_linear,0.21978975290217964,0.042218925563223715,0.010126676107086147,-176.70745257613876,1000,False,0.1,0.014496241614285168,0.16178862724753038,0.06845739741129697
0.2,0.15,0.0001,1000,20260816,0.01230068041630582,0.01475258645332432,0.029160368652648767,0.0341439458291225,0.022880025248457614,0.06818179313314755,-0.00036957981649161686,-0.0005982710107643535,0.0177753707603466,0.03431825036503286,0.01766961943304832,0.034126231691299164,1.005984923880165,1.005626717753975,0.0,0.952,0.943,15.164527583165933,exact,4,False,self_consistent_linear,0.9806988712054999,0.0009053035655963323,6.226363814686988e-05,-158.0576440721293,1000,False,0.1,0.014496241614285168,0.16178862724753038,0.06845739741129697
0.2,0.15,0.0003,1000,20260817,0.034681298592465576,0.04219559366739935,0.08487186901478092,0.10285894791246065,0.06766253033502201,0.19581896865459414,-0.0022378190449783802,-0.0036757011169405913,0.05213001462502798,0.10054612660288127,0.053008858299144895,0.1023786950738974,0.9834208148917803,0.9821000993449529,0.0,0.953,0.959,15.16452758316593,exact,4,False,self_consistent_linear,0.9829242897932816,0.0026553468957952126,0.00017165589270394088,-158.04499650874962,1000,False,0.1,0.014496241614285168,0.16178862724753038,0.06845739741129697
0.2,0.15,0.001,1000,20260818,0.11533391772871576,0.15064269606129088,0.2960551732579488,0.3533667020120004,0.2199750648490456,0.6773736247148994,-0.016661991166574346,-0.016418224907114583,0.1785725554624445,0.3381999350823537,0.17669619433048214,0.3412623169129897,1.0106191372093327,0.9910263112014891,0.0,0.943,0.943,15.164527583165933,exact,4,False,self_consistent_linear,0.9791340270424935,0.009069083570867734,0.0006395376093906711,-158.4630668691511,1000,False,0.1,0.014496241614285168,0.16178862724753038,0.06845739741129697
0.2,0.15,0.003,1000,20260819,0.3457243364475403,0.4293249657130207,0.8935437680818277,1.2008524274760881,0.6809013787522133,1.8099204345588673,-0.09814920308962496,0.04341888596919478,0.6637058396168086,0.9773120915417743,0.5300885829914499,1.0237869507389756,1.2520659016485813,0.9546049506065148,0.005,0.924,0.979,15.164527583165935,exact,4,False,self_consistent_linear,0.6450885451099784,0.03202907624901327,0.007313133164537662,-168.00019556408841,1000,False,0.1,0.014496241614285168,0.16178862724753038,0.06845739741129697
0.25,0.12,0.0001,1000,20260820,0.011265064088971308,0.013227794743960165,0.026541647104722677,0.03134595840739596,0.021560367557649923,0.0594645347717125,8.993683595032844e-05,0.0006021388127772933,0.016112053773240452,0.03120905853731814,0.01634340669219025,0.03153547292410423,0.9858442659289417,0.9896492946983333,0.0,0.954,0.958,12.016764367998958,exact,4,False,self_consistent_linear,0.971130488574009,0.0008200067366265913,6.913148589754129e-05,-158.13219457848632,1000,False,0.1,0.014496241614285168,0.16178862724753038,0.06845739741129697
0.25,0.12,0.0003,1000,20260821,0.033318147381377915,0.04223218768149403,0.08079842901185738,0.09509263544101888,0.06352171611907903,0.18079828576481574,0.0012889417255972316,0.002200994299330407,0.04972817744841533,0.09437857919341691,0.04903022007657072,0.09460641877231264,1.0142352486028945,0.9975917111983271,0.0,0.953,0.956,12.016764367998963,exact,4,False,self_consistent_linear,0.9718346980309462,0.002524050291359886,0.00020708792114029133,-158.52846910736707,1000,False,0.1,0.014496241614285168,0.16178862724753038,0.06845739741129697
0.25,0.12,0.001,1000,20260822,0.11211641646119742,0.12783050372370464,0.26384475539673485,0.3291754190550843,0.21611891419295176,0.6248379288232134,-0.0040675875015874,0.0014101410491678442,0.16364569068514354,0.3144797949923699,0.16343406692190246,0.3153547292410423,1.0012948571079872,0.9972255553269231,0.0,0.943,0.944,12.016764367998961,exact,4,False,self_consistent_linear,0.9704527273346497,0.008318813467762854,0.0007054430864413218,-158.30089872370309,1000,False,0.1,0.014496241614285168,0.16178862724753038,0.06845739741129697
0.25,0.12,0.003,1000,20260823,0.3301303688186863,0.40625117748048334,0.8206657589321736,0.9830399875319294,0.6071299335853285,1.8126189977634235,-0.059499764670008434,-0.03513878759136886,0.5545900673823192,0.9213046813487903,0.4903022007657074,0.946064187723127,1.131118862032871,0.973828936032422,0.002,0.943,0.956,12.016764367998956,exact,4,False,self_consistent_linear,0.8501072244977159,0.02739085418734155,0.004642403937424518,-162.85465737290326,1000,False,0.1,0.014496241614285168,0.16178862724753038,0.06845739741129697
0.25,0.135,0.0001,1000,20260824,0.009597182831445781,0.011636064142247472,0.02262501859122242,0.026779168947631146,0.02007840596511684,0.05930298295001905,0.0009499610853162685,0.00214429771486504,0.01388281163619096,0.030318475976010534,0.01454995307566149,0.03164038633512082,0.9541482068016771,0.9582207895596089,0.0,0.962,0.956,11.089010325172573,exact,4,False,self_consistent_linear,0.9672399936853783,0.0007193356305967235,7.020017953351529e-05,-155.66999171044756,1000,False,0.1,0.014496241614285168,0.16178862724753038,0.06845739741129697
0.25,0.135,0.0003,1000,20260825,0.027704271456139455,0.03610918818745066,0.07142620666504298,0.08637582611163294,0.0600162525817155,0.18246590387589715,2.3668223609973004e-05,0.0014494157578089585,0.042729749065441566,0.09207514938377422,0.043649859226984444,0.0949211590053624,0.978920661421651,0.9700171210359178,0.0,0.946,0.953,11.089010325172566,exact,4,False,self_consistent_linear,0.9699697548915048,0.0022099181262639237,0.00020463981982137483,-155.9221641150723,1000,False,0.1,0.014496241614285168,0.16178862724753038,0.06845739741129697
0.25,0.135,0.001,1000,20260826,0.0972557106300416,0.12147122883978087,0.24429722599718162,0.29994211281737,0.21301599776303165,0.6399512860356232,-0.0060864702626099824,-0.0076269564420779045,0.14764496750926923,0.32015898430668355,0.14549953075661476,0.3164038633512079,1.0147453173319387,1.011868126121164,0.0,0.938,0.942,11.089010325172575,exact,4,False,self_consistent_linear,0.9725670445856927,0.007646866396419531,0.0006795749498309223,-155.7471160241296,1000,False,0.1,0.014496241614285168,0.16178862724753038,0.06845739741129697
0.25,0.135,0.003,1000,20260827,0.2941424009762622,0.3510354403344665,0.7233047118024681,0.9067750318140482,0.6398709704617602,1.8473591069796533,-0.04023037497013275,-0.00369674715029581,0.4799049540544086,0.9339783707268419,0.4364985922698445,0.9492115900536242,1.0994421575539244,0.9839517137312643,0.001,0.941,0.952,11.089010325172572,exact,4,False,self_consistent_linear,0.8972744142734581,0.02422189627322854,0.003860758504848405,-159.16648146635032,1000,False,0.1,0.014496241614285168,0.16178862724753038,0.06845739741129697
0.25,0.15,0.0001,1000,20260828,0.008334406450932547,0.010750302990936239,0.021759652753206505,0.025775915699683453,0.01997383018437493,0.0612994907373654,0.0003471631112130694,0.0009799184113992747,0.013017746469237805,0.03158130864569756,0.013117970700516662,0.031759674454219476,0.992359776251451,0.9943838905282538,0.0,0.947,0.951,10.394999358056246,exact,4,False,self_consistent_linear,0.9735964793266209,0.0006885246807518065,6.44155702949484e-05,-153.1910820685416,1000,False,0.1,0.014496241614285168,0.16178862724753038,0.06845739741129697
0.25,0.15,0.0003,1000,20260829,0.02680471530402684,0.03233343662496902,0.06544275433988984,0.07839043856210083,0.06468313614195614,0.186613820853608,-0.001825779374451719,-0.004534988146556113,0.03941641819603814,0.09526172770378917,0.039353912101549836,0.09527902336265806,1.0015883070106728,0.9998184735919988,0.0,0.946,0.95,10.394999358056243,exact,4,False,self_consistent_linear,0.9738737350326104,0.0020832693343034274,0.00019343402732692965,-153.27640916502605,1000,False,0.1,0.014496241614285168,0.16178862724753038,0.06845739741129697
0.25,0.15,0.001,1000,20260830,0.08395558339546394,0.10608766823611664,0.21064363428016694,0.24826249522157356,0.20100462105109018,0.6124507108459821,0.0029358174886706828,0.010863887435929094,0.12683700863609132,0.306036241782932,0.1311797070051663,0.31759674454219394,0.9668950444529966,0.9636000590121726,0.0,0.96,0.957,10.394999358056245,exact,4,False,self_consistent_linear,0.9694948000730984,0.006696660859771399,0.000671443137194963,-153.37676076177496,1000,False,0.1,0.014496241614285168,0.16178862724753038,0.06845739741129697
0.25,0.15,0.003,1000,20260831,0.2535439153760126,0.32021219695754843,0.638257225305874,0.7447254882077183,0.6080124082957841,1.7976412446374705,0.0038095370986124637,0.07307578180063969,0.3814380139468123,0.9260131417252374,0.3935391210154992,0.9527902336265828,0.9692505613229483,0.9718961310094203,0.0,0.961,0.956,10.39499935805624,exact,4,False,self_consistent_linear,0.9684644863199928,0.020160464510989008,0.002062949855630426,-153.24726198009986,1000,False,0.1,0.014496241614285168,0.16178862724753038,0.06845739741129697
0.3,0.12,0.0001,1000,20260832,0.009692266920524054,0.012000969141627795,0.023092655012643147,0.02692558772571962,0.02036404291844429,0.05698090271259517,6.348958509271867e-05,0.0006517649466714375,0.014001988189729834,0.029758507877213597,0.013970176851154105,0.02968996139798406,1.0022770891818094,1.0023087426187827,0.0,0.955,0.955,8.833953538064184,exact,4,False,self_consistent_linear,0.95180437274677,0.0007206990086625605,8.380177782973986e-05,-156.49012234987913,1000,False,0.1,0.014496241614285168,0.16178862724753038,0.06845739741129697
0.3,0.12,0.0003,1000,20260833,0.028095764786567785,0.03305030679992127,0.06627110239000468,0.08014446640888621,0.061771866985653456,0.17076654078379433,-2.968030973348229e-05,0.0014747857797870675,0.04137535367073498,0.08839375761726136,0.04191053055346222,0.089069884193952,0.9872304913428726,0.9924090327184174,0.0,0.951,0.955,8.833953538064188,exact,4,False,self_consistent_linear,0.9559678905942367,0.0021326500899652863,0.00023784479552525425,-156.31561248299238,1000,False,0.1,0.014496241614285168,0.16178862724753038,0.06845739741129697
0.3,0.12,0.001,1000,20260834,0.08753892024422971,0.11628219740621681,0.2282799291078508,0.27371273851984607,0.18483743901758498,0.5829783287152565,-0.008575271166306433,-0.016114166151966286,0.13745689373331882,0.2909134555858171,0.139701768511541,0.29689961397984055,0.9839309494637015,0.9798377696966966,0.0,0.95,0.949,8.83395353806419,exact,4,False,self_consistent_linear,0.9525889876158488,0.007071124877089296,0.0008131509926284442,-156.56864863170048,1000,False,0.1,0.014496241614285168,0.16178862724753038,0.06845739741129697
0.3,0.12,0.003,1000,20260835,0.290784355234312,0.3597931246435513,0.7329454326522795,0.8735850623171897,0.6022718382328395,1.7960182865519356,-0.026004555097108785,-0.013977415685873594,0.4485317779813256,0.9240853652167242,0.41910530553462233,0.8906988419395202,1.0702125982613513,1.0374835148595276,0.0,0.936,0.941,8.833953538064193,exact,4,False,self_consistent_linear,0.9536882446879461,0.022981286041614327,0.0025638261396454727,-157.12361742258213,1000,False,0.1,0.014496241614285168,0.16178862724753038,0.06845739741129697
0.3,0.135,0.0001,1000,20260836,0.008559528616488954,0.010533207139939636,0.020068799727439426,0.024731659119573028,0.020526381772753566,0.059602802741345044,0.0001408348904403344,0.00018029444138862872,0.012530312537877798,0.03007942767492142,0.012438638769821783,0.029839754891807478,1.0073700804205705,1.008031995704487,0.0,0.949,0.945,8.197423220003582,exact,4,False,self_consistent_linear,0.9577032173725878,0.0006596243276846267,7.770451215659922e-05,-153.6649998949954,1000,False,0.1,0.014496241614285168,0.16178862724753038,0.06845739741129697
0.3,0.135,0.0003,1000,20260837,0.024684773665430707,0.029738092817490798,0.061833387391575054,0.07219934916040026,0.0601774059150767,0.1686155232822081,-0.004286992660512812,-0.011240765050809839,0.03664814204725705,0.08741863002833428,0.037315916309465326,0.08951926467542239,0.9821048408226037,0.9765342727657051,0.0,0.952,0.959,8.197423220003582,exact,4,False,self_consistent_linear,0.9508127668603741,0.0019247047326148815,0.00024367454962205242,-153.91340991890803,1000,False,0.1,0.014496241614285168,0.16178862724753038,0.06845739741129697
0.3,0.135,0.001,1000,20260838,0.08603550748394977,0.10139862869557217,0.203890938703469,0.25086571888531944,0.20124556610229133,0.6165354999435348,-0.0034011636820022203,-0.006551678016810744,0.12768681744731372,0.30484130977098933,0.12438638769821757,0.2983975489180742,1.0265336891774972,1.021594550210881,0.0,0.944,0.94,8.19742322000358,exact,4,False,self_consistent_linear,0.9570530981555517,0.006713808265051162,0.0007943328217883736,-153.8025163488916,1000,False,0.1,0.014496241614285168,0.16178862724753038,0.06845739741129697
0.3,0.135,0.003,1000,20260839,0.2583728795997293,0.31895940093369984,0.6281927562686871,0.7030011674817831,0.6143248623373454,1.6811814812659824,-0.013243455148241112,0.02618223714555171,0.37500016359971056,0.8929425402241191,0.3731591630946537,0.8951926467542248,1.0049335529906038,0.997486455526345,0.0,0.959,0.959,8.197423220003586,exact,4,False,self_consistent_linear,0.949073628065704,0.019682272134576406,0.0025330838526832575,-153.97970340038296,1000,False,0.1,0.014496241614285168,0.16178862724753038,0.06845739741129697
0.3,0.15,0.0001,1000,20260840,0.007311737078818542,0.00955384636601435,0.01909084075619133,0.022597727435510886,0.01983646250263149,0.059841439335667344,-0.0003252639462714155,-0.0010029025318245926,0.011289360729109925,0.030185171326342672,0.011216152618351008,0.030011600697126807,1.006527025197494,1.0057834512383235,0.0,0.946,0.943,7.731723167635485,exact,4,False,self_consistent_linear,0.9540024058696837,0.0006078259919734219,7.943248877247648e-05,-151.10212548558215,1000,False,0.1,0.014496241614285168,0.16178862724753038,0.06845739741129697
0.3,0.15,0.0003,1000,20260841,0.02183377190781289,0.027442249096560394,0.05812850674236321,0.0688105432198233,0.06039304400169282,0.18484482257214427,0.0012387698413035089,0.003417177864179708,0.03435903404339377,0.09268129833207184,0.03364845785505306,0.09003480209138057,1.0211176450166495,1.029394147365429,0.0,0.939,0.942,7.7317231676354865,exact,4,False,self_consistent_linear,0.9582271801568006,0.0018552069481016622,0.0002320082684758685,-150.8239335934797,1000,False,0.1,0.014496241614285168,0.16178862724753038,0.06845739741129697
0.3,0.15,0.001,1000,20260842,0.07993671439211111,0.09021201252713923,0.18124759890088035,0.22366356353811936,0.2099220095973603,0.5924105470696438,-0.0004288051370939867,0.0021523967472682837,0.11394621450886099,0.3007506808660095,0.11216152618351026,0.3001160069712686,1.01591176926775,1.0021147618920627,0.0,0.946,0.946,7.731723167635483,exact,4,False,self_consistent_linear,0.9527995387206327,0.006115279978589365,0.000804037798215293,-151.44180909213455,1000,False,0.1,0.014496241614285168,0.16178862724753038,0.06845739741129697
0.3,0.15,0.003,1000,20260843,0.2188972250603165,0.2642655077432815,0.5426957884907111,0.6709933334956778,0.576612683974792,1.7674726264799392,-0.024534430325154823,-0.015256819561173628,0.3344001924214213,0.8840390970471179,0.33648457855053043,0.9003480209138048,0.9938054036886682,0.9818859779908948,0.0,0.947,0.948,7.7317231676354785,exact,4,False,self_consistent_linear,0.9512578440151284,0.017948194377545943,0.0024005527957325352,-151.42288247778527,1000,False,0.1,0.014496241614285168,0.16178862724753038,0.06845739741129697
0.35,0.12,0.0001,1000,20260844,0.008636732241612535,0.010489041241780987,0.020875101925089908,0.02552208921023536,0.019366858826250916,0.05623235855236635,0.0005969730487885203,0.0015604490657228811,0.012821530907264005,0.0289615537918685,0.012912736536024053,0.029310332802508086,0.9929367699475937,0.9881004759314864,0.0,0.945,0.954,6.882374863142965,exact,4,False,self_consistent_linear,0.9252357133958163,0.0006640627374054692,0.0001002596117514609,-155.54964978705658,1000,False,0.1,0.014496241614285168,0.16178862724753038,0.06845739741129697
0.35,0.12,0.0003,1000,20260845,0.027013462519751764,0.03497336991652341,0.06563562675101411,0.07861760582164161,0.060250067439242966,0.17425536140796247,-0.0007205783536606772,-0.001222336455913128,0.040216996930458014,0.09010938995844826,0.038738209608072144,0.08793099840752423,1.038173868574394,1.0247738748606956,0.0,0.942,0.948,6.882374863142966,exact,4,False,self_consistent_linear,0.9330242919026407,0.0020824845607611076,0.00029590993504785036,-155.61321588141243,1000,False,0.1,0.014496241614285168,0.16178862724753038,0.06845739741129697
0.35,0.12,0.001,1000,20260846,0.09020784411034818,0.10765364907313296,0.21098664647225174,0.2518341705132243,0.19878797184625374,0.5509487296966089,0.0011225685898180115,0.008500961857341092,0.1308889797742665,0.2955697835928574,0.1291273653602406,0.293103328025081,1.0136424561061192,1.008414969507154,0.0,0.953,0.957,6.882374863142967,exact,4,False,self_consistent_linear,0.924308352761254,0.006777827888276509,0.001029480742728266,-155.5703867245372,1000,False,0.1,0.014496241614285168,0.16178862724753038,0.06845739741129697
0.35,0.12,0.003,1000,20260847,0.276833316267585,0.336819507140114,0.6373234166250443,0.7742687255649224,0.6179179435462867,1.783417128051874,-0.006917776625736778,0.01006166479189222,0.3974075679316634,0.9004939902058586,0.38738209608072194,0.8793099840752435,1.025880059900477,1.0240916246992169,0.0,0.948,0.938,6.882374863142967,exact,4,False,self_consistent_linear,0.931774694766372,0.020614238074779228,0.002978413428060936,-155.37884419460138,1000,False,0.1,0.014496241614285168,0.16178862724753038,0.06845739741129697
0.35,0.135,0.0001,1000,20260848,0.007947365680567272,0.010185677820580892,0.019786730759889504,0.023788055850148843,0.01982363212239685,0.060276890828401354,-0.00033689615415279664,-0.0008946093084302859,0.011992660968946042,0.0304089610557049,0.011492915027888096,0.029530593490480646,1.0434829579654326,1.0297443248307014,0.0,0.93,0.931,6.405822270123968,exact,4,False,self_consistent_linear,0.9363012640937078,0.0006361087599466673,9.515288720644588e-05,-152.664054648,1000,False,0.1,0.014496241614285168,0.16178862724753038,0.06845739741129697
0.35,0.135,0.0003,1000,20260849,0.02300267169373759,0.029125470512150423,0.058625867926587076,0.06986493767971681,0.06282226494140897,0.18790157895865783,-0.0023150732499690983,-0.006182794919232623,0.03514667575946268,0.09219323957425206,0.034478745083664226,0.08859178047144178,1.019372244383538,1.0406522939672853,0.0,0.946,0.941,6.405822270123968,exact,4,False,self_consistent_linear,0.9339630672475959,0.001877200245785442,0.0002915241915722329,-151.85898314456068,1000,False,0.1,0.014496241614285168,0.16178862724753038,0.06845739741129697
0.35,0.135,0.001,1000,20260850,0.07720318628991128,0.09282391980459868,0.17909489911664214,0.21544330684894278,0.1936257011933895,0.5670004735222305,-0.00383282766398561,-0.008048554517528497,0.11163194007462768,0.2883117791807729,0.11492915027888079,0.29530593490480606,0.9713109320285386,0.9763155599081076,0.0,0.956,0.956,6.405822270123968,exact,4,False,self_consistent_linear,0.9303729421841569,0.005938235052162948,0.0009390472469203028,-152.296732441181,1000,False,0.1,0.014496241614285168,0.16178862724753038,0.06845739741129697
0.35,0.135,0.003,1000,20260851,0.2117528611139564,0.2733249622190015,0.5456335783901441,0.6630656972676494,0.5515291526688421,1.6975293329556154,-0.00968053619976011,0.019647001034255596,0.33131408432634035,0.8537098508811852,0.3447874508366428,0.8859178047144192,0.960922688811299,0.9636445348972116,0.0,0.957,0.953,6.405822270123969,exact,4,False,self_consistent_linear,0.9313973514083688,0.01761858844349089,0.002761656594790749,-152.3392235410678,1000,False,0.1,0.014496241614285168,0.16178862724753038,0.06845739741129697
0.35,0.15,0.0001,1000,20260852,0.006913647125685261,0.009107680161260703,0.017597814752422634,0.020528005398389396,0.018461637539866904,0.05904394811630894,-8.890482016420787e-05,-0.0007295189624010545,0.010613131697553888,0.03018547194463586,0.010359169264597902,0.02978544223714526,1.0245157141918602,1.0134303766351915,0.0,0.947,0.948,6.064358119442351,exact,4,False,self_consistent_linear,0.9353879235447771,0.0005780183618596626,9.262433183137901e-05,-149.7657052162166,1000,False,0.1,0.014496241614285168,0.16178862724753038,0.06845739741129697
0.35,0.15,0.0003,1000,20260853,0.02012570238984113,0.02399628358646918,0.048997997843910346,0.05757394683701627,0.05565116284932253,0.16758767576629,0.0014825247076703015,0.0043204614378015834,0.02988742031752658,0.08545889081011597,0.0310775077937937,0.08935632671143577,0.9617058264721992,0.9563832126413829,0.0,0.957,0.956,6.06435811944235,exact,4,False,self_consistent_linear,0.9219359253109352,0.0016256116261288932,0.00028761284862462025,-149.80324442415207,1000,False,0.1,0.014496241614285168,0.16178862724753038,0.06845739741129697
0.35,0.15,0.001,1000,20260854,0.06924158972199908,0.09047883500219195,0.16797919072294568,0.20127447621057828,0.1989638124435658,0.5985034672189364,0.005707816507276849,0.01904311851909123,0.1047441235780879,0.3057928480676382,0.10359169264597899,0.29785442237145254,1.0111247427537196,1.0266520323350636,0.0,0.954,0.943,6.06435811944235,exact,4,False,self_consistent_linear,0.930716301301719,0.005737897668673402,0.0009648577575734019,-149.13504272145434,1000,False,0.1,0.014496241614285168,0.16178862724753038,0.06845739741129697
0.35,0.15,0.003,1000,20260855,0.21038640890955454,0.2424661451642252,0.5258166963419212,0.6079102375565363,0.5886233306961364,1.747981542358761,-0.02099610742684103,-0.043532116022050274,0.3085496024851617,0.885472688821998,0.31077507793793707,0.8935632671143579,0.9928389513485383,0.9909457129784583,0.0,0.951,0.951,6.064358119442352,exact,4,False,self_consistent_linear,0.9353902332611703,0.016842944857288867,0.00271081469165363,-149.52969446333188,1000,False,0.1,0.014496241614285168,0.16178862724753038,0.06845739741129697
0.4,0.12,0.0001,1000,20260856,0.008307430333914175,0.00987492518369474,0.020034599107570345,0.024343077312748113,0.020041686954078847,0.06003661757878697,0.00016582763011093428,0.0004819413287025092,0.012263791204758262,0.029978143211599067,0.012255078701188905,0.030189490921752465,1.0007109300382142,0.9929992953275963,0.0,0.946,0.948,5.478439317256466,exact,4,False,self_consistent_linear,0.8983773923678794,0.0006415817764970822,0.00011894556093732755,-154.121373551633,1000,False,0.1,0.014496241614285168,0.16178862724753038,0.06845739741129697
0.4,0.12,0.0003,1000,20260857,0.02659581280630436,0.031986767984880135,0.06078935616748858,0.0766636725185333,0.0649555204244201,0.18456192217543022,0.0011548841919730918,0.0025102413179402044,0.03831969256360549,0.09386339568468273,0.036765236103566704,0.09056847276525738,1.042280605941437,1.0363804624150545,0.0,0.935,0.941,5.478439317256468,exact,4,False,self_consistent_linear,0.9116368430042956,0.002009914263047927,0.0003475868919284786,-153.8681831185138,1000,False,0.1,0.014496241614285168,0.16178862724753038,0.06845739741129697
0.4,0.12,0.001,1000,20260858,0.08283413241617722,0.10589256955830273,0.20394955942780305,0.24055804142667983,0.20766341894533358,0.6318915947642184,-0.002001353692670753,0.0025902830895059834,0.12470794258243424,0.3112034054566299,0.12255078701188901,0.30189490921752454,1.0176021355973501,1.0308335647766698,0.0,0.949,0.934,5.478439317256467,exact,4,False,self_consistent_linear,0.9038938390782116,0.006556451782835428,0.0011966052361230127,-153.53529681542284,1000,False,0.1,0.014496241614285168,0.16178862724753038,0.06845739741129697
0.4,0.12,0.003,1000,20260859,0.25172277198440784,0.29920512558381535,0.6009763491992189,0.722133693317749,0.5956463885641812,1.7937165211117188,-0.026403017630072818,-0.0027876279959465613,0.36805161201989806,0.9092233558176918,0.36765236103566695,0.9056847276525736,1.0010859470155622,1.003907130215489,0.0,0.949,0.949,5.47843931725647,exact,4,False,self_consistent_linear,0.8958933524892547,0.019285711233197802,0.0036431257906366383,-153.9044986609633,1000,False,0.1,0.014496241614285168,0.16178862724753038,0.06845739741129697
0.4,0.135,0.0001,1000,20260860,0.007345865132234586,0.009314423881771523,0.0185858678802578,0.02154212387901319,0.02041643236111168,0.06217838084568729,-9.627070341168914e-06,7.716790555214736e-05,0.01117668666789693,0.031071699223473016,0.0108910802020124,0.03051340831487753,1.0262238878593286,1.0182965764700653,0.0,0.946,0.936,5.115182236293534,exact,4,False,self_consistent_linear,0.9017135698298561,0.0006013456502366414,0.00011799336217185698,-150.8253606383485,1000,False,0.1,0.014496241614285168,0.16178862724753038,0.06845739741129697
0.4,0.135,0.0003,1000,20260861,0.022207287274783088,0.028063881926005348,0.05450574536605808,0.06710114675029819,0.06176637268016372,0.1907158678574565,-0.0001999063583429461,0.00035399398464246157,0.033552544934485666,0.09336822303464948,0.03267324060603715,0.09154022494463246,1.0269120635767621,1.019969342342371,0.0,0.936,0.939,5.115182236293531,exact,4,False,self_consistent_linear,0.9054385938787052,0.0018069645968730075,0.00034778727881213284,-150.7471180160104,1000,False,0.1,0.014496241614285168,0.16178862724753038,0.06845739741129697
0.4,0.135,0.001,1000,20260862,0.06808522306671527,0.08642151869998327,0.1718320738612993,0.21019419897030622,0.20370958243335346,0.5605233489895154,-0.0014573131453628695,-0.0031044588647804686,0.10407557463381023,0.2930316337635559,0.10891080202012393,0.30513408314877516,0.955603784963219,0.9603372744849403,0.0,0.956,0.96,5.115182236293531,exact,4,False,self_consistent_linear,0.883868616585798,0.005597123267436643,0.0012044336882877306,-150.74346107858528,1000,False,0.1,0.014496241614285168,0.16178862724753038,0.06845739741129697
0.4,0.135,0.003,1000,20260863,0.21899942510817044,0.2610792877246268,0.5217006748895754,0.6259002901165132,0.6413425334358749,1.7297048835963262,-0.00021142413050518626,0.05860368456191023,0.3194075099671117,0.8917290311956314,0.3267324060603722,0.9154022494463263,0.9775813602893524,0.9741389992596005,0.0,0.957,0.961,5.115182236293533,exact,4,False,self_consistent_linear,0.8835908443824568,0.017142156783487156,0.0036769164164564975,-150.97383745180815,1000,False,0.1,0.014496241614285168,0.16178862724753038,0.06845739741129697
0.4,0.15,0.0001,1000,20260864,0.006622035540457852,0.008774584065307647,0.016640224372267125,0.019050632107157215,0.02148386078808795,0.062380249618818176,-0.0002907259742255303,-0.0007608562987604205,0.009895720777189167,0.0316181075773856,0.00979957763816138,0.030891520304487847,1.0098109472242343,1.0235206058405675,0.0,0.952,0.938,4.862883724746036,exact,4,False,self_consistent_linear,0.9013102012130363,0.0005524827284482042,0.00011593419667321027,-147.00565940096246,1000,False,0.1,0.014496241614285168,0.16178862724753038,0.06845739741129697
0.4,0.15,0.0003,1000,20260865,0.020396334861929148,0.023081780669362922,0.04794908987119503,0.058872099706345715,0.06306073827867936,0.1915114528466001,0.0002556873222136278,0.0009516404306866841,0.02917787013012849,0.09300548929567506,0.02939873291448414,0.09267456091346354,0.9924873366141969,1.0035708653912105,0.0,0.946,0.941,4.862883724746039,exact,4,False,self_consistent_linear,0.9022858166981916,0.0016282178264727626,0.00033958671228079816,-147.06206045485285,1000,False,0.1,0.014496241614285168,0.16178862724753038,0.06845739741129697
0.4,0.15,0.001,1000,20260866,0.0626598304349087,0.08206294509223526,0.1640582665347805,0.19775108331851773,0.19598287188976743,0.6292787010347882,-0.008492186134175076,-0.016381207938723073,0.09829415905270704,0.3097668183614797,0.09799577638161386,0.30891520304487863,1.003044852361098,1.0027567931529655,0.0,0.945,0.944,4.86288372474604,exact,4,False,self_consistent_linear,0.9082908215983393,0.005474018303375235,0.0010996877318448475,-147.31392192388793,1000,False,0.1,0.014496241614285168,0.16178862724753038,0.06845739741129697
0.4,0.15,0.003,1000,20260867,0.2063786892909526,0.24318272229118093,0.4714194448275934,0.5666096335808971,0.6669119623793227,1.7889229189071256,-0.009440047559573927,0.007769036699805504,0.2952712542772225,0.9542756120588217,0.29398732914484144,0.9267456091346357,1.0043672805087067,1.029706105594493,0.0,0.951,0.956,4.862883724746037,exact,4,False,self_consistent_linear,0.9030619677984573,0.016548072829819585,0.003456252570395459,-146.65778920902474,1000,False,0.1,0.014496241614285168,0.16178862724753038,0.06845739741129697
0.44999999999999996,0.12,0.0001,1000,20260868,0.007751548130140548,0.010288121844131241,0.019700590630483097,0.02311438937865339,0.022495522954370933,0.06326107412147938,-2.658600057107377e-05,0.0007925619495072339,0.011916020995017484,0.03234978615160384,0.011488237437928827,0.03194863669253517,1.0372366570067846,1.0125560743930708,0.0,0.945,0.947,4.307249673257177,exact,4,False,self_consistent_linear,0.876333455361761,0.0006345479702527979,0.00013829410737584442,-151.82105121092988,1000,False,0.1,0.014496241614285168,0.16178862724753038,0.06845739741129697
0.44999999999999996,0.12,0.0003,1000,20260869,0.023984309721274424,0.03007412194137999,0.05945689312243029,0.06922623397648013,0.06720909958022395,0.1947221629453894,0.0008812330601562128,0.0030031901604785642,0.03559644551564774,0.09885666952304435,0.03446471231378647,0.09584591007760547,1.0328374480993,1.031412497862466,0.0,0.941,0.943,4.3072496732571794,exact,4,False,self_consistent_linear,0.8776598784080528,0.0019058680727249606,0.00041821251760079984,-151.20119935780102,1000,False,0.1,0.014496241614285168,0.16178862724753038,0.06845739741129697
0.44999999999999996,0.12,0.001,1000,20260870,0.07733105654807854,0.09326074803575059,0.1869986410684862,0.22047099013600838,0.21016973569932193,0.6311874440643657,-0.000670138354625001,0.005408248343379942,0.11332989794781842,0.31830454067975467,0.11488237437928822,0.31948636692535154,0.9864863827905902,0.9963008554732071,0.0,0.955,0.949,4.307249673257181,exact,4,False,self_consistent_linear,0.8461709496661236,0.006046430330270706,0.0015025459114844715,-151.3720975241553,1000,False,0.1,0.014496241614285168,0.16178862724753038,0.06845739741129697
0.44999999999999996,0.12,0.003,1000,20260871,0.23251773443776752,0.26189386771285944,0.5714163880892874,0.713340982975515,0.6628243500618427,1.898954694833605,-0.01797682889611241,0.027575529965037347,0.3515158961469908,0.9752869051017323,0.34464712313786466,0.9584591007760548,1.0199298718834178,1.0175571438698348,0.0,0.939,0.947,4.307249673257179,exact,4,False,self_consistent_linear,0.8687493035842421,0.018784010444059838,0.004271689804407307,-151.3591110300629,1000,False,0.1,0.014496241614285168,0.16178862724753038,0.06845739741129697
0.44999999999999996,0.135,0.0001,1000,20260872,0.006860664497211854,0.008307803065898477,0.016086485334209925,0.018930243109704478,0.020909573950021743,0.06070520051150232,3.803907886310626e-05,0.0003364115562872693,0.009942460953851175,0.03133912443722833,0.010170562475671939,0.032411475760854645,0.9775723788761551,0.9669144554990781,0.0,0.963,0.961,4.041967143818942,exact,4,False,self_consistent_linear,0.8607609995978031,0.000547981224299443,0.00013678080554991833,-147.9016178944843,1000,False,0.1,0.014496241614285168,0.16178862724753038,0.06845739741129697
0.44999999999999996,0.135,0.0003,1000,20260873,0.01877594435006312,0.02453286411375947,0.04847593871472768,0.05978079155560983,0.06094994307391799,0.1938146748455241,0.001794768019731111,0.00776828929713808,0.029544042671268707,0.09421544658957796,0.030511687427015818,0.0972344272825639,0.9682860950230392,0.9689515249139817,0.0,0.95,0.947,4.041967143818942,exact,4,False,self_consistent_linear,0.8528229141910053,0.001630849594146083,0.00042121081729610464,-147.66237145041836,1000,False,0.1,0.014496241614285168,0.16178862724753038,0.06845739741129697
0.44999999999999996,0.135,0.001,1000,20260874,0.06817276673626113,0.07747360620760868,0.1577631503169896,0.18907639879046714,0.20598571825111017,0.6302427824626795,0.0019591070437136805,0.007631055852414088,0.09678452238994911,0.3161884079768265,0.10170562475671942,0.3241147576085464,0.9516142555680512,0.9755446197815743,0.0,0.961,0.95,4.04196714381894,exact,4,False,self_consistent_linear,0.8518519029293821,0.00537915497409331,0.0014082290532809532,-146.95457930299924,1000,False,0.1,0.014496241614285168,0.16178862724753038,0.06845739741129697
0.44999999999999996,0.135,0.003,1000,20260875,0.20100351926513893,0.25309780664741444,0.4749217474382655,0.576122392211001,0.6296852984122678,1.9376073135746186,-0.020189843829097418,0.008928222057473626,0.29235672131646984,0.9544433139300861,0.30511687427015827,0.9723442728256393,0.9581794583331033,0.981589896299247,0.0,0.96,0.946,4.041967143818939,exact,4,False,self_consistent_linear,0.8534827927004568,0.016251478239836442,0.004228567660472026,-146.9552185092569,1000,False,0.1,0.014496241614285168,0.16178862724753038,0.06845739741129697
0.44999999999999996,0.15,0.0001,1000,20260876,0.0059349392694035726,0.007288984399845139,0.014491564246528275,0.01683975347636859,0.021241218618506252,0.06315002953123566,-0.0005670806272094967,-0.00235384011389102,0.008834171579254603,0.03173070185397044,0.009110064775272774,0.03295670667094261,0.9697155615438628,0.9627995348803128,0.0,0.959,0.958,3.86922494598196,exact,4,False,self_consistent_linear,0.8682444667879564,0.0005081912198672369,0.00012933139780580498,-143.87288839913174,1000,False,0.1,0.014496241614285168,0.16178862724753038,0.06845739741129697
0.44999999999999996,0.15,0.0003,1000,20260877,0.01952188610119414,0.0234703069558015,0.04717918594559636,0.05406013265331661,0.06997825766973803,0.1979665338617074,-0.0008534808543351524,-0.004301827493599583,0.028515301441314356,0.10150895926913815,0.02733019432581832,0.09887012001282781,1.043362557227648,1.026689957046355,0.0,0.945,0.947,3.8692249459819594,exact,4,False,self_consistent_linear,0.8710355813883046,0.0016364063974971675,0.0004106307663854901,-144.12303503486496,1000,False,0.1,0.014496241614285168,0.16178862724753038,0.06845739741129697
0.44999999999999996,0.15,0.001,1000,20260878,0.0643034655584111,0.07556370987386465,0.14587804837986265,0.17322770643069077,0.220981477469763,0.6251661101381499,0.0003513324241714524,0.003331161045983759,0.08910728357877074,0.32447320235433846,0.09110064775272772,0.32956706670942604,0.9781190998842563,0.9845437700861694,0.0,0.958,0.957,3.8692249459819603,exact,4,False,self_consistent_linear,0.8472629649245469,0.005124008580744449,0.0014164559314723036,-143.64277592765566,1000,False,0.1,0.014496241614285168,0.16178862724753038,0.06845739741129697
0.44999999999999996,0.15,0.003,1000,20260879,0.18882762273065753,0.21603497227411178,0.44036177855582154,0.5217650738008439,0.6471869659303839,1.9616119789379083,-0.015822650043077095,-0.00776779972382904,0.26884454935095703,0.9758440242999343,0.2733019432581834,0.9887012001282789,0.9836905883138358,0.9869958933733707,0.0,0.954,0.945,3.8692249459819608,exact,4,False,self_consistent_linear,0.8577487870363765,0.015482412531563681,0.004116696277717303,-143.64398840867324,1000,False,0.1,0.014496241614285168,0.16178862724753038,0.06845739741129697
0.5,0.12,0.0001,1000,20260880,0.0068876827393790346,0.008583972943244847,0.017058322138563693,0.021073428809407397,0.024217718878329075,0.06650461046291507,0.00021652146117845774,0.0004811785553272996,0.010343588350590504,0.034185490806731916,0.010323576115328137,0.034208580242351384,1.0019384983496806,0.9993250396404676,0.0,0.94,0.951,3.2535614414044716,exact,4,False,self_consistent_linear,0.8032917554207459,0.0005704147846325694,0.00017448210455865755,-147.22677660587726,1000,False,0.1,0.014496241614285168,0.16178862724753038,0.06845739741129697
0.5,0.12,0.0003,1000,20260881,0.019901006416482403,0.0245256882124852,0.04843620385341781,0.0595094367734856,0.060075283169725574,0.20095130669865052,2.0050505919331107e-05,0.0038687134547373517,0.02962286307373665,0.09790988428596856,0.030970728345984397,0.1026257407270541,0.9564793808789289,0.9540480155594885,0.0,0.956,0.95,3.2535614414044693,exact,4,False,self_consistent_linear,0.7744462431397254,0.0016226167154650866,0.0005344147244793985,-147.62413940263767,1000,False,0.1,0.014496241614285168,0.16178862724753038,0.06845739741129697
0.5,0.12,0.001,1000,20260882,0.063132043738861,0.08539645458640083,0.16886671872630538,0.20556824332149234,0.2231690360299278,0.6838288363152273,0.006153962374324022,0.022636149086599656,0.10061994090952366,0.33951789152516276,0.10323576115328131,0.34208580242351366,0.9746616849187194,0.9924933718962947,0.0,0.949,0.946,3.2535614414044702,exact,4,False,self_consistent_linear,0.7921201784301534,0.005568434279079267,0.001769651277903229,-146.71549214645142,1000,False,0.1,0.014496241614285168,0.16178862724753038,0.06845739741129697
0.5,0.12,0.003,1000,20260883,0.20615556375745142,0.2505786197573563,0.5123670143277552,0.6122360500192556,0.7197768673069433,1.977134970277139,-0.012761305023564862,0.012854734950024252,0.31264450829952917,1.0171646075518428,0.30970728345984405,1.0262574072705413,1.0094838739563126,0.9911398449801382,0.0,0.949,0.954,3.2535614414044716,exact,4,False,self_consistent_linear,0.8015096912207649,0.017156050656231114,0.0052383802067163384,-147.7437050391481,1000,False,0.1,0.014496241614285168,0.16178862724753038,0.06845739741129697
0.5,0.135,0.0001,1000,20260884,0.0061978034443136735,0.007682817311228762,0.014863551139878192,0.01800185831032674,0.023872646474611126,0.0657946192454481,0.00012174361894654998,0.0004663924763039645,0.009240960115369248,0.034914945255839616,0.009066957797501095,0.03483584822832883,1.0191908159003573,1.002270564132452,0.0,0.946,0.958,3.0832950437109443,exact,4,False,self_consistent_linear,0.797809561706218,0.0005317299655390643,0.0001728915676171811,-142.8967971705443,1000,False,0.1,0.014496241614285168,0.16178862724753038,0.06845739741129697
0.5,0.135,0.0003,1000,20260885,0.017712900469985145,0.02207115064049182,0.04508846954303615,0.05066382958331715,0.06927334802911411,0.2023109480537444,0.0007230440114130449,0.0010818444438508658,0.026430396830312907,0.10457691878753862,0.027200873392503287,0.10450754468498645,0.9716745653320554,1.0006638190836967,0.0,0.956,0.954,3.083295043710947,exact,4,False,self_consistent_linear,0.8027275936881691,0.0015495487893361817,0.0005027091978167125,-141.2712541584441,1000,False,0.1,0.014496241614285168,0.16178862724753038,0.06845739741129697
0.5,0.135,0.001,1000,20260886,0.05990556238752111,0.07884297494527225,0.15173714126394736,0.19480072343753435,0.22695223588348884,0.6833520953438055,-0.0008708746248775168,0.006787039134719771,0.0926488389828708,0.3531993980556845,0.09066957797501096,0.34835848228328825,1.021829383703598,1.0138963625649844,0.0,0.936,0.949,3.0832950437109465,exact,4,False,self_consistent_linear,0.8136461737350684,0.00537063961034677,0.0016740317910134339,-142.45010772117658,1000,False,0.1,0.014496241614285168,0.16178862724753038,0.06845739741129697
0.5,0.135,0.003,1000,20260887,0.1853200612174317,0.22262970982777475,0.44411460591177665,0.5399511585028136,0.7102090789134943,2.0850164063347156,-0.012524908862838977,0.025921636140254948,0.2771889691974709,1.0501314148552348,0.2720087339250328,1.0450754468498646,1.019044371104149,1.004837897608838,0.0,0.946,0.944,3.0832950437109465,exact,4,False,self_consistent_linear,0.8012611547268533,0.01597964833715586,0.00515070214065968,-142.77265646343457,1000,False,0.1,0.014496241614285168,0.16178862724753038,0.06845739741129697
0.5,0.15,0.0001,1000,20260888,0.005267809931813652,0.006598795076137021,0.013346533166634927,0.015512850262006035,0.02475778130390932,0.06740848962140605,-0.00016069170001570677,-0.0017629386710653172,0.007901820391820923,0.035966945711472464,0.00804415849445327,0.03558125236000623,0.9823054079888539,1.0108397913475287,0.0,0.954,0.954,2.9921549258777196,exact,4,False,self_consistent_linear,0.7842117731607176,0.0004897515899506493,0.0001701673630405733,-136.3710211499963,1000,False,0.1,0.014496241614285168,0.16178862724753038,0.06845739741129697
0.5,0.15,0.0003,1000,20260889,0.01593258802108671,0.02053082190261233,0.04162061461519745,0.04886146386256619,0.0766259049840956,0.21320864103728907,0.00016797789453119194,0.004138654577567859,0.024605445992975376,0.10928406984111233,0.024132475483359797,0.10674375708001865,1.01959892220513,1.023798232614104,0.0,0.941,0.945,2.992154925877719,exact,4,False,self_consistent_linear,0.7905604864325659,0.0015102862624297923,0.0005152725115164152,-137.24626005008824,1000,False,0.1,0.014496241614285168,0.16178862724753038,0.06845739741129697
0.5,0.15,0.001,1000,20260890,0.053519320793260695,0.06383497337914848,0.1328102947790815,0.15309732727242997,0.24094262900419688,0.7072121220437151,-0.006206418219810432,-0.02077278614129882,0.07971022971955244,0.35445659265077034,0.0804415849445327,0.3558125236000624,0.9909082444672795,0.9961891983576832,0.0,0.952,0.947,2.9921549258777214,exact,4,False,self_consistent_linear,0.7962953570558169,0.004903139016479781,0.001647314747771785,-137.18696774964678,1000,False,0.1,0.014496241614285168,0.16178862724753038,0.06845739741129697
0.5,0.15,0.003,1000,20260891,0.17000856218186616,0.21811864636354708,0.4378575462197426,0.5155112583935034,0.7398749516149674,2.1444799039967255,-0.00769863308981488,0.0069747079598453075,0.260259076541184,1.1106016362638353,0.24132475483359808,1.0674375708001869,1.0784599231050367,1.0404370865748067,0.0,0.926,0.943,2.992154925877719,exact,4,False,self_consistent_linear,0.803596248233529,0.015746981889203468,0.00516292425401411,-138.62587744577206,1000,False,0.1,0.014496241614285168,0.16178862724753038,0.06845739741129697
0.55,0.12,0.0001,1000,20260892,0.006343872854782724,0.006711866346133586,0.01475477309918463,0.0174734316109718,0.024865745281819895,0.07212807216808009,0.00021479241390247702,-0.0006406923384941199,0.00895051582295446,0.03686212282789977,0.008703990016409846,0.03654726333719785,1.0283233098934896,1.0086151318033558,0.0,0.943,0.946,2.3204891707631643,exact,4,False,self_consistent_linear,0.6811051406764667,0.0005155202337299672,0.0002214563944320207,-140.72763180706696,1000,False,0.1,0.014496241614285168,0.16178862724753038,0.06845739741129697
0.55,0.12,0.0003,1000,20260893,0.019149530196210948,0.022274278834463083,0.0453150868379921,0.05362688189911904,0.07654321685464788,0.2155077016346469,0.0007085270495048701,0.005514267410984852,0.027417218759541218,0.1108475320210295,0.026111970049229532,0.10964179001159355,1.049986604145565,1.010997102558326,0.0,0.935,0.947,2.3204891707631634,exact,4,False,self_consistent_linear,0.703700137548912,0.0015777345422663726,0.0006467882659373467,-141.27719453545097,1000,False,0.1,0.014496241614285168,0.16178862724753038,0.06845739741129697
0.55,0.12,0.001,1000,20260894,0.05848500335320281,0.07419336291401303,0.1447663587452938,0.177280353346498,0.2478963451605011,0.7736456860269674,-0.005078136880266974,0.0015168194244721204,0.08977899797266735,0.3839123628752365,0.08703990016409846,0.36547263337197844,1.0314694502567765,1.0504544740686237,0.0,0.946,0.933,2.3204891707631634,exact,4,False,self_consistent_linear,0.706045138805153,0.005290199780492634,0.0021804930017089055,-139.03711241438396,1000,False,0.1,0.014496241614285168,0.16178862724753038,0.06845739741129697
0.55,0.12,0.003,1000,20260895,0.15565342012409422,0.21892325595231654,0.4216771001836957,0.5171253164155672,0.7285526790293456,2.0985760106491425,-0.002628494831817331,0.06351005646800226,0.25751290383814646,1.1002076787719088,0.26111970049229544,1.0964179001159358,0.9861871905974577,1.0034565092886318,0.0,0.949,0.954,2.3204891707631634,exact,4,False,self_consistent_linear,0.6561902540884191,0.014948902379466979,0.006758695845274497,-139.37700389810652,1000,False,0.1,0.014496241614285168,0.16178862724753038,0.06845739741129697
0.55,0.135,0.0001,1000,20260896,0.004869913101103754,0.006127277155356763,0.011976086356310218,0.014234274748627119,0.025486407361864638,0.06865860035676837,-0.00022227003905636117,-0.002392860190533258,0.007294018630046884,0.0357970171605166,0.007541778845794396,0.03733596953034447,0.9671483053516381,0.9587809720977755,0.0,0.962,0.961,2.251743375001651,exact,4,False,self_consistent_linear,0.6539119307664351,0.0004520033839322823,0.00020654080371305695,46.6524883808349,1000,False,0.1,0.014496241614285168,0.16178862724753038,0.06845739741129697
0.55,0.135,0.0003,1000,20260897,0.014912815791901153,0.019962883399457072,0.03661699017202699,0.043924087535898035,0.07839829374794022,0.21783467291880215,-9.815029101611166e-06,-0.00038338053601912026,0.022443167756594055,0.11317361396749442,0.022625336537383186,0.11200790859103339,0.9919484609438565,1.010407348830316,0.0,0.953,0.952,2.251743375001651,exact,4,False,self_consistent_linear,0.6660630871023333,0.001416404605230366,0.0006321269142478916,47.78367005418831,1000,False,0.1,0.014496241614285168,0.16178862724753038,0.06845739741129697
0.55,0.135,0.001,1000,20260898,0.05073345049792934,0.06402898526375635,0.12808295652268198,0.15586132934682723,0.26862239345170486,0.7731499226376704,-0.003448139920539679,-0.020521714357770972,0.07763216149706571,0.39331612079988987,0.07541778845794397,0.37335969530344476,1.0293614157137019,1.053450936851193,0.0,0.936,0.94,2.2517433750016504,exact,4,False,self_consistent_linear,0.6932601627663374,0.004951676097842837,0.0021002087828897167,47.86775123140137,1000,False,0.1,0.014496241614285168,0.16178862724753038,0.06845739741129697
0.55,0.135,0.003,1000,20260899,0.15855259810287847,0.17426635771719928,0.37769876226985105,0.4467008107577104,0.7845991307618163,2.2486611455374645,-0.022132236476677395,0.04881720565479498,0.22960560747371803,1.164367567778928,0.22625336537383195,1.1200790859103342,1.0148163192814712,1.039540495332612,0.0,0.946,0.94,2.25174337500165,exact,4,False,self_consistent_linear,0.6840593154086629,0.014613173951444522,0.006306579030384751,47.94504760927843,1000,False,0.1,0.014496241614285168,0.16178862724753038,0.06845739741129697
0.55,0.15,0.0001,1000,20260900,0.004540351866143766,0.0056436872358153305,0.010897911185535247,0.012970188330795437,0.025998179311784164,0.07721148568231291,-0.00016542290454023788,-0.00023275919609276607,0.006642525396371579,0.038868299073863126,0.006582799552377532,0.038279881955423464,1.0090730157463892,1.0153714454795046,0.0,0.947,0.943,2.257506814949177,exact,4,False,self_consistent_linear,0.6768385924844533,0.0004598588673426147,0.00019531873663273416,53.82122137467724,1000,False,0.1,0.014496241614285168,0.16178862724753038,0.06845739741129697
0.55,0.15,0.0003,1000,20260901,0.012392794081179666,0.015469180656618542,0.031838865270355135,0.03798027428266713,0.07640878018182473,0.21617099068935966,-6.695451699188959e-05,0.00326648139033805,0.019306949088415893,0.11265716957738646,0.019748398657132592,0.11483964586627037,0.9776463106512556,0.9809954456719121,0.0,0.954,0.956,2.2575068149491764,exact,4,False,self_consistent_linear,0.6336110119789958,0.0013182406498756618,0.000603264343092539,54.26579967558009,1000,False,0.1,0.014496241614285168,0.16178862724753038,0.06845739741129697
0.55,0.15,0.001,1000,20260902,0.043588881810839655,0.05322542874717838,0.10431948512981866,0.13065318126305772,0.25085300327852417,0.6983765990465163,0.0005291039075384554,0.007707709372437096,0.06531553023377068,0.3686460330131097,0.06582799552377534,0.38279881955423467,0.9922150859079465,0.9630281343145057,0.0,0.949,0.963,2.257506814949177,exact,4,False,self_consistent_linear,0.6289901257470142,0.004358779296087387,0.0020295391765188966,52.92097711919902,1000,False,0.1,0.014496241614285168,0.16178862724753038,0.06845739741129697
0.55,0.15,0.003,1000,20260903,0.12990900331738311,0.15256819543246225,0.3053244640151539,0.36934213651463244,0.8063235470711929,2.2332480561115453,-0.007984018115507367,0.04122033053618429,0.19396124632463177,1.1612689536812937,0.19748398657132593,1.1483964586627038,0.9821618941978272,1.0112091037215316,0.0,0.957,0.952,2.2575068149491773,exact,4,False,self_consistent_linear,0.6253728742969561,0.013442265881266935,0.006179249779346142,55.448332510621995,1000,False,0.1,0.014496241614285168,0.16178862724753038,0.06845739741129697
0.6,0.12,0.0001,1000,20260904,0.004620653081611815,0.00603404446788111,0.01096960927853989,0.013382312567842747,0.025805111292598326,0.07370234535066451,0.0003107569010790906,0.001114425848372827,0.006941099985322857,0.03803597003024377,0.007003754463134068,0.03846416236862176,0.9910541584315945,0.9888677586613117,0.0,0.955,0.952,1.590073834211007,exact,4,False,self_consistent_linear,0.38653892203094997,0.0004216700107675971,0.0002728939816282156,55.511438799599766,1000,False,0.1,0.014496241614285168,0.16178862724753038,0.06845739741129697
0.6,0.12,0.0003,1000,20260905,0.014502859069616417,0.017552636023956895,0.03357736362506919,0.0391482029996877,0.07789140264624905,0.22906377160997518,-0.0006666990363868479,-0.00032745670259020553,0.020499345805822133,0.11653329850512015,0.0210112633894022,0.11539248710586529,0.9756360398662048,1.009886357663894,0.0,0.961,0.947,1.5900738342110066,exact,4,False,self_consistent_linear,0.4590183974980612,0.0013066402395770771,0.000767608864061386,56.01734844706244,1000,False,0.1,0.014496241614285168,0.16178862724753038,0.06845739741129697
0.6,0.12,0.001,1000,20260906,0.04718785542602376,0.05592556352640935,0.11034006709273517,0.13430488481795677,0.2681182839072177,0.7591087874139361,-0.003294428326944544,-0.015241280234247524,0.06852984634883467,0.3917987703147557,0.07003754463134068,0.3846416236862177,0.9784729991543516,1.0186073118139098,0.0,0.956,0.949,1.5900738342110075,exact,4,False,self_consistent_linear,0.4020374875466529,0.004309380529234154,0.002696057250668539,57.739099598502655,1000,False,0.1,0.014496241614285168,0.16178862724753038,0.06845739741129697
0.6,0.12,0.003,1000,20260907,0.14184335350017785,0.17696921292140805,0.3524590690173146,0.42481135836654343,0.7817072984310434,2.348300134864299,-0.0216654906743027,0.012164504382233026,0.214744279396319,1.1773670528076357,0.21011263389402204,1.1539248710586532,1.0220436316296577,1.0203151715825969,0.0,0.942,0.943,1.5900738342110066,exact,4,False,self_consistent_linear,0.386476213194124,0.013049966546924637,0.00844462433286414,55.54666962724176,1000,False,0.1,0.014496241614285168,0.16178862724753038,0.06845739741129697
0.6,0.135,0.0001,1000,20260908,0.004157613827197971,0.00498019744431054,0.009474863363475092,0.011278087141102884,0.026232154878902403,0.07775501345443177,0.0002244586879444273,0.0008903823732508392,0.00590669283856739,0.039441755518740115,0.00600838669085053,0.03936573674065042,0.9830746825203512,1.0019310899371838,0.0,0.956,0.948,1.6596891179977573,exact,4,False,self_consistent_linear,0.36030135700306654,0.0004150276853714406,0.00024746465190287237,67.19082567000497,1000,False,0.1,0.014496241614285168,0.16178862724753038,0.06845739741129697
0.6,0.135,0.0003,1000,20260909,0.011725838289609235,0.015325017706644534,0.027937810451875215,0.033215050197052495,0.08288064769794434,0.22430297634865606,0.0003245095204159746,-0.004517834243607578,0.017433818236930597,0.11819509068378636,0.01802516007255159,0.11809721022195126,0.9671935320828868,1.000828812650622,0.0,0.964,0.965,1.6596891179977578,exact,4,False,self_consistent_linear,0.35324347760610925,0.0012390264136938906,0.0007352822865462178,68.11520908557296,1000,False,0.1,0.014496241614285168,0.16178862724753038,0.06845739741129697
0.6,0.135,0.001,1000,20260910,0.04105832099736073,0.04699251395123731,0.10194215619764589,0.12423135397512998,0.28287344936506753,0.7561198087912004,-0.0013142156585357724,-0.008713840696069633,0.06162701019576675,0.4026626093200445,0.06008386690850531,0.3936573674065043,1.025683155340373,1.0228758373630058,0.0,0.942,0.955,1.6596891179977575,exact,4,False,self_consistent_linear,0.4185791640345461,0.0043123301461542845,0.002469771758961714,64.1104487831864,1000,False,0.1,0.014496241614285168,0.16178862724753038,0.06845739741129697
0.6,0.135,0.003,1000,20260911,0.12452698797767962,0.14105074292082825,0.30049143716471904,0.35627955256984806,0.8099343152777133,2.2946851659038634,0.0004032371574998539,0.05564054702598929,0.18336989666956105,1.1614554584143633,0.1802516007255159,1.1809721022195125,1.0172996851705833,0.9834740856549705,0.0,0.948,0.953,1.6596891179977575,exact,4,False,self_consistent_linear,0.334175319711296,0.012247500234593329,0.007745578783616054,65.81801632575585,1000,False,0.1,0.014496241614285168,0.16178862724753038,0.06845739741129697
0.6,0.15,0.0001,1000,20260912,0.0033192662891795123,0.004389891390991366,0.008518127784870792,0.010333084063350055,0.025464845428946337,0.07520764481407814,-0.00020901946549771024,-0.00023480542161750383,0.005146423220895716,0.03806190359800324,0.005200734842941723,0.040449053490869746,0.9895569330707721,0.940983788572325,0.0,0.943,0.965,1.807743811112814,exact,4,False,self_consistent_linear,0.23690863614423618,0.00038749984606172635,0.00023209505387060457,76.45041212379986,1000,False,0.1,0.014496241614285168,0.16178862724753038,0.06845739741129697
0.6,0.15,0.0003,1000,20260913,0.010362605552095231,0.01307087732436938,0.025064960547531132,0.02960233321532846,0.07985422892358152,0.2220399979728853,0.0006357295588308703,0.003930738693063129,0.015538620478348777,0.11589965377458106,0.01560220452882517,0.12134716047260921,0.9959246752368283,0.9551080826546594,0.0,0.955,0.955,1.8077438111128137,exact,4,False,self_consistent_linear,0.254341377177937,0.0011823067328866979,0.0006961882167916963,75.84948144878607,1000,False,0.1,0.014496241614285168,0.16178862724753038,0.06845739741129697
0.6,0.15,0.001,1000,20260914,0.03353728726252091,0.04289349995257624,0.08264998465718015,0.09799508236036979,0.2587425516533015,0.8511763225376283,-0.0015880765404375319,0.01657460139619569,0.050315392293950864,0.404779432911727,0.05200734842941723,0.4044905349086974,0.967466979444979,1.000714226856,0.0,0.958,0.942,1.8077438111128135,exact,4,False,self_consistent_linear,0.2939060190916877,0.004133368418402536,0.0022257795186468384,76.0995723204291,1000,False,0.1,0.014496241614285168,0.16178862724753038,0.06845739741129697
0.6,0.15,0.003,1000,20260915,0.10471940135642471,0.1274250485300606,0.2556656198769469,0.3164921669105128,0.831150177338831,2.4822813226251474,0.0009081681313239713,0.03066135497734508,0.15782931322036395,1.249812950899294,0.15602204528825167,1.2134716047260925,1.0115834139257265,1.0299482460336633,0.0,0.941,0.943,1.807743811112814,exact,4,False,self_consistent_linear,0.27713159623558664,0.01274564986403479,0.007027526405473583,76.40359819267061,1000,False,0.1,0.014496241614285168,0.16178862724753038,0.06845739741129697
0.6499999999999999,0.12,0.0001,1000,20260916,0.004589375763025505,0.005809575594253505,0.01123933115648185,0.013118932402108086,0.026255992749277257,0.0770654952154061,-0.00031775829310668304,0.00018967514290393206,0.006703272673684889,0.040361884939430465,0.00625934393111812,0.03948927711459285,1.0709225675169871,1.0220973360009964,0.0,0.93,0.951,1.3571987337040712,exact,4,False,self_consistent_linear,-0.07836237594583173,0.000405553838382469,0.00031430884856308223,98.88165385113311,1000,False,0.1,0.014496241614285168,0.16178862724753038,0.06845739741129697
0.6499999999999999,0.12,0.0003,1000,20260917,0.012055052629058765,0.015593028074940833,0.03077002911683834,0.03603314523867169,0.0793916026746326,0.2341591841947069,0.0009551698799850856,0.00782143508074166,0.018401766395538643,0.11720814592920628,0.01877803179335436,0.11846783134377854,0.9799624688062953,0.9893668568059053,0.0,0.953,0.948,1.3571987337040714,exact,4,False,self_consistent_linear,-0.11734123647262955,0.0011815806458340989,0.0008566977168694339,100.58808398395398,1000,False,0.1,0.014496241614285168,0.16178862724753038,0.06845739741129697
0.6499999999999999,0.12,0.001,1000,20260918,0.0410125974399253,0.053239208376346416,0.10361022679719786,0.12261261775565127,0.2589818934403264,0.7552445695888138,-0.0018871397035393144,0.010597460287915276,0.063053134653846,0.3835609861252265,0.06259343931118119,0.3948927711459285,1.0073441457718826,0.9713041467236316,0.0,0.95,0.956,1.3571987337040712,exact,4,False,self_consistent_linear,-0.13587277694490923,0.0038858221882321423,0.0029140447088022493,104.01794887167121,1000,False,0.1,0.014496241614285168,0.16178862724753038,0.06845739741129697
0.6499999999999999,0.12,0.003,1000,20260919,0.1319245468254942,0.15105123343996757,0.3021471359750412,0.37170088880290514,0.8408492701922093,2.3253376324265043,-0.005316405853073065,-0.002121623902587437,0.18694571366248364,1.1913478978977137,0.18778031793354363,1.1846783134377858,0.9955554219939313,1.0056298696315065,0.0,0.945,0.949,1.3571987337040712,exact,4,False,self_consistent_linear,-0.03722898711313895,0.011923525683121286,0.008821299870330333,93.49734443659433,1000,False,0.1,0.014496241614285168,0.16178862724753038,0.06845739741129697
0.6499999999999999,0.135,0.0001,1000,20260920,0.0038933011031642532,0.0049234692845198215,0.009130532138302337,0.010767045547752294,0.027301048577711706,0.08279526702982098,-0.0003182661522625344,-0.0017552049828995079,0.005574679860631457,0.04155063182352226,0.00555644732937286,0.04041298835517319,1.00328132890997,1.0281504415944396,0.0,0.957,0.931,1.611048425567669,exact,4,False,self_consistent_linear,-0.18076531921135497,0.00041989083186911403,0.00025640793885484543,100.48701732341944,1000,False,0.1,0.014496241614285168,0.16178862724753038,0.06845739741129697
0.6499999999999999,0.135,0.0003,1000,20260921,0.011484026978144234,0.015056773871021056,0.02959794997918845,0.03368092565472337,0.07962018907264334,0.2307749010269412,9.818575548324631e-05,0.005045796516574292,0.017252846118519485,0.11690652525681575,0.016669341988118577,0.1212389650655196,1.0350046289059767,0.9642652854520615,0.0,0.94,0.957,1.6110484255676691,exact,4,False,self_consistent_linear,-0.18474043022295214,0.0011867662970127145,0.0007893655903844552,103.32270957851321,1000,False,0.1,0.014496241614285168,0.16178862724753038,0.06845739741129697
0.6499999999999999,0.135,0.001,1000,20260922,0.03694919105771766,0.04753390988636695,0.09033165970753748,0.1053553204812071,0.29328175293119874,0.8078300391066168,-0.002612215571886212,0.0322427730058645,0.05462893892563508,0.4155290768940331,0.0555644732937286,0.40412988355173196,0.9831630840240662,1.0282067568033284,0.0,0.956,0.943,1.6110484255676694,exact,4,False,self_consistent_linear,-0.24566327556283002,0.004229119116204263,0.0024589039221070714,103.21806031992162,1000,False,0.1,0.014496241614285168,0.16178862724753038,0.06845739741129697
0.6499999999999999,0.135,0.003,1000,20260923,0.12129981727595679,0.1342043568433942,0.27597189822192963,0.3370592695864592,0.7810536644363625,2.2784897949308744,-0.006670395640547232,-0.049486791316332226,0.1710585084593181,1.2052628904962865,0.16669341988118583,1.2123896506551959,1.0261863280580814,0.994121724682277,0.0,0.942,0.958,1.6110484255676691,exact,4,False,self_consistent_linear,-0.1981851690629526,0.012234672360962496,0.007805800928475268,102.89652414765293,1000,False,0.1,0.014496241614285168,0.16178862724753038,0.06845739741129697
0.6499999999999999,0.15,0.0001,1000,20260924,0.003284416218153108,0.004115077820869999,0.008205977812827172,0.009960515235657316,0.02878471150476042,0.08537604514506801,5.812656128166998e-05,1.3635001447692697e-05,0.0050195793102797166,0.04327411304824614,0.00506864129248202,0.04152274021706551,0.9903204864240295,1.042178642883998,0.0,0.949,0.937,1.9046492522598335,exact,4,False,self_consistent_linear,-0.3191099687115978,0.0004415883109638702,0.00022031357241485423,103.28614589919255,1000,False,0.1,0.014496241614285168,0.16178862724753038,0.06845739741129697
0.6499999999999999,0.15,0.0003,1000,20260925,0.010589837330908231,0.01237851335867415,0.024799247049900747,0.028300742004024763,0.08559006057904661,0.25035651993665836,-0.0006526714205241451,-0.0005361489901264056,0.015201986372510566,0.1297292494460772,0.015205923877446062,0.12456822065119652,0.9997410545411625,1.0414313439487273,0.0,0.962,0.943,1.9046492522598337,exact,4,False,self_consistent_linear,-0.3216757349632697,0.0013249501084903813,0.0006660459483425523,103.59894834719486,1000,False,0.1,0.014496241614285168,0.16178862724753038,0.06845739741129697
0.6499999999999999,0.15,0.001,1000,20260926,0.03399400064746981,0.042189997873573366,0.08323761750269795,0.09968599577361244,0.26828582741854623,0.8122953088770496,0.0003950360533359564,-0.009384518747983754,0.05049330341533481,0.4123163466741465,0.0506864129248202,0.4152274021706552,0.9961901129249012,0.9929892500319325,0.0,0.947,0.95,1.9046492522598335,exact,4,False,self_consistent_linear,-0.29499586980913217,0.004207379105843506,0.0022344315277050856,103.58854213993448,1000,False,0.1,0.014496241614285168,0.16178862724753038,0.06845739741129697
0.6499999999999999,0.15,0.003,1000,20260927,0.09983942238354471,0.12370103627993592,0.24896355740642973,0.29940934589590285,0.8404065091425827,2.442027162574374,0.00450937865362123,-0.016395573148282386,0.15095556917069403,1.2633744787846881,0.15205923877446062,1.2456822065119655,0.9927418444767858,1.0142028778931207,0.0,0.949,0.95,1.9046492522598337,exact,4,False,self_consistent_linear,-0.29247644144063895,0.012871130172953504,0.0066962346534468675,102.93527874550577,1000,False,0.1,0.014496241614285168,0.16178862724753038,0.06845739741129697
0.7,0.12,0.0001,1000,20260928,0.004966395550173067,0.005908553322930164,0.011909882231366097,0.014162019991629252,0.02687255618083334,0.0783476756469082,8.734077014415402e-05,-0.0010354740043726747,0.007227981116069236,0.038728956122646055,0.0072784389057903905,0.03935636183921885,0.9930674983503656,0.9840583405769083,0.0,0.951,0.949,1.933619742787324,exact,4,False,self_consistent_linear,-0.5865627852253439,0.0004611973783458609,0.00023231846104259854,128.94288920989447,1000,False,0.1,0.014496241614285168,0.16178862724753038,0.06845739741129697
0.7,0.12,0.0003,1000,20260929,0.014364195613115555,0.01760659637041593,0.035523721344830575,0.04335308367144365,0.08300802020775114,0.2261963320158648,0.0007751811890035815,-8.050620272423759e-05,0.021333146903111687,0.11933494796364029,0.021835316717371173,0.11806908551765655,0.9770019450251445,1.0107213708011182,0.0,0.947,0.952,1.9336197427873234,exact,4,False,self_consistent_linear,-0.5673073728824198,0.0013901717944174228,0.000712697559749275,126.68641205655926,1000,False,0.1,0.014496241614285168,0.16178862724753038,0.06845739741129697
0.7,0.12,0.001,1000,20260930,0.05050332682967423,0.059751456797167375,0.12391650725172437,0.14300739559791753,0.27551227404023004,0.7422935444449998,-0.0015363316015144482,-0.00614156837707464,0.07392197863754355,0.3952141040870087,0.07278438905790394,0.39356361839218856,1.0156295820348866,1.0041936947870405,0.0,0.948,0.955,1.9336197427873232,exact,4,False,self_consistent_linear,-0.6051825695191425,0.00473710575228154,0.00232026533051571,129.22513048582772,1000,False,0.1,0.014496241614285168,0.16178862724753038,0.06845739741129697
0.7,0.12,0.003,1000,20260931,0.15504803181231722,0.18204655486634885,0.34977375333632243,0.4302348224407221,0.7976872126232382,2.337409430770333,0.01178260118089136,0.030980712384851464,0.22167473388646358,1.197370424750663,0.21835316717371178,1.1806908551765658,1.0152119007740763,1.0141269575358935,0.0,0.948,0.947,1.9336197427873238,exact,4,False,self_consistent_linear,-0.5616360335861817,0.014106297821109172,0.0073573826724743115,128.28978057287924,1000,False,0.1,0.014496241614285168,0.16178862724753038,0.06845739741129697
0.7,0.135,0.0001,1000,20260932,0.004683999290871863,0.005765927520995378,0.010745512682710534,0.013061387818861153,0.027202183138859415,0.07596131795012478,0.00020764656490606192,-0.0003234430105429288,0.00673163110370006,0.040455044891271025,0.006804773250994142,0.04019415801224236,0.9892513468713454,1.0064906666025746,0.0,0.954,0.957,2.215006139242737,exact,4,False,self_consistent_linear,-0.6229000573248464,0.0004674057171865516,0.0002154058199974121,124.35888286467377,1000,False,0.1,0.014496241614285168,0.16178862724753038,0.06845739741129697
0.7,0.135,0.0003,1000,20260933,0.014056844498191593,0.017366160385536705,0.035345735334969104,0.041697576614080606,0.07995407823103429,0.23114476941536008,5.043876804066816e-06,-0.0007815017089177228,0.020964733780462156,0.11707534362870918,0.020414319752982423,0.12058247403672709,1.0269621537303157,0.9709150899744378,0.0,0.939,0.957,2.215006139242737,exact,4,False,self_consistent_linear,-0.6193025211303569,0.0013857762773474495,0.0006572037057128976,127.42439465401294,1000,False,0.1,0.014496241614285168,0.16178862724753038,0.06845739741129697
0.7,0.135,0.001,1000,20260934,0.04621051951375632,0.05738598677749097,0.10830878270198183,0.124325670696002,0.27306239389766757,0.7680201740605844,-1.9988268543843334e-05,-0.01159516828269139,0.06677164116508982,0.40570821083883524,0.06804773250994141,0.40194158012242354,0.981247114374235,1.0093710899859238,0.0,0.962,0.957,2.2150061392427367,exact,4,False,self_consistent_linear,-0.6226324540023517,0.004670913587257543,0.002144769892647264,123.90552690046816,1000,False,0.1,0.014496241614285168,0.16178862724753038,0.06845739741129697
0.7,0.135,0.003,1000,20260935,0.13520198856587085,0.17305973969707414,0.3394175934017795,0.3919948865783858,0.8248751381287334,2.330620780801331,0.0021853757483307613,0.02977252966840981,0.20484478165931164,1.1942964469142787,0.20414319752982424,1.2058247403672706,1.0034367254847418,0.9904394950053185,0.0,0.955,0.953,2.2150061392427367,exact,4,False,self_consistent_linear,-0.6280146404524348,0.013956850205269185,0.006446530492459509,125.69184173011828,1000,False,0.1,0.014496241614285168,0.16178862724753038,0.06845739741129697
0.7,0.15,0.0001,1000,20260936,0.004397995649042925,0.005453370419555145,0.01104358750457611,0.013644865180312663,0.026663084333800047,0.08640015459315682,5.709840609885297e-05,0.0002928279210778375,0.006694374849165943,0.04213147716391857,0.006556167471758309,0.04119567442360911,1.0210805135779373,1.022716043696402,0.0,0.938,0.94,2.567185955772798,exact,4,False,self_consistent_linear,-0.724127727156626,0.0004927373841573274,0.0001865624689687497,124.07361745803078,1000,False,0.1,0.014496241614285168,0.16178862724753038,0.06845739741129697
0.7,0.15,0.0003,1000,20260937,0.013184882440344145,0.0167390180584735,0.033412971349216836,0.04056193926062949,0.08106495395101831,0.2373310027500276,-0.0007014866035575187,0.0027216129373378558,0.020260984008634443,0.12293075310551513,0.019668502415274923,0.12358702327082731,1.03012337090288,0.994689813315804,0.0,0.937,0.953,2.5671859557727985,exact,4,False,self_consistent_linear,-0.6886977493925261,0.0014413265560214055,0.000592120526621389,124.93360147955404,1000,False,0.1,0.014496241614285168,0.16178862724753038,0.06845739741129697
0.7,0.15,0.001,1000,20260938,0.045290031857606154,0.0546456613238141,0.10770386270843933,0.1286893322115882,0.2787865119031674,0.8096695117882137,-0.00021463287512036856,0.005778375787344378,0.06583099198582651,0.41652182667949844,0.06556167471758309,0.41195674423609113,1.004107846076287,1.0110814606321656,0.0,0.949,0.949,2.5671859557728,exact,4,False,self_consistent_linear,-0.7155895325679321,0.004852697772160449,0.0018653002059542756,123.76565661371266,1000,False,0.1,0.014496241614285168,0.16178862724753038,0.06845739741129697
0.7,0.15,0.003,1000,20260939,0.13033039695062468,0.16943013376986094,0.32340599314519297,0.400792057185838,0.8523631902687276,2.4351826329404087,0.007390583709171069,-0.018945784252002468,0.2008943874522056,1.245952473251207,0.19668502415274922,1.235870232708273,1.021401544513055,1.0081580090498985,0.0,0.944,0.947,2.5671859557727994,exact,4,False,self_consistent_linear,-0.7465296452918008,0.014724298597042239,0.005345281333122127,124.88280543870438,1000,False,0.1,0.014496241614285168,0.16178862724753038,0.06845739741129697
0.75,0.12,0.0001,1000,20260940,0.006616062740738249,0.007301279996928239,0.015178093386639247,0.01762756594348353,0.02512258083981131,0.07624913418328695,-6.082892766337444e-06,-0.00046324879826742653,0.009270309627414184,0.037817528670018426,0.00942562279937738,0.0378780133688928,0.983522237705772,0.9984031712992623,0.0,0.956,0.945,2.9165726811226547,exact,4,False,self_consistent_linear,-0.7780991415395746,0.0005465275070758329,0.00019042202243734892,140.37165940573064,1000,False,0.1,0.014496241614285168,0.16178862724753038,0.06845739741129697
0.75,0.12,0.0003,1000,20260941,0.01992158092380617,0.024163698328676934,0.04631183989997764,0.05503907344412507,0.0774369138177064,0.2257551842944841,0.00016878573197962255,0.003453096541699368,0.02825400103979781,0.11454088713169189,0.02827686839813214,0.11363404010667838,0.9991913051327905,1.007980416996194,0.0,0.95,0.945,2.9165726811226547,exact,4,False,self_consistent_linear,-0.7905649839524648,0.0016671083744958606,0.000561798652983463,140.51020956992102,1000,False,0.1,0.014496241614285168,0.16178862724753038,0.06845739741129697
0.75,0.12,0.001,1000,20260942,0.06295215559840507,0.07534663980915554,0.1572372191468749,0.1861310623858112,0.2440452149177208,0.7600320231006656,-0.00044281652290830364,0.007209016476526379,0.09521502070342268,0.38581024597492297,0.09425622799377378,0.3787801336889279,1.0101721947722353,1.0185598759299466,0.0,0.947,0.947,2.916572681122654,exact,4,False,self_consistent_linear,-0.7916041629199847,0.005618564201820793,0.0018880077084201994,140.52039793051864,1000,False,0.1,0.014496241614285168,0.16178862724753038,0.06845739741129697
0.75,0.12,0.003,1000,20260943,0.19875908886820498,0.25253403722654033,0.47729548090975266,0.5674014649356858,0.7731741609193626,2.178083874408226,0.008906932091161819,0.005590153494689321,0.2933220784467116,1.1414588019999106,0.2827686839813215,1.1363404010667841,1.0373216521603474,1.0045042849205408,0.0,0.946,0.955,2.916572681122654,exact,4,False,self_consistent_linear,-0.7845181303209657,0.017004579573193068,0.005770178959934938,141.9961611213724,1000,False,0.1,0.014496241614285168,0.16178862724753038,0.06845739741129697
0.75,0.135,0.0001,1000,20260944,0.005437480450929493,0.007353324576528609,0.01461978017132371,0.01770912819510409,0.02462367734455545,0.07939763637900621,-0.0003395637684321231,0.00014058819850752425,0.008666130754523126,0.03852633858061803,0.008932202930552809,0.038507370633917966,0.9702120318919785,1.0004925796383344,0.0,0.943,0.937,3.204171861550264,exact,4,False,self_consistent_linear,-0.820040401299952,0.0005364985201537387,0.000168316543870532,137.13321407888935,1000,False,0.1,0.014496241614285168,0.16178862724753038,0.06845739741129697
0.75,0.135,0.0003,1000,20260945,0.01746916852543782,0.022357107456094292,0.046057436265218264,0.054027176470704784,0.08118886930088415,0.23474287597651644,0.0004908588603564541,-0.0014185108850925524,0.027475754489006018,0.12066285302730612,0.026796608791658443,0.11552211190175395,1.0253444643920384,1.0445000618576306,0.0,0.94,0.941,3.204171861550265,exact,4,False,self_consistent_linear,-0.830368565919368,0.0016961946727679375,0.0005147001559703371,137.52667641814938,1000,False,0.1,0.014496241614285168,0.16178862724753038,0.06845739741129697
0.75,0.135,0.001,1000,20260946,0.06383656319829142,0.07495757556122443,0.14279428433793803,0.16681296690210726,0.2597789387821417,0.7486196773726743,0.002596816056032031,-0.0016862659561897066,0.08670812709253428,0.3813662181014063,0.08932202930552813,0.3850737063391798,0.9707361976287737,0.9903720036534827,0.0,0.969,0.95,3.2041718615502637,exact,4,False,self_consistent_linear,-0.8071600636446389,0.005322733672479611,0.0017331989840924224,137.54541492144406,1000,False,0.1,0.014496241614285168,0.16178862724753038,0.06845739741129697
0.75,0.135,0.003,1000,20260947,0.188942180838136,0.23260484551639934,0.4352862655285996,0.5187127134979723,0.7746790370505768,2.270901021886056,0.011773993813782703,0.020709283622648022,0.27363732918445477,1.167008254482108,0.2679660879165844,1.1552211190175394,1.021164026060028,1.010203358708152,0.0,0.953,0.949,3.2041718615502646,exact,4,False,self_consistent_linear,-0.8182376300564295,0.016618292255237727,0.00522064934821805,138.5819222698007,1000,False,0.1,0.014496241614285168,0.16178862724753038,0.06845739741129697
0.75,0.15,0.0001,1000,20260948,0.005519727487112887,0.0068607116366922434,0.013865221651502918,0.01710033006002231,0.026156000088459197,0.07890882788309876,-3.156015363791345e-05,0.0012210060799860952,0.008501756725811339,0.039185227761649156,0.00867683925592215,0.03925021698147291,0.9798218539093813,0.9983442328521539,0.0,0.947,0.947,3.590246508587301,exact,4,False,self_consistent_linear,-0.850183523606964,0.0005398151834387322,0.00015355270933102227,135.8432773554319,1000,False,0.1,0.014496241614285168,0.16178862724753038,0.06845739741129697
0.75,0.15,0.0003,1000,20260949,0.018018539174624894,0.02205782794295069,0.04435013968546244,0.05325335314094686,0.08192101165568205,0.23599601041179694,-0.0012352366634190081,0.005287490283833265,0.026698547235115062,0.11959364428193164,0.02603051776776644,0.11775065094441865,1.0256633184675197,1.0156516615639173,0.0,0.937,0.942,3.590246508587301,exact,4,False,self_consistent_linear,-0.8616896154955007,0.0016774707627202029,0.000456463588493162,136.77945909028898,1000,False,0.1,0.014496241614285168,0.16178862724753038,0.06845739741129697
0.75,0.15,0.001,1000,20260950,0.061762447382658105,0.07871657988191975,0.15159543778562212,0.1753489407327799,0.26701899481141184,0.7951587978531812,0.00010904642698225753,-0.0018163797632400529,0.09050978804490742,0.4121982234048559,0.08676839255922146,0.3925021698147289,1.0431193361468851,1.0501807508463559,0.0,0.941,0.938,3.5902465085872994,exact,4,False,self_consistent_linear,-0.875047947885332,0.005752002912698149,0.0014836955298996217,136.21125182406035,1000,False,0.1,0.014496241614285168,0.16178862724753038,0.06845739741129697
0.75,0.15,0.003,1000,20260951,0.17106208613510404,0.2167504125546067,0.41173666170764284,0.48250250680334167,0.7889593064265704,2.183395977556623,0.000217797865069842,0.0818367704096486,0.2565112207588791,1.154042426861058,0.2603051776776645,1.1775065094441872,0.985424965601401,0.9800730761189551,0.0,0.959,0.958,3.5902465085872985,exact,4,False,self_consistent_linear,-0.8518664039923656,0.016107177274110367,0.004549091269966735,136.6535302804243,1000,False,0.1,0.014496241614285168,0.16178862724753038,0.06845739741129697
0.8,0.12,0.0001,1000,20260952,0.007569442963260457,0.009946126660087956,0.019513931794765103,0.022662378025727938,0.023113999725456885,0.06673303628114086,0.00038872402076831937,0.00011449880593938644,0.011727891699699832,0.03415363819603967,0.012044332094133643,0.03428391456755179,0.9737270284511717,0.9962000730326339,0.0,0.955,0.954,4.1527597352012515,exact,4,False,self_consistent_linear,-0.8444650544175294,0.0006308806630493094,0.00016071012810230301,150.39735451465828,1000,False,0.1,0.014496241614285168,0.16178862724753038,0.06845739741129697
0.8,0.12,0.0003,1000,20260953,0.023381103859897997,0.030201333971374162,0.05716882157060064,0.06751315541200606,0.07143525155557454,0.18834947756455306,-0.0005645330783632061,0.0011541326584912058,0.035283823977556965,0.10104427562707412,0.03613299628240094,0.10285174370265542,0.9764987022330726,0.9824264712438256,0.0,0.957,0.96,4.1527597352012515,exact,4,False,self_consistent_linear,-0.840970392136261,0.0018890668656606417,0.0004825993845756806,150.91753844733373,1000,False,0.1,0.014496241614285168,0.16178862724753038,0.06845739741129697
0.8,0.12,0.001,1000,20260954,0.08069501825780662,0.09576461557736601,0.18987640694509905,0.2253328772900271,0.22718801469985145,0.6663312161458366,-0.00153930355064157,0.0017823505661339095,0.11726425625633714,0.3349877928556678,0.12044332094133647,0.34283914567551804,0.9736053052991811,0.977099018828844,0.0,0.961,0.951,4.152759735201251,exact,4,False,self_consistent_linear,-0.8528522679421945,0.006289499069830136,0.0015412038929726334,150.80601003615388,1000,False,0.1,0.014496241614285168,0.16178862724753038,0.06845739741129697
0.8,0.12,0.003,1000,20260955,0.22744709596212764,0.33534603272277597,0.6205046006893038,0.7365406733599612,0.7126217483316031,2.000116218953353,0.02255474564013482,0.0418928588583206,0.38109413714731644,1.0331919151870286,0.3613299628240096,1.0285174370265544,1.0546984096442984,1.0045448701132265,0.0,0.942,0.954,4.1527597352012515,exact,4,False,self_consistent_linear,-0.8585188143672353,0.020219887098673284,0.004719018753708017,152.12945796877563,1000,False,0.1,0.014496241614285168,0.16178862724753038,0.06845739741129697
0.8,0.135,0.0001,1000,20260956,0.00769445561077085,0.00967846842621557,0.018065906834940207,0.021853460787268058,0.022482807887393153,0.06716896225297335,0.00015026656338573357,-0.000812712173110644,0.011195284374172408,0.03447892988992565,0.011319659820406362,0.03452933699694443,0.9890124395779334,0.9985401658009467,0.0,0.953,0.952,4.389930609705251,exact,4,False,self_consistent_linear,-0.8871893332476625,0.0006165772910249269,0.00013651128003023305,148.22598111184377,1000,False,0.1,0.014496241614285168,0.16178862724753038,0.06845739741129697
0.8,0.135,0.0003,1000,20260957,0.021446775674742534,0.027980319605348122,0.05402045101223189,0.06752535680448103,0.06763945905699648,0.20051789559044297,0.0012198975905205575,-0.003851686123260919,0.03346846473089431,0.1001072448849395,0.033958979461219056,0.10358801099083322,0.985555669277844,0.9663979830040202,0.0,0.945,0.955,4.389930609705254,exact,4,False,self_consistent_linear,-0.8739839830312466,0.0018236937766620595,0.0004219194361242296,149.22475928110106,1000,False,0.1,0.014496241614285168,0.16178862724753038,0.06845739741129697
0.8,0.135,0.001,1000,20260958,0.06844711249692,0.09075457137183507,0.17652686515668903,0.21947679814421908,0.21286251481922036,0.653046911841616,0.00031310903915135333,0.008954474203209222,0.10982169636312362,0.336589604859117,0.11319659820406348,0.34529336996944376,0.970185483534975,0.9747931299373138,0.0,0.951,0.956,4.389930609705252,exact,4,False,self_consistent_linear,-0.8649138244983946,0.006011540130896417,0.0014585531861742798,148.65781193906383,1000,False,0.1,0.014496241614285168,0.16178862724753038,0.06845739741129697
0.8,0.135,0.003,1000,20260959,0.2338867085590438,0.28664196667989916,0.5648635404245891,0.6662533572151259,0.7018855606365254,2.035348595517919,0.00010923308236710172,0.07588084246459849,0.3453020198372155,1.0578445291547727,0.3395897946121907,1.0358801099083321,1.0168209566826003,1.0212036306483232,0.0,0.949,0.949,4.389930609705253,exact,4,False,self_consistent_linear,-0.8816463795246617,0.018967180718597095,0.004294991374804332,148.44762402826993,1000,False,0.1,0.014496241614285168,0.16178862724753038,0.06845739741129697
0.8,0.15,0.0001,1000,20260960,0.007437890325800172,0.009193188742176913,0.018567252922622506,0.02173159442764034,0.02574608128769057,0.07107176266664182,0.0001617593843986621,-0.0005870825072142871,0.011276612955252672,0.036830684357551574,0.010861213425412056,0.03480801716641428,1.0382461437382955,1.058109233325963,0.0,0.941,0.94,4.7478728311764655,exact,4,False,self_consistent_linear,-0.9066248442080284,0.0006345232541467665,0.0001305189437524739,146.31422561711923,1000,False,0.1,0.014496241614285168,0.16178862724753038,0.06845739741129697
0.8,0.15,0.0003,1000,20260961,0.02238659016472041,0.02885747170514826,0.0548430334787945,0.06278079628385053,0.0686833966626374,0.2026948305387615,0.002110229217258913,-0.005352667853339146,0.033065286359163074,0.10356408981120235,0.03258364027623614,0.10442405149924275,1.014781837721128,0.9917647163111016,0.0,0.952,0.951,4.747872831176467,exact,4,False,self_consistent_linear,-0.8966232020652054,0.0018334714737895423,0.00039083525111291716,147.62958030929877,1000,False,0.1,0.014496241614285168,0.16178862724753038,0.06845739741129697
0.8,0.15,0.001,1000,20260962,0.07252341300444337,0.0904107701386338,0.1768523612417882,0.20806667784414104,0.22824392138682675,0.6701309577744883,-0.0017471427381593296,0.008825540008789734,0.10843710146094691,0.35075380516347643,0.10861213425412053,0.3480801716641427,0.9983884600521328,1.0076810853274156,0.0,0.953,0.954,4.7478728311764655,exact,4,False,self_consistent_linear,-0.8981011770704125,0.006072043028524447,0.0013018892789316582,146.69057782258008,1000,False,0.1,0.014496241614285168,0.16178862724753038,0.06845739741129697
0.8,0.15,0.003,1000,20260963,0.2307525894879356,0.2684667718106002,0.5334681332330764,0.6164034020312436,0.7152143538363936,1.9986706411965276,0.00025339498260485625,0.08043173062637032,0.330457610782632,1.0357373254119042,0.32583640276236164,1.044240514992428,1.014182602008532,0.9918570583515566,0.0,0.957,0.956,4.7478728311764655,exact,4,False,self_consistent_linear,-0.8958325030145772,0.018324325133458674,0.003922724703060438,147.61991964773122,1000,False,0.1,0.014496241614285168,0.16178862724753038,0.06845739741129697
0.8499999999999999,0.12,0.0001,1000,20260964,0.00962858538670978,0.011467129787679624,0.023545053514486554,0.028377795554603666,0.01648549235578195,0.04864304447561606,-2.5033897162588024e-05,-4.659609683837635e-05,0.014391311455574337,0.024890822591121308,0.015097052265551247,0.026577256637638182,0.9532530723506015,0.936545969754885,0.0,0.959,0.966,5.4966680798384475,exact,4,False,self_consistent_linear,-0.8291139919244009,0.0007119292655005907,0.00013294155385542254,162.48996224093167,1000,False,0.1,0.014496241614285168,0.16178862724753038,0.06845739741129697
0.8499999999999999,0.12,0.0003,1000,20260965,0.031142658895917996,0.0336329037941378,0.07410623485853585,0.08689241450664917,0.05158557842551703,0.15333734071745928,-0.002022278667532202,0.006141570078648877,0.04450594495647008,0.07804256238217562,0.045291156796653756,0.07973176991291457,0.9826630208694141,0.9788138714017769,0.0,0.954,0.957,5.4966680798384475,exact,4,False,self_consistent_linear,-0.8366316728401003,0.0022060921801394444,0.00040757280083165146,162.12335362752705,1000,False,0.1,0.014496241614285168,0.16178862724753038,0.06845739741129697
0.8499999999999999,0.12,0.001,1000,20260966,0.10084567724972651,0.11529772259960426,0.25247587447055897,0.3027784579829511,0.18124535990600918,0.5318657734296837,0.007896873666612014,-0.0013148052072903557,0.151032501452399,0.2702229921928299,0.15097052265551247,0.26577256637638186,1.000410535750929,1.016745241531609,0.0,0.945,0.945,5.496668079838448,exact,4,False,self_consistent_linear,-0.8392841094419837,0.007502970016766026,0.0013976475214443347,161.71580431618383,1000,False,0.1,0.014496241614285168,0.16178862724753038,0.06845739741129697
0.8499999999999999,0.12,0.003,1000,20260967,0.31079375216844657,0.3659231691398831,0.7323577987385512,0.9249093719540386,0.481937458548673,1.4851047216911548,0.036663659497586834,0.049889698767678244,0.4584233136792542,0.752922402530649,0.4529115679665372,0.7973176991291454,1.0121695847546208,0.9443191883900405,0.0,0.943,0.961,5.4966680798384475,exact,4,False,self_consistent_linear,-0.8004794600197205,0.02252109556952662,0.004341098398248084,163.83671458953506,1000,False,0.1,0.014496241614285168,0.16178862724753038,0.06845739741129697
0.8499999999999999,0.135,0.0001,1000,20260968,0.009068013157734919,0.012159037958760053,0.022728568206661283,0.028043334518664254,0.017666146531421234,0.05105447844473683,0.00040166071119328815,-0.0010808767552145718,0.013854070006168746,0.026672455396518652,0.01388705539786442,0.026281282019537153,0.9976247382363903,1.0148841056037794,0.0,0.939,0.951,5.561925078850097,exact,4,False,self_consistent_linear,-0.8655641242763993,0.0006957082840076421,0.00012570721891189672,159.89176893839212,1000,False,0.1,0.014496241614285168,0.16178862724753038,0.06845739741129697
0.8499999999999999,0.135,0.0003,1000,20260969,0.028339897438213565,0.03627600781839433,0.068013172397121,0.08374375795630351,0.05240569527159705,0.14931867224028655,0.0001154790567575561,-4.616984336590924e-05,0.04230002328641025,0.07800519230169761,0.041661166193593266,0.07884384605861143,1.0153345945681957,0.9893631044293505,0.0,0.946,0.954,5.561925078850099,exact,4,False,self_consistent_linear,-0.8616686722257137,0.0021129220089894404,0.00037452124298531926,160.78845487462428,1000,False,0.1,0.014496241614285168,0.16178862724753038,0.06845739741129697
0.8499999999999999,0.135,0.001,1000,20260970,0.09063535872303496,0.11053472097530431,0.2187050095467624,0.264010231459044,0.17065081904066998,0.48515294559216415,0.0038125338658031626,0.0042130584708572815,0.13476121213220704,0.25669106910249984,0.13887055397864417,0.26281282019537144,0.9704088323355496,0.9767068018663595,0.0,0.96,0.963,5.561925078850097,exact,4,False,self_consistent_linear,-0.8563454411719531,0.006751717011107308,0.0012503594397569762,160.25239810302836,1000,False,0.1,0.014496241614285168,0.16178862724753038,0.06845739741129697
0.8499999999999999,0.135,0.003,1000,20260971,0.2860467045068362,0.36134460487172604,0.6524149118901207,0.7880945134271156,0.5148430825090491,1.5221761220755372,0.021981709660138866,0.06750769233384245,0.4182148539791891,0.7743877718158482,0.41661166193593263,0.7884384605861146,1.003848168905802,0.9821790926335312,0.0,0.957,0.952,5.5619250788501,exact,4,False,self_consistent_linear,-0.832901675122207,0.0208343673623395,0.004065533945210391,161.18310612133286,1000,False,0.1,0.014496241614285168,0.16178862724753038,0.06845739741129697
0.8499999999999999,0.15,0.0001,1000,20260972,0.008952667795208053,0.010815696679837075,0.021066671107454065,0.024792708010536537,0.017780671520267743,0.05420377654484539,0.00018727911196842587,-0.00025503554382539094,0.012969160731806751,0.026523522417141402,0.012989002066951742,0.02594546963671799,0.9984724511519267,1.0222795265808313,0.0,0.957,0.937,5.762497963975852,exact,4,False,self_consistent_linear,-0.8874866738016142,0.0006580634210293781,0.00011384228043892197,158.30826077109387,1000,False,0.1,0.014496241614285168,0.16178862724753038,0.06845739741129697
0.8499999999999999,0.15,0.0003,1000,20260973,0.026475748837886497,0.03336176918094136,0.0656119295051978,0.07849802776838884,0.05291636066253047,0.15755447364058262,0.00025570675921752416,0.0016068203208341957,0.03969269028562247,0.07906886549103923,0.038967006200855234,0.077836408910154,1.01862303922007,1.0158339342493028,0.0,0.944,0.944,5.762497963975851,exact,4,False,self_consistent_linear,-0.8865640772139409,0.002006749458736181,0.00034191512244271095,158.86647615347417,1000,False,0.1,0.014496241614285168,0.16178862724753038,0.06845739741129697
0.8499999999999999,0.15,0.001,1000,20260974,0.09234983548995385,0.11436349913123545,0.2164288326644655,0.25411626812653504,0.1761624156970329,0.5022098096003532,-0.0027447154376627914,0.013471378844309321,0.13584879694222368,0.2581769353962679,0.12989002066951744,0.25945469636717994,1.0458755510391926,0.995075205849796,0.0,0.951,0.952,5.762497963975852,exact,4,False,self_consistent_linear,-0.888082534699525,0.006829210866056033,0.0011156975319022374,159.78351877643394,1000,False,0.1,0.014496241614285168,0.16178862724753038,0.06845739741129697
0.8499999999999999,0.15,0.003,1000,20260975,0.26088100054708885,0.3324420409518038,0.6348213288639951,0.7561797928484469,0.5318498509337827,1.445794822078713,0.026151189831485976,0.039429874662191375,0.39256385127691185,0.7633553815183625,0.3896700620085522,0.77836408910154,1.007426255056505,0.9807176258600239,0.0,0.954,0.955,5.762497963975852,exact,4,False,self_consistent_linear,-0.8503737378571667,0.01970147782081261,0.0037823024254064357,159.94425294172055,1000,False,0.1,0.014496241614285168,0.16178862724753038,0.06845739741129697
0.9,0.12,0.0001,1000,20260976,0.012851049576431574,0.014637233553863135,0.030471534267635127,0.036614892676275664,0.009513187831396847,0.024755658522752005,-0.00022046077094244957,-0.0004121327061423874,0.018663039509879947,0.013440732223826031,0.01910102801756827,0.013953722993396441,0.9770698986837001,0.9632362796786792,0.0,0.955,0.969,7.013454536613774,exact,4,False,self_consistent_linear,-0.37278726237169607,0.0008834471613708981,0.00012451398036166964,176.68260607384389,1000,False,0.1,0.014496241614285168,0.16178862724753038,0.06845739741129697
0.9,0.12,0.0003,1000,20260977,0.03860088293076154,0.04664618846124671,0.09499901116798971,0.10992386144216348,0.02857656002336964,0.08020154480836446,0.00010341988763280541,0.0034320373328924373,0.05791840540683438,0.04194951152486892,0.05730308405270479,0.041861168980189316,1.0107380146165195,1.0021103697491442,0.0,0.954,0.958,7.013454536613775,exact,4,False,self_consistent_linear,-0.37520940788883356,0.0027417792599375196,0.00038819238557666515,176.641473073684,1000,False,0.1,0.014496241614285168,0.16178862724753038,0.06845739741129697
0.9,0.12,0.001,1000,20260978,0.13366823631987926,0.16033755676880612,0.33454519181822157,0.3892153355068023,0.09767444695887167,0.2656147624835288,0.002020762891485759,0.02004286228549807,0.19741578190411013,0.13851187684858554,0.19101028017568264,0.1395372299339644,1.0335348533206485,0.9926517597786332,0.0,0.942,0.958,7.013454536613776,exact,4,False,self_consistent_linear,-0.365566250941899,0.00934366525297435,0.0012873169102457472,176.83324007082393,1000,False,0.1,0.014496241614285168,0.16178862724753038,0.06845739741129697
0.9,0.12,0.003,1000,20260979,0.37850421994419037,0.46791444763617396,0.9695457959558638,1.1495392209055166,0.31661969850789384,1.1018703038761475,0.06526930417575391,0.21114476510147603,0.5904159409667173,0.541485997867702,0.573030840527048,0.4186116898018933,1.030338856497984,1.293528133731666,0.002,0.945,0.892,7.013454536613775,exact,4,False,self_consistent_linear,-0.007116204574345278,0.027902482325441666,0.0054147175062802255,179.9177782888155,1000,False,0.1,0.014496241614285168,0.16178862724753038,0.06845739741129697
0.9,0.135,0.0001,1000,20260980,0.011644387666380505,0.013475112927863814,0.026543211344147388,0.031180013293364117,0.008788514742119613,0.025998219219532104,0.0006613820953015675,0.00016453386962450301,0.01631449650583442,0.013158915491004357,0.01701719198483901,0.013155244405286924,0.9587067314260403,1.0002790587239838,0.0,0.965,0.949,6.777034135457241,exact,4,False,self_consistent_linear,-0.3918051539046716,0.0007727716281866141,0.0001207918210735315,176.07835222166725,1000,False,0.1,0.014496241614285168,0.16178862724753038,0.06845739741129697
0.9,0.135,0.0003,1000,20260981,0.03514754389820206,0.04344202854602334,0.08826615956363607,0.10282601424858485,0.026344732230829115,0.07942210741828631,0.00045965181841582745,0.0021984679898813834,0.0528572132897387,0.03979081798920066,0.05105157595451703,0.03946573321586078,1.0353688853176708,1.008237140092186,0.0,0.939,0.944,6.7770341354572405,exact,4,False,self_consistent_linear,-0.42484649206349634,0.0025038122254559584,0.00035937315806979945,176.0468609099297,1000,False,0.1,0.014496241614285168,0.16178862724753038,0.06845739741129697
0.9,0.135,0.001,1000,20260982,0.10875360717093743,0.15426955403601597,0.2919764710247633,0.33454613772243336,0.09170440886083348,0.27192499244340884,0.006165865638730529,0.030786408084742985,0.17051907969810362,0.13438891320751187,0.1701719198483901,0.13155244405286928,1.0020400536705631,1.021561508606428,0.0,0.949,0.936,6.777034135457241,exact,4,False,self_consistent_linear,-0.3456508991768523,0.008072268860084681,0.0012589141012054029,176.61863352907696,1000,False,0.1,0.014496241614285168,0.16178862724753038,0.06845739741129697
0.9,0.135,0.003,1000,20260983,0.35483326763706924,0.4592153111549021,0.8740369942028416,1.0132385473543408,0.29883628233241116,0.9987964588310512,0.025552602546330513,0.17927316284438702,0.5221399991681823,0.4566426445921727,0.5105157595451704,0.3946573321586078,1.022769599969584,1.1570610942270643,0.0,0.945,0.888,6.7770341354572405,exact,4,False,self_consistent_linear,-0.19422347516722013,0.024692279042357997,0.004476480515577851,177.87155278201965,1000,False,0.1,0.014496241614285168,0.16178862724753038,0.06845739741129697
0.9,0.15,0.0001,1000,20260984,0.010202475451965152,0.012681102583324527,0.02588794914318294,0.029862076374720405,0.00835075953604797,0.024078064480839986,0.0004517362283223165,-0.0005150699492976696,0.015457317504513143,0.012164875321525477,0.015354525591218214,0.01234997796619612,1.0066945678447872,0.9850119048651504,0.0,0.952,0.952,6.692799456098432,exact,4,False,self_consistent_linear,-0.49633447696398963,0.0007330407650664426,0.00010524063328594372,175.17533814525845,1000,False,0.1,0.014496241614285168,0.16178862724753038,0.06845739741129697
0.9,0.15,0.0003,1000,20260985,0.030745671018785076,0.03653723139948578,0.077691881004452,0.08797975622046311,0.024652344059804265,0.07048443757371374,0.0014088457535599537,0.0005289794038339735,0.04553199127413695,0.036444192226563886,0.04606357677365464,0.037049933898588364,0.9884597433210672,0.9836506679422833,0.0,0.957,0.957,6.692799456098432,exact,4,False,self_consistent_linear,-0.4375913670283065,0.002157836128500179,0.000326779321250389,175.66168694745113,1000,False,0.1,0.014496241614285168,0.16178862724753038,0.06845739741129697
0.9,0.15,0.001,1000,20260986,0.10369754131377884,0.13018076166964535,0.2585140750830933,0.29991051803505464,0.07945416567058244,0.24072729721615233,0.004008016851315129,0.0171352420779276,0.15639826236015514,0.12162822166004708,0.15354525591218218,0.12349977966196121,1.018580883082475,0.984845657157957,0.0,0.95,0.95,6.692799456098434,exact,4,False,self_consistent_linear,-0.3948215971444576,0.007407168335173462,0.001115063101108706,176.19634077857583,1000,False,0.1,0.014496241614285168,0.16178862724753038,0.06845739741129697
0.9,0.15,0.003,1000,20260987,0.31157317274907703,0.39941256866821884,0.8043898138304251,0.9408609314631018,0.28203563333879245,0.8974378723547108,0.007146950048528209,0.19123293881062262,0.47794129707366534,0.42331165935052706,0.4606357677365464,0.3704993389858836,1.0375687919810355,1.142543629117394,0.0,0.941,0.897,6.6927994560984345,exact,4,False,self_consistent_linear,-0.2260930779571037,0.02260798296614532,0.004119679150486519,177.49027205794812,1000,False,0.1,0.014496241614285168,0.16178862724753038,0.06845739741129697
